tree
version=v4
num_class=1
num_tree_per_iteration=1
label_index=0
max_feature_idx=93
objective=regression
feature_names=Column_0 Column_1 Column_2 Column_3 Column_4 Column_5 Column_6 Column_7 Column_8 Column_9 Column_10 Column_11 Column_12 Column_13 Column_14 Column_15 Column_16 Column_17 Column_18 Column_19 Column_20 Column_21 Column_22 Column_23 Column_24 Column_25 Column_26 Column_27 Column_28 Column_29 Column_30 Column_31 Column_32 Column_33 Column_34 Column_35 Column_36 Column_37 Column_38 Column_39 Column_40 Column_41 Column_42 Column_43 Column_44 Column_45 Column_46 Column_47 Column_48 Column_49 Column_50 Column_51 Column_52 Column_53 Column_54 Column_55 Column_56 Column_57 Column_58 Column_59 Column_60 Column_61 Column_62 Column_63 Column_64 Column_65 Column_66 Column_67 Column_68 Column_69 Column_70 Column_71 Column_72 Column_73 Column_74 Column_75 Column_76 Column_77 Column_78 Column_79 Column_80 Column_81 Column_82 Column_83 Column_84 Column_85 Column_86 Column_87 Column_88 Column_89 Column_90 Column_91 Column_92 Column_93
feature_infos=[21.379060058805386:37.275862068965516] [36.43333333333333:98] [21.091523184506652:28] [74.448275862068968:995.4666666666667] [0:23] [0:6] [1:31] [1:12] [0:1] [0:1] [0:4] [-1:1] [-1:1] [-0.8660254037844386:1] [-1:1] [-0.97492791218182362:0.97492791218182362] [-0.90096886790241903:1] [0.86264113865415681:57.653065105883371] [0.86264113865415681:57.653065105883371] [0.86264113865415681:57.653065105883371] [0.86264113865415681:57.653065105883371] [0.86264113865415681:57.653065105883371] [0.86264113865415681:57.653065105883371] [0.86264113865415681:57.653065105883371] [0.86264113865415681:57.653065105883371] [21.379060058805386:37.275862068965516] [21.379060058805386:37.275862068965516] [21.379060058805386:37.275862068965516] [21.379060058805386:37.275862068965516] [21.379060058805386:37.275862068965516] [21.379060058805386:37.275862068965516] [21.379060058805386:37.275862068965516] [21.379060058805386:37.275862068965516] [36.43333333333333:98] [36.43333333333333:98] [36.43333333333333:98] [36.43333333333333:98] [36.43333333333333:98] [36.43333333333333:98] [36.43333333333333:98] [36.43333333333333:98] [21.091523184506652:28] [21.091523184506652:28] [21.091523184506652:28] [21.091523184506652:28] [21.091523184506652:28] [21.091523184506652:28] [21.091523184506652:28] [21.091523184506652:28] [74.448275862068968:995.4666666666667] [74.448275862068968:995.4666666666667] [74.448275862068968:995.4666666666667] [74.448275862068968:995.4666666666667] [74.448275862068968:995.4666666666667] [74.448275862068968:995.4666666666667] [74.448275862068968:995.4666666666667] [74.448275862068968:995.4666666666667] [1.3944628536403494:54.811368317369379] [0.013151620988325001:21.662934642891383] [0.86264113865415681:52.315789473684212] [1.5714285714285714:57.653065105883371] [1.7174603174603174:51.496070490934962] [0.16264171505449551:19.437242086301204] [0.86264113865415681:48.927304061434306] [2.1333333333333333:57.653065105883371] [2.1021209633278599:50.147338701571989] [0.32390865348086206:18.145627939604065] [0.86264113865415681:45.851851851851855] [3.2000000000000002:57.653065105883371] [2.4805145046524357:40.712792176693036] [0.8803988324151294:17.425221781532425] [0.86264113865415681:29.586206896551722] [5.2999999999999998:57.653065105883371] [4.171914340448823:37.176929236950784] [2.0238494001842824:16.252792767918283] [0.86264113865415681:28.620689655172413] [10.666666666666666:57.653065105883371] [6.8550147261969929:32.843191370069448] [3.2164864885424089:14.801143658847106] [0.86264113865415681:11.266666666666667] [19.37037037037037:57.653065105883371] [2.522922975706039:46.497032154238724] [1.1279880637366753:17.46197065139728] [3.6013723822427113:40.716500887149664] [1.8329056012600575:17.218430166856994] [5.0126481823476956:37.577846191880163] [2.4536670508036873:17.100392921978425] [-37.403512549728546:27.911701804158376] [-43.408866995073886:40.233333333333334] [-0.86481481481481481:5.0462600660874211] [-0.95593220338983054:7.0666666666666664] [3.7812356979405033:445.23957537555282] [12.010855555555555:25.760000000000002] [0:3]
tree_sizes=806 850 854 838 852 843 855 854 849 845 848 851 856 851 853 849 850 858 848 848 854 849 853 850 848 859 855 858 851 859 854 847 854 847 845 854 845 835 856 857 842 852 852 857 854 859 853 845 845 853 856 843 856 847 852 849 846 845 856 846 854 847 849 842 856 857 854 853 854 849 849 856 850 853 850 844 852 848 851 857 857 858 848 858 859 851 860 853 855 848 851 858 850 846 864 765 854 845 856 856 853 861 853 851 858 854 848 850 856 857 850 856 850 856 850 859 857 849 854 859 857 863 858 852 851 847 851 857 854 847 850 857 856 852 772 858 857 860 766 851 849 852 855 847 847 859 856 854 856 850 853 847 851 853 850 769 856 857 853 857 855 856 860 856 860 857 853 844 850 843 855 850 849 858 853 859 850 859 862 859 775 856 853 858 849 853 776 853 865 845 763 853 767 855 774 855 775 763 767 756 768 859 843 767 766 767 756 843 764 848 859 854 854 767 851 848 854 848 763 847 857 758 859 769 769 773 853 854 760 859 767 845 861 757 769 855 767 755 845 856 853 856 757 848 769 854 754 844 854 769 764 842 846 843 860 775 854 762 857 839 767 852 776 838 772 857 759 849 774 849 857 762 862 848 754 769 765 767 755 861 778 758 849 840 763 773 862 769 834 767 865 755 764 682 754 845 759 858 777 845

Tree=0
num_leaves=8
num_cat=0
split_feature=69 69 4 12 4 34 91
split_gain=128163 43033.8 15694.7 13677.8 13494.6 4175.4 3782.55
threshold=15.089528503770604 27.751171294764855 10.500000000000002 0.91597561503675351 9.5000000000000018 80.854111405835553 51.012567657938192
decision_type=2 2 2 2 2 2 2
left_child=3 2 -2 4 -1 -3 -5
right_child=1 5 -4 6 -6 -7 -8
leaf_value=14.418443977806596 14.494999681121483 14.669429280422241 14.553950279657988 14.520214943837926 14.459748413832457 14.596753599185076 14.460882342185435
leaf_weight=1266 827 247 995 329 2110 121 159
leaf_count=1266 827 247 995 329 2110 121 159
internal_value=14.486 14.5471 14.5272 14.4514 14.4443 14.6457 14.5009
internal_weight=6054 2190 1822 3864 3376 368 488
internal_count=6054 2190 1822 3864 3376 368 488
is_linear=0
shrinkage=1


Tree=1
num_leaves=8
num_cat=0
split_feature=69 73 11 11 69 23 38
split_gain=125615 43514.8 25414 19717 11614.2 5465.73 2094.81
threshold=15.089528503770604 28.230741731927079 0.37940952255126054 0.37940952255126054 10.398882123091896 33.483333333333341 83.627011494252898
decision_type=2 2 2 2 2 2 2
left_child=3 2 -2 4 -1 -3 -5
right_child=1 5 -4 6 -6 -7 -8
leaf_value=-0.038771347060846034 0.069384817752075861 0.19045802050630692 -0.0077308495937145226 -0.051796070252030209 0.0048657908968641238 0.110585758515559 -0.076160026175465745
leaf_weight=1223 1138 225 684 722 1216 143 703
leaf_count=1223 1138 225 684 722 1216 143 703
internal_value=1.55382e-07 0.0604979 0.0404402 -0.0342914 -0.0170187 0.159614 -0.0638385
internal_weight=6054 2190 1822 3864 2439 368 1425
internal_count=6054 2190 1822 3864 2439 368 1425
is_linear=0
shrinkage=0.01


Tree=2
num_leaves=8
num_cat=0
split_feature=69 69 11 11 69 11 38
split_gain=123118 41503.5 23007.1 19325 11383.2 4991.33 2064.96
threshold=15.089528503770604 27.751171294764855 0.37940952255126054 0.37940952255126054 10.398882123091896 0.37940952255126054 76.283333333333346
decision_type=2 2 2 2 2 2 2
left_child=3 2 -2 4 -1 -3 -5
right_child=1 5 -4 6 -6 -7 -8
leaf_value=-0.03838379215865316 0.067812406378769993 0.18451251017482606 -0.0055833683613777689 -0.045554012839514088 0.0048171523186212439 0.10702696267116382 -0.071476491308207671
leaf_weight=1223 1139 235 683 456 1216 133 969
leaf_count=1223 1139 235 683 456 1216 133 969
internal_value=3.18996e-07 0.0598938 0.0403048 -0.0339487 -0.0168485 0.156693 -0.0632005
internal_weight=6054 2190 1822 3864 2439 368 1425
internal_count=6054 2190 1822 3864 2439 368 1425
is_linear=0
shrinkage=0.01


Tree=3
num_leaves=8
num_cat=0
split_feature=69 85 4 12 4 23 57
split_gain=120671 41420 16000.8 13210 12647 4398.79 2759.1
threshold=15.089528503770604 26.483709764987939 10.500000000000002 0.91597561503675351 9.5000000000000018 33.914285714285718 8.7023839931885814
decision_type=2 2 2 2 2 2 2
left_child=3 2 -2 4 -1 -3 -5
right_child=1 5 -4 6 -6 -7 -8
leaf_value=-0.065622469965290572 0.005376367799926768 0.17221651655275047 0.065656375484608787 -0.015001811449423393 -0.025636010313647525 0.10203684086988479 0.033811385083515909
leaf_weight=1266 807 278 969 188 2110 136 300
leaf_count=1266 807 278 969 188 2110 136 300
internal_value=4.82856e-07 0.0592956 0.0382751 -0.0336094 -0.0406386 0.149314 0.0150092
internal_weight=6054 2190 1776 3864 3376 414 488
internal_count=6054 2190 1776 3864 3376 414 488
is_linear=0
shrinkage=0.01


Tree=4
num_leaves=8
num_cat=0
split_feature=69 69 11 11 63 11 38
split_gain=118272 39999.3 22734.1 18582.1 11131.7 5116.13 2012.62
threshold=15.089528503770604 27.288454241794451 0.37940952255126054 0.37940952255126054 6.610344827586208 0.37940952255126054 83.627011494252898
decision_type=2 2 2 2 2 2 2
left_child=3 2 -2 4 -1 -3 -5
right_child=1 5 -4 6 -6 -7 -8
leaf_value=-0.033011445018984439 0.066131385884387481 0.17833895543490796 -0.0073877697266814682 -0.050155051362127792 0.011134534972199839 0.10283520798003715 -0.074034067897296191
leaf_weight=1527 1129 245 670 722 912 146 703
leaf_count=1527 1129 245 670 722 912 146 703
internal_value=7.03907e-07 0.0587035 0.038756 -0.0332734 -0.0165051 0.150314 -0.0619576
internal_weight=6054 2190 1799 3864 2439 391 1425
internal_count=6054 2190 1799 3864 2439 391 1425
is_linear=0
shrinkage=0.01


Tree=5
num_leaves=8
num_cat=0
split_feature=69 73 4 12 4 63 0
split_gain=115920 40600.4 15212.3 12796.5 12137.2 3330.77 3329.83
threshold=15.089528503770604 28.230741731927079 10.500000000000002 0.91597561503675351 9.5000000000000018 6.3729885057471272 27.969444444444445
decision_type=2 2 2 2 2 2 2
left_child=3 2 -2 4 -1 -5 -3
right_child=1 6 -4 5 -6 -7 -8
leaf_value=-0.064334302683555375 0.0071098030738750359 0.11231284764397648 0.065134373171779003 -0.019835824176035927 -0.02516208173427709 0.034513273885869986 0.17626360171920849
leaf_weight=1266 829 130 993 176 2110 312 238
leaf_count=1266 829 130 993 176 2110 312 238
internal_value=8.56272e-07 0.0581172 0.038743 -0.0329409 -0.0398592 0.0149107 0.153857
internal_weight=6054 2190 1822 3864 3376 488 368
internal_count=6054 2190 1822 3864 3376 488 368
is_linear=0
shrinkage=0.01


Tree=6
num_leaves=8
num_cat=0
split_feature=75 81 11 81 11 11 43
split_gain=92102.2 28240.9 21538.5 16122.8 14400.5 12582.2 5523.26
threshold=5.7071428571428582 23.623203730921801 0.37940952255126054 13.509136853065884 0.60355339059327384 0.37940952255126054 22.168894830659543
decision_type=2 2 2 2 2 2 2
left_child=2 5 3 -1 -3 -2 -4
right_child=1 4 6 -5 -6 -7 -8
leaf_value=-0.020601140353469129 0.054431398036267481 0.14816370223241856 0.0091620505441900209 0.041144831454042359 0.04616453157176835 -0.013414161864981547 -0.060611199749009893
leaf_weight=2132 792 413 123 527 209 417 1441
leaf_count=2132 792 413 123 527 209 417 1441
internal_value=1.08451e-06 0.0592269 -0.0256818 -0.00835779 0.113956 0.0310343 -0.0551224
internal_weight=6054 1831 4223 2659 622 1209 1564
internal_count=6054 1831 4223 2659 622 1209 1564
is_linear=0
shrinkage=0.01


Tree=7
num_leaves=8
num_cat=0
split_feature=69 73 11 11 69 0 1
split_gain=111872 39218.1 22892.8 17522.2 10917.1 3233.49 1944.82
threshold=15.089528503770604 28.230741731927079 0.37940952255126054 0.37940952255126054 10.398882123091896 27.908333333333335 72.305172413793116
decision_type=2 2 2 2 2 2 2
left_child=3 2 -2 4 -1 -3 -5
right_child=1 5 -4 6 -6 -7 -8
leaf_value=-0.037166967634597287 0.065523719657501256 0.10976786614136938 -0.0076667656453463778 -0.038530036809731855 0.00514016863272881 0.17300478979653974 -0.066549126610876211
leaf_weight=1223 1138 128 684 323 1216 240 1102
leaf_count=1223 1138 128 684 323 1216 240 1102
internal_value=1.24333e-06 0.0570939 0.0380523 -0.0323602 -0.0160772 0.151189 -0.0602142
internal_weight=6054 2190 1822 3864 2439 368 1425
internal_count=6054 2190 1822 3864 2439 368 1425
is_linear=0
shrinkage=0.01


Tree=8
num_leaves=8
num_cat=0
split_feature=71 11 73 83 11 0 71
split_gain=105804 25718 22039.5 19452.2 12394.5 3849.8 3787.29
threshold=8.5080459770114967 0.37940952255126054 28.230741731927079 11.293776487295366 0.25881904510252091 27.969444444444445 5.3557471264367829
decision_type=2 2 2 2 2 2 2
left_child=1 3 4 -1 -2 -4 -3
right_child=2 6 5 -5 -6 -7 -8
leaf_value=-0.028608385359573617 0.083512415464111631 -0.062320569602816532 0.098077979453139841 0.022811311099001138 0.01287264415656778 0.17044330608353439 -0.029324442032367327
leaf_weight=1576 598 1250 112 1379 425 230 484
leaf_count=1576 598 1250 112 1379 425 230 484
internal_value=1.39816e-06 -0.0225553 0.0774676 -0.00461256 0.0541866 0.146924 -0.053122
internal_weight=6054 4689 1365 2955 1023 342 1734
internal_count=6054 4689 1365 2955 1023 342 1734
is_linear=0
shrinkage=0.01


Tree=9
num_leaves=8
num_cat=0
split_feature=69 73 35 69 69 27 53
split_gain=107856 37702 12654.3 10652.7 3075.56 2981.56 1638.19
threshold=15.089528503770604 28.230741731927079 78.194117647058832 10.442456124088496 34.389436234263826 28.208834375501045 148.37298850574714
decision_type=2 2 2 2 2 2 2
left_child=3 2 -2 6 -3 -5 -1
right_child=1 4 -4 5 -6 -7 -8
leaf_value=-0.021091573563672729 0.057623640988614729 0.13271634596761231 0.0030707561697147327 -0.026559841380607546 0.2041970319208109 -0.0012803648799387965 -0.050948848608898312
leaf_weight=206 1146 289 676 989 79 883 1786
leaf_count=206 1146 289 676 989 79 883 1786
internal_value=1.60604e-06 0.05606 0.0373901 -0.0317736 0.148319 -0.0146396 -0.0478675
internal_weight=6054 2190 1822 3864 368 1872 1992
internal_count=6054 2190 1822 3864 368 1872 1992
is_linear=0
shrinkage=0.01


Tree=10
num_leaves=8
num_cat=0
split_feature=69 69 4 69 4 35 4
split_gain=105712 36062 13052.7 10440.7 6369.32 4956.55 3995.07
threshold=15.089528503770604 28.302128227839706 10.500000000000002 10.442456124088496 10.500000000000002 80.360833333333332 1.0000000180025095e-35
decision_type=2 2 2 2 2 2 2
left_child=3 2 -2 6 -5 -3 -1
right_child=1 5 -4 4 -6 -7 -8
leaf_value=0.022636657536694197 0.0085390336111936145 0.17793217971806083 0.061999652194625762 -0.034929869646444726 0.002149513254287601 0.098318938325660174 -0.050248164430237309
leaf_weight=78 831 220 1014 840 1032 125 1914
leaf_count=78 831 220 1014 840 1032 125 1914
internal_value=1.83497e-06 0.0555003 0.0379297 -0.031456 -0.0144933 0.149272 -0.047389
internal_weight=6054 2190 1845 3864 1872 345 1992
internal_count=6054 2190 1845 3864 1872 345 1992
is_linear=0
shrinkage=0.01


Tree=11
num_leaves=8
num_cat=0
split_feature=69 73 35 12 69 23 63
split_gain=103611 36378.4 12260.9 12191.8 8423.52 5136.53 3165.24
threshold=15.089528503770604 28.230741731927079 78.194117647058832 0.91597561503675351 10.398882123091896 33.483333333333341 6.3729885057471272
decision_type=2 2 2 2 2 2 2
left_child=3 2 -2 4 -1 -3 -5
right_child=1 5 -4 6 -6 -7 -8
leaf_value=-0.053282828055611388 0.056523493884476549 0.17544443683706207 0.0028253225805258539 -0.018308843283536751 -0.021670721828848331 0.098116402495363644 0.034673654098176958
leaf_weight=1732 1146 225 676 176 1644 143 312
leaf_count=1732 1146 225 676 176 1644 143 312
internal_value=2.05552e-06 0.0549461 0.0366069 -0.0311415 -0.0378944 0.145571 0.015565
internal_weight=6054 2190 1822 3864 3376 368 488
internal_count=6054 2190 1822 3864 3376 368 488
is_linear=0
shrinkage=0.01


Tree=12
num_leaves=8
num_cat=0
split_feature=69 85 11 11 63 11 1
split_gain=101551 35219.3 20919.7 16529.3 10233.1 3736.94 1901.64
threshold=15.089528503770604 26.483709764987939 0.37940952255126054 0.37940952255126054 6.610344827586208 0.60355339059327384 72.305172413793116
decision_type=2 2 2 2 2 2 2
left_child=3 2 -2 4 -1 -3 -5
right_child=1 5 -4 6 -6 -7 -8
leaf_value=-0.030841564523408558 0.061557562760823775 0.15633669455527258 -0.0093434630719193348 -0.036447453176196798 0.011485000075076338 0.088882579061959663 -0.064146621759218966
leaf_weight=1527 1111 297 665 323 912 117 1102
leaf_count=1527 1111 297 665 323 912 117 1102
internal_value=2.26231e-06 0.0543974 0.0350142 -0.0308302 -0.0150153 0.137405 -0.0578835
internal_weight=6054 2190 1776 3864 2439 414 1425
internal_count=6054 2190 1776 3864 2439 414 1425
is_linear=0
shrinkage=0.01


Tree=13
num_leaves=8
num_cat=0
split_feature=69 85 4 69 4 23 4
split_gain=99531.9 34520.3 13367.3 9978.51 6140.81 4202.48 3835.33
threshold=15.089528503770604 26.483709764987939 10.500000000000002 10.442456124088496 10.500000000000002 33.914285714285718 1.0000000180025095e-35
decision_type=2 2 2 2 2 2 2
left_child=3 2 -2 6 -5 -3 -1
right_child=1 5 -4 4 -6 -7 -8
leaf_value=0.022511584884493022 0.0045944523508794207 0.15839433368451933 0.059690938606715122 -0.034005786404942187 0.002402262966257247 0.089910145169758537 -0.048899781602171399
leaf_weight=78 807 278 969 840 1032 136 1914
leaf_count=78 807 278 969 840 1032 136 1914
internal_value=2.38543e-06 0.0538541 0.0346642 -0.0305221 -0.0139391 0.136034 -0.0460984
internal_weight=6054 2190 1776 3864 1872 414 1992
internal_count=6054 2190 1776 3864 1872 414 1992
is_linear=0
shrinkage=0.01


Tree=14
num_leaves=8
num_cat=0
split_feature=69 73 11 11 63 0 92
split_gain=97553 34393.3 20677.9 16063.8 9973.97 2991.95 1835.38
threshold=15.089528503770604 28.230741731927079 0.37940952255126054 0.37940952255126054 6.1017241379310354 27.908333333333335 22.484333333333336
decision_type=2 2 2 2 2 2 2
left_child=3 2 -2 4 -1 -3 -5
right_child=1 5 -4 6 -6 -7 -8
leaf_value=-0.03233656339642714 0.061593147427583136 0.10163136758937968 -0.0079661977794565613 -0.044119374870445399 0.0084559328639519423 0.16240448704120275 -0.067055610642710275
leaf_weight=1380 1138 128 684 633 1059 240 792
leaf_count=1380 1138 128 684 633 1059 240 792
internal_value=2.5742e-06 0.0533163 0.0354845 -0.0302169 -0.0146264 0.141434 -0.0568865
internal_weight=6054 2190 1822 3864 2439 368 1425
internal_count=6054 2190 1822 3864 2439 368 1425
is_linear=0
shrinkage=0.01


Tree=15
num_leaves=8
num_cat=0
split_feature=83 73 73 4 35 4 0
split_gain=83579.1 27659.3 14461.9 13293.6 8069.5 5484.09 2932.34
threshold=21.564858036319134 12.415593410718087 28.230741731927079 10.500000000000002 82.847701149425305 1.0000000180025095e-35 27.908333333333335
decision_type=2 2 2 2 2 2 2
left_child=1 5 4 -3 -2 -1 -4
right_child=2 3 6 -5 -6 -7 -8
leaf_value=0.031580386889532276 0.081253510080355404 -0.016945304347768017 0.10061900963729922 0.029887602883067736 -0.013065699807252272 -0.039445880426506576 0.16078381865747318
leaf_weight=113 336 1071 128 1395 124 2647 240
leaf_count=113 336 1071 128 1395 124 2647 240
internal_value=2.69871e-06 -0.0147894 0.0933177 0.00954825 0.0558407 -0.0365325 0.140023
internal_weight=6054 5226 828 2466 460 2760 368
internal_count=6054 5226 828 2466 460 2760 368
is_linear=0
shrinkage=0.01


Tree=16
num_leaves=8
num_cat=0
split_feature=69 85 12 92 69 23 63
split_gain=94128.9 32492.4 11587.2 9903.71 7847.03 4110.01 3001.89
threshold=15.089528503770604 26.483709764987939 0.91597561503675351 20.214774078478005 10.398882123091896 33.914285714285718 6.3729885057471272
decision_type=2 2 2 2 2 2 2
left_child=2 3 4 -2 -1 -3 -4
right_child=1 5 6 -5 -6 -7 -8
leaf_value=-0.051117243307804178 0.056912455012719444 0.15420945859083796 -0.01713761935334009 0.0096738699170976147 -0.020606237527176705 0.086509064571106395 0.034460473518633843
leaf_weight=1732 905 278 176 871 1644 136 312
leaf_count=1732 905 278 176 871 1644 136 312
internal_value=2.94883e-06 0.0523727 -0.0296815 0.0337549 -0.0362648 0.132102 0.0158518
internal_weight=6054 2190 3864 1776 3376 414 488
internal_count=6054 2190 3864 1776 3376 414 488
is_linear=0
shrinkage=0.01


Tree=17
num_leaves=8
num_cat=0
split_feature=69 11 69 69 11 11 43
split_gain=92296.7 24288.6 23157.7 20345.5 6769.85 5028.27 2777.77
threshold=17.884580360505396 0.37940952255126054 28.302128227839706 11.720379416773097 0.60355339059327384 0.37940952255126054 22.893588362068972
decision_type=2 2 2 2 2 2 2
left_child=1 3 4 -1 -2 -4 -3
right_child=2 6 5 -5 -6 -7 -8
leaf_value=-0.027430845678936576 0.061503536055948188 -0.015356593759514439 0.16957686453080342 0.026561533310623817 0.0070798224931237427 0.090028996468510883 -0.056648035356576303
leaf_weight=1644 834 183 216 1212 315 129 1521
leaf_count=1644 834 183 216 1212 315 129 1521
internal_value=3.12887e-06 -0.0223468 0.0682048 -0.0045173 0.0465932 0.140008 -0.0522197
internal_weight=6054 4560 1494 2856 1149 345 1704
internal_count=6054 4560 1494 2856 1149 345 1704
is_linear=0
shrinkage=0.01


Tree=18
num_leaves=8
num_cat=0
split_feature=69 69 4 12 4 35 91
split_gain=90658.5 31208.7 11716.4 11263.6 10141.4 4086.89 3437.39
threshold=15.089528503770604 27.288454241794451 10.500000000000002 0.91597561503675351 9.5000000000000018 80.203448275862087 51.012567657938192
decision_type=2 2 2 2 2 2 2
left_child=3 2 -2 4 -1 -3 -5
right_child=1 5 -4 6 -6 -7 -8
leaf_value=-0.057991834514443105 0.0056669021073932581 0.15587054771568343 0.056943353841046804 0.034198361809115313 -0.022185310339559224 0.08724415862340329 -0.022364201019783755
leaf_weight=1266 813 256 986 329 2110 135 159
leaf_count=1266 813 256 986 329 2110 135 159
internal_value=3.30939e-06 0.0513985 0.0337789 -0.0291287 -0.0356195 0.132319 0.0157641
internal_weight=6054 2190 1799 3864 3376 391 488
internal_count=6054 2190 1799 3864 3376 391 488
is_linear=0
shrinkage=0.01


Tree=19
num_leaves=8
num_cat=0
split_feature=69 11 69 73 11 45 69
split_gain=88995.3 24902.4 22258.5 19159 6834.89 4416.7 2902.18
threshold=18.840763678371442 0.37940952255126054 11.720379416773097 28.230741731927079 0.25881904510252091 22.081717770720331 34.389436234263826
decision_type=2 2 2 2 2 2 2
left_child=1 2 -1 4 -2 -3 -5
right_child=3 5 -4 6 -6 -7 -8
leaf_value=-0.026994351028809521 0.072107147922413725 0.0059002534449937643 0.027726678849343132 0.11984644218162345 0.016294021116396197 -0.053988353136397625 0.18913560893700559
leaf_weight=1644 540 133 1356 289 370 1643 79
leaf_count=1644 540 133 1356 289 370 1643 79
internal_value=3.47332e-06 -0.019831 -0.00225978 0.0741057 0.0494359 -0.0495028 0.134959
internal_weight=6054 4776 3000 1278 910 1776 368
internal_count=6054 4776 3000 1278 910 1776 368
is_linear=0
shrinkage=0.01


Tree=20
num_leaves=8
num_cat=0
split_feature=69 73 11 11 69 69 33
split_gain=87361.5 30630.4 19030.4 14637 8991.02 2845.24 1673.24
threshold=15.089528503770604 28.230741731927079 0.37940952255126054 0.37940952255126054 10.398882123091896 34.389436234263826 76.667948717948732
decision_type=2 2 2 2 2 2 2
left_child=3 2 -2 4 -1 -3 -5
right_child=1 5 -4 6 -6 -7 -8
leaf_value=-0.032850872617849754 0.058674609901968405 0.1186500482673858 -0.0080558772895415777 -0.034971410147176155 0.0055429008197363976 0.18725614640097948 -0.060243777071554011
leaf_weight=1223 1138 289 684 350 1216 79 1075
leaf_count=1223 1138 289 684 350 1216 79 1075
internal_value=3.7299e-06 0.0504558 0.0336276 -0.0285937 -0.0137117 0.133613 -0.0540513
internal_weight=6054 2190 1822 3864 2439 368 1425
internal_count=6054 2190 1822 3864 2439 368 1425
is_linear=0
shrinkage=0.01


Tree=21
num_leaves=8
num_cat=0
split_feature=69 69 73 41 35 23 63
split_gain=85740.6 19954 18342.8 8431.75 4963.22 4789.38 2599.93
threshold=18.840763678371442 11.720379416773097 28.230741731927079 22.893588362068972 80.576436781609218 33.483333333333341 4.2500000000000009
decision_type=2 2 2 2 2 2 2
left_child=1 6 4 -3 -2 -4 -1
right_child=2 3 5 -5 -6 -7 -8
leaf_value=-0.052458344117019363 0.063919681265811198 0.046995810522342654 0.16110524606334661 -0.0059291270374246174 0.012985712261066411 0.086522570101641619 -0.031155468347602997
leaf_weight=859 636 360 225 1824 274 143 1733
leaf_count=859 636 360 225 1824 274 143 1733
internal_value=3.88524e-06 -0.0194645 0.0727385 0.00280329 0.0485996 0.132281 -0.0382243
internal_weight=6054 4776 1278 2184 910 368 2592
internal_count=6054 4776 1278 2184 910 368 2592
is_linear=0
shrinkage=0.01


Tree=22
num_leaves=8
num_cat=0
split_feature=69 73 11 11 63 23 38
split_gain=84080.9 29394.1 18565.7 14360.8 9223.2 4694.12 1801.39
threshold=15.089528503770604 28.230741731927079 0.37940952255126054 0.37940952255126054 6.610344827586208 33.483333333333341 76.283333333333346
decision_type=2 2 2 2 2 2 2
left_child=3 2 -2 4 -1 -3 -5
right_child=1 5 -4 6 -6 -7 -8
leaf_value=-0.028335484756865887 0.057753974883546569 0.15949776449964737 -0.008156597552746208 -0.036802281150743285 0.011847884266178495 0.085660357888359656 -0.060992279233550245
leaf_weight=1527 1138 225 684 456 912 143 969
leaf_count=1527 1138 225 684 456 912 143 969
internal_value=4.07994e-06 0.0494998 0.0330147 -0.0280512 -0.0133104 0.130962 -0.0532675
internal_weight=6054 2190 1822 3864 2439 368 1425
internal_count=6054 2190 1822 3864 2439 368 1425
is_linear=0
shrinkage=0.01


Tree=23
num_leaves=8
num_cat=0
split_feature=69 69 69 4 12 35 35
split_gain=82605.1 19261.8 17668.1 12342 5813.06 4509.74 3957.65
threshold=18.840763678371442 11.720379416773097 28.302128227839706 10.500000000000002 0.91597561503675351 80.360833333333332 82.847701149425305
decision_type=2 2 2 2 2 2 2
left_child=1 4 6 -3 -1 -4 -2
right_child=2 3 5 -5 -6 -7 -8
leaf_value=-0.042994095261711711 0.059936317335372163 -0.022568640526764838 0.15981789713057259 0.025062401706042788 0.0035412909730608241 0.083989748181574855 0.010839499579712015
leaf_weight=2288 720 1022 220 1162 304 125 213
leaf_count=2288 720 1022 220 1162 304 125 213
internal_value=4.18741e-06 -0.0191049 0.0713965 0.00277322 -0.0375364 0.132507 0.0487401
internal_weight=6054 4776 1278 2184 2592 345 933
internal_count=6054 4776 1278 2184 2592 345 933
is_linear=0
shrinkage=0.01


Tree=24
num_leaves=8
num_cat=0
split_feature=83 85 85 41 34 12 23
split_gain=70927.4 21457.6 10995.5 9225.12 6197.63 5987.84 3902.43
threshold=21.564858036319134 12.19681569313663 26.483709764987939 23.037925898829435 83.135632183908072 0.91597561503675351 33.914285714285718
decision_type=2 2 2 2 2 2 2
left_child=1 5 4 -3 -2 -1 -4
right_child=2 3 6 -5 -6 -7 -8
leaf_value=-0.039759244794390511 0.071240516987153946 0.041795053645142743 0.14392397970024035 -0.0034357073072058897 -0.019052336653814977 0.0063711589338666351 0.078021335694379426
leaf_weight=2271 314 577 278 2057 100 321 136
leaf_count=2271 314 577 278 2057 100 321 136
internal_value=4.37727e-06 -0.0136222 0.085967 0.00647834 0.0494328 -0.034046 0.122396
internal_weight=6054 5226 828 2634 414 2592 414
internal_count=6054 5226 828 2634 414 2592 414
is_linear=0
shrinkage=0.01


Tree=25
num_leaves=8
num_cat=0
split_feature=69 69 11 11 69 11 92
split_gain=79690.5 27435.4 16458.1 13924.3 8389.62 4684.63 1689.05
threshold=15.089528503770604 28.302128227839706 0.37940952255126054 0.37940952255126054 10.398882123091896 0.37940952255126054 22.484333333333336
decision_type=2 2 2 2 2 2 2
left_child=3 2 -2 4 -1 -3 -5
right_child=1 5 -4 6 -6 -7 -8
leaf_value=-0.031281507223588766 0.055861867879783873 0.15850903830565424 -0.0059095535995039071 -0.039896436913756335 0.0058058614721617444 0.081782366365079254 -0.061890921291278829
leaf_weight=1223 1158 216 687 633 1216 129 792
leaf_count=1223 1158 216 687 633 1216 129 792
internal_value=4.5648e-06 0.0481907 0.0328652 -0.0273085 -0.0127934 0.129981 -0.0521385
internal_weight=6054 2190 1845 3864 2439 345 1425
internal_count=6054 2190 1845 3864 2439 345 1425
is_linear=0
shrinkage=0.01


Tree=26
num_leaves=8
num_cat=0
split_feature=69 11 69 73 11 23 45
split_gain=78267.1 22800.6 19759.6 16637.8 6177.15 4505.56 4146.66
threshold=18.840763678371442 0.37940952255126054 11.720379416773097 28.230741731927079 0.25881904510252091 33.483333333333341 22.081717770720331
decision_type=2 2 2 2 2 2 2
left_child=1 2 -1 4 -2 -5 -3
right_child=3 6 -4 5 -6 -7 -8
leaf_value=-0.025087495082436035 0.068059949497951605 0.0066914243283668498 0.026470392799079746 0.15415674089909656 0.015001189356712517 0.081838513331130833 -0.051334257288999145
leaf_weight=1644 540 133 1356 225 370 143 1643
leaf_count=1644 540 133 1356 225 370 143 1643
internal_value=4.65283e-06 -0.0185959 -0.00178264 0.0694971 0.0465072 0.126205 -0.0469879
internal_weight=6054 4776 3000 1278 910 368 1776
internal_count=6054 4776 3000 1278 910 368 1776
is_linear=0
shrinkage=0.01


Tree=27
num_leaves=8
num_cat=0
split_feature=69 69 11 11 69 11 52
split_gain=76790.4 26404.4 15817.2 13437.7 8051.3 4571.91 1580.05
threshold=15.089528503770604 28.302128227839706 0.37940952255126054 0.60355339059327384 10.398882123091896 0.37940952255126054 378.20096527574657
decision_type=2 2 2 2 2 2 2
left_child=3 2 -2 4 -1 -3 -5
right_child=1 5 -4 6 -6 -7 -8
leaf_value=-0.031948043103303382 0.054815698691935748 0.15572552209693344 -0.0057410671509842979 -0.069264064973551739 0.0022142796069587636 0.079936539490825895 -0.045157325571656977
leaf_weight=1390 1158 216 687 508 1369 129 597
leaf_count=1390 1158 216 687 508 1369 129 597
internal_value=4.83666e-06 0.047306 0.0322712 -0.0268066 -0.0149994 0.127545 -0.0562666
internal_weight=6054 2190 1845 3864 2759 345 1105
internal_count=6054 2190 1845 3864 2759 345 1105
is_linear=0
shrinkage=0.01


Tree=28
num_leaves=8
num_cat=0
split_feature=69 69 69 4 12 35 88
split_gain=75413.5 17565.4 15945.1 11362.9 5519.86 4263.28 3911.25
threshold=18.840763678371442 11.720379416773097 28.302128227839706 10.500000000000002 0.91597561503675351 80.360833333333332 -2.0128151260504201
decision_type=2 2 2 2 2 2 2
left_child=1 4 6 -3 -1 -4 -2
right_child=2 3 5 -5 -6 -7 -8
leaf_value=-0.041172887396005733 0.020106531789646602 -0.021676782255348335 0.15282125147616241 0.024025903884608259 0.0041726661191187333 0.079121803009415057 0.062480208877133674
leaf_weight=2288 348 1022 220 1162 304 125 585
leaf_count=2288 348 1022 220 1162 304 125 585
internal_value=4.90351e-06 -0.0182534 0.0682187 0.0026391 -0.0358546 0.126273 0.046695
internal_weight=6054 4776 1278 2184 2592 345 933
internal_count=6054 4776 1278 2184 2592 345 933
is_linear=0
shrinkage=0.01


Tree=29
num_leaves=8
num_cat=0
split_feature=69 69 11 11 63 11 51
split_gain=73951.7 25358.2 15822.5 13067.2 7781.06 3915.26 1471.26
threshold=15.089528503770604 27.288454241794451 0.60355339059327384 0.60355339059327384 6.1017241379310354 0.60355339059327384 404.39655172413796
decision_type=2 2 2 2 2 2 2
left_child=3 2 -2 4 -1 -3 -5
right_child=1 5 -4 6 -6 -7 -8
leaf_value=-0.029821139586265439 0.049471217584731511 0.13982634292766585 -0.015895495006573512 -0.067697279488619255 0.0039373827878838108 0.069864600998498658 -0.044457930131897659
leaf_weight=1520 1278 276 521 517 1239 115 588
leaf_count=1520 1278 276 521 517 1239 115 588
internal_value=5.08803e-06 0.0464238 0.0305412 -0.0263061 -0.0146629 0.119366 -0.0553572
internal_weight=6054 2190 1799 3864 2759 391 1105
internal_count=6054 2190 1799 3864 2759 391 1105
is_linear=0
shrinkage=0.01


Tree=30
num_leaves=8
num_cat=0
split_feature=71 11 69 69 11 11 69
split_gain=72769.3 19083.6 16327 16104.3 7636.34 4344.09 3167.93
threshold=8.5080459770114967 0.37940952255126054 28.302128227839706 11.720379416773097 0.37940952255126054 0.37940952255126054 13.47918582375479
decision_type=2 2 2 2 2 2 2
left_child=1 3 4 -1 -2 -4 -3
right_child=2 6 5 -5 -6 -7 -8
leaf_value=-0.024089517921268233 0.06524804840543913 -0.053673413553218072 0.15129299382469671 0.022891548751662737 0.008728469978173314 0.076873149891615866 -0.023850834665033883
leaf_weight=1644 642 1231 216 1311 381 126 503
leaf_count=1644 642 1231 216 1311 381 126 503
internal_value=5.12329e-06 -0.0187016 0.0642495 -0.00324563 0.0442133 0.124029 -0.0450321
internal_weight=6054 4689 1365 2955 1023 342 1734
internal_count=6054 4689 1365 2955 1023 342 1734
is_linear=0
shrinkage=0.01


Tree=31
num_leaves=8
num_cat=0
split_feature=69 11 69 73 71 23 44
split_gain=71373.9 21017.3 17985 15250.6 6219.69 4369.65 4285.22
threshold=18.840763678371442 0.37940952255126054 11.720379416773097 28.230741731927079 15.285882442358039 33.483333333333341 22.238704223374825
decision_type=2 2 2 2 2 2 2
left_child=1 2 -1 4 -2 -5 -3
right_child=3 6 -4 5 -6 -7 -8
leaf_value=-0.023848695819680975 0.035807385049479869 0.0051985215793851867 0.025339539415694955 0.14817719059138498 0.12455694119044713 0.076993754282645654 -0.049818450812785679
leaf_weight=1644 823 155 1356 225 87 143 1621
leaf_count=1644 823 155 1356 225 87 143 1621
internal_value=5.25745e-06 -0.0177573 -0.00161493 0.066367 0.0443565 0.12066 -0.0450165
internal_weight=6054 4776 3000 1278 910 368 1776
internal_count=6054 4776 3000 1278 910 368 1776
is_linear=0
shrinkage=0.01


Tree=32
num_leaves=8
num_cat=0
split_feature=71 11 85 63 11 23 92
split_gain=70087.1 18386.8 13316.3 13081.5 8609.15 3544.23 2528.3
threshold=8.5080459770114967 0.60355339059327384 26.483709764987939 6.610344827586208 0.25881904510252091 32.363333333333337 18.357912881490289
decision_type=2 2 2 2 2 2 2
left_child=1 3 4 -1 -2 -4 -3
right_child=2 6 5 -5 -6 -7 -8
leaf_value=-0.023457622476921333 0.068247543314650536 -0.0028786456699981247 0.13670922949742176 0.016355589429892754 0.0080754133047460028 0.073426894716016156 -0.053560211308417614
leaf_weight=1858 578 107 239 1484 404 144 1240
leaf_count=1858 578 107 239 1484 404 144 1240
internal_value=5.4901e-06 -0.0183532 0.0630547 -0.00577879 0.0435096 0.113044 -0.0495372
internal_weight=6054 4689 1365 3342 982 383 1347
internal_count=6054 4689 1365 3342 982 383 1347
is_linear=0
shrinkage=0.01


Tree=33
num_leaves=8
num_cat=0
split_feature=69 69 12 4 4 35 91
split_gain=68937 23401.2 9804.45 9174.13 7918.92 3571.11 3211.27
threshold=15.089528503770604 27.288454241794451 0.91597561503675351 10.500000000000002 9.5000000000000018 80.203448275862087 51.012567657938192
decision_type=2 2 2 2 2 2 2
left_child=2 3 4 -2 -1 -3 -4
right_child=1 5 6 -5 -6 -7 -8
leaf_value=-0.051223193272965907 0.0046896729121515875 0.13688883443313268 0.034301928088249854 0.050063112743104467 -0.019582399442257991 0.072831081757686239 -0.020370142770785148
leaf_weight=1266 813 256 329 986 2110 135 159
leaf_count=1266 813 256 329 986 2110 135 159
internal_value=5.62003e-06 0.0448228 -0.0253978 0.0295653 -0.0314537 0.114894 0.0164851
internal_weight=6054 2190 3864 1799 3376 391 488
internal_count=6054 2190 3864 1799 3376 391 488
is_linear=0
shrinkage=0.01


Tree=34
num_leaves=8
num_cat=0
split_feature=69 69 69 2 12 35 35
split_gain=67607.8 15987 14120.8 8059.11 7822.37 3974.05 3482.25
threshold=18.840763678371442 13.47918582375479 28.302128227839706 22.893588362068972 0.91597561503675351 80.360833333333332 82.847701149425305
decision_type=2 2 2 2 2 2 2
left_child=1 4 6 -3 -1 -4 -2
right_child=2 3 5 -5 -6 -7 -8
leaf_value=-0.034877023785147648 0.05483954317786225 0.059222685728416789 0.14485114005201258 -0.00087431333379007993 0.011531515077169898 0.073723891029319921 0.00878986555519372
leaf_weight=2946 720 277 220 1139 414 125 213
leaf_count=2946 720 277 220 1139 414 125 213
internal_value=5.73615e-06 -0.0172819 0.0645929 0.0108984 -0.0291578 0.119226 0.0443375
internal_weight=6054 4776 1278 1416 3360 345 933
internal_count=6054 4776 1278 1416 3360 345 933
is_linear=0
shrinkage=0.01


Tree=35
num_leaves=8
num_cat=0
split_feature=71 11 63 85 11 23 92
split_gain=66289.1 17673.7 12604.7 12507.1 8299.66 3470.51 2443.94
threshold=8.5080459770114967 0.60355339059327384 6.610344827586208 26.483709764987939 0.25881904510252091 32.363333333333337 18.755161111111118
decision_type=2 2 2 2 2 2 2
left_child=1 2 -1 4 -2 -5 -3
right_child=3 6 -4 5 -6 -7 -8
leaf_value=-0.022873927051724158 0.066670129972497966 -0.0045162963212303855 0.016206936062926079 0.13318259319631939 0.0075899507351431476 0.070582393021938306 -0.052555065453013194
leaf_weight=1858 578 116 1484 239 404 144 1231
leaf_count=1858 578 116 1484 239 404 144 1231
internal_value=5.94329e-06 -0.0178484 -0.00552027 0.0613231 0.042381 0.10977 -0.0484217
internal_weight=6054 4689 3342 1365 982 383 1347
internal_count=6054 4689 3342 1365 982 383 1347
is_linear=0
shrinkage=0.01


Tree=36
num_leaves=8
num_cat=0
split_feature=71 85 71 12 35 4 35
split_gain=64971.8 12259 11536.8 9544.97 5402.44 4420.12 2989.29
threshold=8.5080459770114967 26.483709764987939 5.7287356321839091 0.91597561503675351 81.271264367816102 11.500000000000002 80.203448275862087
decision_type=2 2 2 2 2 2 2
left_child=2 4 3 -1 -2 -4 -3
right_child=1 6 5 -5 -6 -7 -8
leaf_value=-0.032379836276228126 0.055031919320204042 0.12922257031180814 -0.009502024617322323 0.017267603645980831 -9.6939290712170741e-05 0.030777035124095783 0.070151752138004883
leaf_weight=3159 749 249 539 441 233 550 134
leaf_count=3159 749 249 539 441 233 550 134
internal_value=6.06161e-06 0.0607109 -0.01767 -0.0262963 0.0419575 0.0108453 0.108675
internal_weight=6054 1365 4689 3600 982 1089 383
internal_count=6054 1365 4689 3600 982 1089 383
is_linear=0
shrinkage=0.01


Tree=37
num_leaves=8
num_cat=0
split_feature=85 11 63 45 11 5 53
split_gain=53925.9 24114.6 25076 7431.89 5314.1 5869.75 2004.05
threshold=23.813452993879341 0.37940952255126054 6.610344827586208 22.271264367816094 0.60355339059327384 4.5000000000000009 494.03390804597706
decision_type=2 2 2 2 2 2 2
left_child=1 2 -1 -3 5 -2 -6
right_child=4 3 -4 -5 6 -7 -8
leaf_value=-0.020988557296904523 0.14177209209063865 0.01725121999494322 0.03260464381444008 -0.043428172764388241 0.017515982146471574 0.050295577658890443 0.08759230806683535
leaf_weight=1690 268 227 1805 1803 91 96 74
leaf_count=1690 268 227 1805 1803 91 96 74
internal_value=6.21695e-06 -0.00923193 0.00669032 -0.03664 0.0964101 0.11775 0.0491169
internal_weight=6054 5525 3495 2030 529 364 165
internal_count=6054 5525 3495 2030 529 364 165
is_linear=0
shrinkage=0.01


Tree=38
num_leaves=8
num_cat=0
split_feature=69 69 11 11 69 11 52
split_gain=63438.2 21176.5 13674.7 11320.3 7103.66 3975.09 1457.62
threshold=15.089528503770604 28.302128227839706 0.60355339059327384 0.60355339059327384 10.398882123091896 0.37940952255126054 378.20096527574657
decision_type=2 2 2 2 2 2 2
left_child=3 2 -2 4 -1 -3 -5
right_child=1 5 -4 6 -6 -7 -8
leaf_value=-0.029445831827002222 0.046950282281136645 0.14112452673086118 -0.013001379573578407 -0.06388126659996976 0.0026429199240692865 0.070496356250869266 -0.04073828700086312
leaf_weight=1390 1309 216 536 508 1369 129 597
leaf_count=1390 1309 216 536 508 1369 129 597
internal_value=6.39059e-06 0.042999 0.0295344 -0.0243628 -0.0135258 0.114857 -0.0514023
internal_weight=6054 2190 1845 3864 2759 345 1105
internal_count=6054 2190 1845 3864 2759 345 1105
is_linear=0
shrinkage=0.01


Tree=39
num_leaves=8
num_cat=0
split_feature=69 73 11 11 69 23 53
split_gain=62177.1 21586.6 14776.4 11095.2 6962.35 4090.12 1352.43
threshold=15.089528503770604 28.230741731927079 0.37940952255126054 0.60355339059327384 10.398882123091896 33.483333333333341 274.71666666666675
decision_type=2 2 2 2 2 2 2
left_child=3 2 -2 4 -1 -3 -5
right_child=1 5 -4 6 -6 -7 -8
leaf_value=-0.029151479472625558 0.050513234095311721 0.13899250052244858 -0.0082871489598061367 -0.063133194447849081 0.0026165003682201179 0.070164873445335174 -0.04079856543692955
leaf_weight=1390 1138 225 684 498 1369 143 607
leaf_count=1390 1138 225 684 498 1369 143 607
internal_value=6.42016e-06 0.0425696 0.0284424 -0.0241194 -0.0133906 0.11238 -0.0508888
internal_weight=6054 2190 1822 3864 2759 368 1105
internal_count=6054 2190 1822 3864 2759 368 1105
is_linear=0
shrinkage=0.01


Tree=40
num_leaves=8
num_cat=0
split_feature=69 69 73 92 71 23 71
split_gain=60974.8 14666.5 12890.4 8308.6 5831.23 4008.78 2852.66
threshold=18.840763678371442 11.720379416773097 28.230741731927079 17.948816884661124 15.285882442358039 33.483333333333341 3.76264367816092
decision_type=2 2 2 2 2 2 2
left_child=1 6 4 -3 -2 -4 -1
right_child=2 3 5 -5 -6 -7 -8
leaf_value=-0.040688536272914223 0.032831126488409329 0.047443579110970337 0.1376056575298045 -0.0058154319010293599 0.11875874488830566 0.069465668384388141 -0.01904610669838298
leaf_weight=1610 823 348 225 1836 87 143 982
leaf_count=1610 823 348 225 1836 87 143 982
internal_value=6.4549e-06 -0.0164112 0.0613435 0.00267958 0.0411074 0.111259 -0.0324946
internal_weight=6054 4776 1278 2184 910 368 2592
internal_count=6054 4776 1278 2184 910 368 2592
is_linear=0
shrinkage=0.01


Tree=41
num_leaves=8
num_cat=0
split_feature=69 73 2 69 75 71 53
split_gain=59857.1 20711.6 7702.9 6860.22 2514.79 2514.31 1372.48
threshold=15.089528503770604 28.230741731927079 23.037925898829435 10.442456124088496 6.0678160919540236 6.1240740740740742 148.37298850574714
decision_type=2 2 2 2 2 2 2
left_child=3 2 -2 6 -3 -5 -1
right_child=1 4 -4 5 -6 -7 -8
leaf_value=-0.012099226898274702 0.056302747534336409 0.17792557749797389 0.013025803482271373 -0.016967472072077338 0.099719376329780091 0.0091191154889227327 -0.039398917361332809
leaf_weight=206 627 48 1195 1366 320 506 1786
leaf_count=206 627 48 1195 1366 320 506 1786
internal_value=6.67238e-06 0.0417682 0.0279302 -0.0236647 0.110149 -0.00991547 -0.0365798
internal_weight=6054 2190 1822 3864 368 1872 1992
internal_count=6054 2190 1822 3864 368 1872 1992
is_linear=0
shrinkage=0.01


Tree=42
num_leaves=8
num_cat=0
split_feature=69 69 73 2 88 69 23
split_gain=58716.1 14092.1 12348.1 7441.91 4320.86 3934.71 3931.54
threshold=18.840763678371442 13.47918582375479 28.230741731927079 22.893588362068972 -2.0128151260504201 10.398882123091896 33.483333333333341
decision_type=2 2 2 2 2 2 2
left_child=1 5 4 -3 -2 -1 -4
right_child=2 3 6 -5 -6 -7 -8
leaf_value=-0.036354455894652207 0.010919880497963854 0.056790626129011319 0.13514056251397946 -0.00095923533842797977 0.056506340868891343 -0.014378637921620543 0.067670714809296442
leaf_weight=1968 322 277 225 1139 588 1392 143
leaf_count=1968 322 277 225 1139 588 1392 143
internal_value=6.84414e-06 -0.0161039 0.0601972 0.0103536 0.0403912 -0.0272538 0.109051
internal_weight=6054 4776 1278 1416 910 3360 368
internal_count=6054 4776 1278 1416 910 3360 368
is_linear=0
shrinkage=0.01


Tree=43
num_leaves=8
num_cat=0
split_feature=69 11 69 69 11 11 44
split_gain=57549.3 18394.6 15302.1 11883.8 3951.47 3857.31 3788.93
threshold=18.840763678371442 0.37940952255126054 11.720379416773097 28.302128227839706 0.60355339059327384 0.37940952255126054 22.238704223374825
decision_type=2 2 2 2 2 2 2
left_child=1 2 -1 4 -2 -5 -3
right_child=3 6 -4 5 -6 -7 -8
leaf_value=-0.021349881528091936 0.053763748308947465 0.0057705607133650997 0.024021432665297181 0.13558296756783617 0.0077934807881296598 0.066042964551727285 -0.045959878732257861
leaf_weight=1644 674 155 1356 216 259 129 1621
leaf_count=1644 674 155 1356 216 259 129 1621
internal_value=7.00387e-06 -0.0159428 -0.000841295 0.0595963 0.041014 0.109716 -0.0414445
internal_weight=6054 4776 3000 1278 933 345 1776
internal_count=6054 4776 3000 1278 933 345 1776
is_linear=0
shrinkage=0.01


Tree=44
num_leaves=8
num_cat=0
split_feature=71 11 85 85 11 23 44
split_gain=56537.7 15975.2 10906.6 10236.1 7571.04 3213.04 2677.24
threshold=8.5080459770114967 0.37940952255126054 10.283948664837489 26.483709764987939 0.25881904510252091 32.363333333333337 22.190062111801247
decision_type=2 2 2 2 2 2 2
left_child=1 2 -1 4 -2 -5 -3
right_child=3 6 -4 5 -6 -7 -8
leaf_value=-0.02694272171611789 0.062695968774520022 0.0037988672608715809 0.012656792053126972 0.12297995749483029 0.0062700989524521883 0.062795633121757774 -0.044049919524203139
leaf_weight=1119 578 126 1836 239 404 144 1608
leaf_count=1119 578 126 1836 239 404 144 1608
internal_value=7.12273e-06 -0.0164818 -0.00234061 0.056635 0.0394976 0.100465 -0.0405726
internal_weight=6054 4689 2955 1365 982 383 1734
internal_count=6054 4689 2955 1365 982 383 1734
is_linear=0
shrinkage=0.01


Tree=45
num_leaves=8
num_cat=0
split_feature=69 69 11 11 63 11 52
split_gain=55670.5 18611.6 12695.3 10491.9 6590.02 3772.76 1359.07
threshold=15.089528503770604 28.302128227839706 0.60355339059327384 0.60355339059327384 4.6781609195402307 0.37940952255126054 378.20096527574657
decision_type=2 2 2 2 2 2 2
left_child=3 2 -2 4 -1 -3 -5
right_child=1 5 -4 6 -6 -7 -8
leaf_value=-0.033303447062890304 0.044439592550319852 0.13322836551517592 -0.013324742279101411 -0.060901061923879549 -0.00096966383709049084 0.064463066670195024 -0.038557133704346748
leaf_weight=974 1309 216 536 508 1785 129 597
leaf_count=974 1309 216 536 508 1785 129 597
internal_value=7.21928e-06 0.0402818 0.0276589 -0.0228214 -0.0123885 0.107648 -0.0488526
internal_weight=6054 2190 1845 3864 2759 345 1105
internal_count=6054 2190 1845 3864 2759 345 1105
is_linear=0
shrinkage=0.01


Tree=46
num_leaves=8
num_cat=0
split_feature=71 11 63 11 81 71 44
split_gain=54500.8 15408.4 11781.3 9862.38 8491.2 5041.86 2613.83
threshold=8.5080459770114967 0.37940952255126054 6.610344827586208 0.37940952255126054 23.451449335133066 14.61440210081445 22.190062111801247
decision_type=2 2 2 2 2 2 2
left_child=1 2 -1 4 -2 -5 -3
right_child=3 6 -4 5 -6 -7 -8
leaf_value=-0.019566666747984102 0.049687497845796208 0.0040003561118301077 0.020780289696695646 0.0013912174954467458 0.11360865776506246 0.072313411514108833 -0.043277471898189632
leaf_weight=1690 502 126 1265 370 356 137 1608
leaf_count=1690 502 126 1265 370 356 137 1608
internal_value=7.22311e-06 -0.016182 -0.00229386 0.0556056 0.0762609 0.0206089 -0.0398416
internal_weight=6054 4689 2955 1365 858 507 1734
internal_count=6054 4689 2955 1365 858 507 1734
is_linear=0
shrinkage=0.01


Tree=47
num_leaves=8
num_cat=0
split_feature=71 71 85 12 88 77 0
split_gain=53417.6 9855.15 9658.45 8848.65 5134.29 3936.18 2715.19
threshold=8.5080459770114967 5.7287356321839091 26.483709764987939 0.91597561503675351 -2.0128151260504201 29.055222980594369 27.969444444444445
decision_type=2 2 2 2 2 2 2
left_child=1 3 4 -1 -2 -3 -4
right_child=2 5 6 -5 -6 -7 -8
leaf_value=-0.029850528670234359 0.006966210734750118 0.007051232914444293 0.060105999729642472 0.017950825689700124 0.055033491944065059 0.12049621648637075 0.11674577241512916
leaf_weight=3159 340 1058 130 441 642 31 253
leaf_count=3159 340 1058 130 441 642 31 253
internal_value=7.31764e-06 -0.0160202 0.0550505 -0.023993 0.0384036 0.0103349 0.0976255
internal_weight=6054 4689 1365 3600 982 1089 383
internal_count=6054 4689 1365 3600 982 1089 383
is_linear=0
shrinkage=0.01


Tree=48
num_leaves=8
num_cat=0
split_feature=75 73 12 92 36 63 79
split_gain=43452.1 18116.8 10471.9 9605.07 8084.49 3558.88 2645.29
threshold=5.7071428571428582 28.230741731927079 0.91597561503675351 19.00393333333334 73.443201476184996 11.579162390539175 9.0666666666666682
decision_type=2 2 2 2 2 2 2
left_child=2 4 3 -1 -2 -4 -3
right_child=1 6 5 -5 -6 -7 -8
leaf_value=0.012061534252612484 0.047832755169570043 0.11459991034972325 0.010469824444351381 -0.030818785284931514 0.00081088533351019278 0.073614710636794825 0.038933537889171289
leaf_weight=629 749 313 406 3074 714 114 55
leaf_count=629 749 313 406 3074 714 114 55
internal_value=7.54138e-06 0.0406876 -0.0176331 -0.0235343 0.0248927 0.0243715 0.103361
internal_weight=6054 1831 4223 3703 1463 520 368
internal_count=6054 1831 4223 3703 1463 520 368
is_linear=0
shrinkage=0.01


Tree=49
num_leaves=8
num_cat=0
split_feature=71 11 85 11 59 71 44
split_gain=51548.3 14984 10188.6 9599.59 8508.82 3909.3 2279.74
threshold=8.5080459770114967 0.60355339059327384 10.938244793786657 0.60355339059327384 21.994169710846005 14.098788399296827 22.190062111801247
decision_type=2 2 2 2 2 2 2
left_child=1 2 -1 4 -2 -5 -3
right_child=3 6 -4 5 -6 -7 -8
leaf_value=-0.024484814950051514 0.048276613932342775 0.0030551639715875522 0.010778076656223344 -0.0083097893964032728 0.10969172096030066 0.060182071391508669 -0.047490257350127373
leaf_weight=1437 613 96 1905 275 358 119 1251
leaf_count=1437 613 96 1905 275 358 119 1251
internal_value=7.69097e-06 -0.0157369 -0.00438558 0.0540792 0.0709652 0.0124256 -0.0438877
internal_weight=6054 4689 3342 1365 971 394 1347
internal_count=6054 4689 3342 1365 971 394 1347
is_linear=0
shrinkage=0.01


Tree=50
num_leaves=8
num_cat=0
split_feature=69 73 11 11 63 23 38
split_gain=51336.3 17818.8 13245.6 9660.31 6053.75 3702.23 1244.16
threshold=14.932031388152078 28.230741731927079 0.37940952255126054 0.60355339059327384 4.6781609195402307 33.483333333333341 85.542528735632189
decision_type=2 2 2 2 2 2 2
left_child=3 2 -2 4 -1 -3 -5
right_child=1 5 -4 6 -6 -7 -8
leaf_value=-0.032365771238576591 0.046097506829577667 0.12689846597301324 -0.0088702534915519587 -0.037739242555797345 -0.001186970407932599 0.061464069004673584 -0.059295168954274009
leaf_weight=963 1169 225 701 603 1761 143 489
leaf_count=963 1169 225 701 603 1761 143 489
internal_value=7.74008e-06 0.0380276 0.0254948 -0.022292 -0.0122135 0.101591 -0.0474152
internal_weight=6054 2238 1870 3816 2724 368 1092
internal_count=6054 2238 1870 3816 2724 368 1092
is_linear=0
shrinkage=0.01


Tree=51
num_leaves=8
num_cat=0
split_feature=85 11 63 46 11 5 13
split_gain=41771.6 20177.2 20768.3 6575.55 4504.07 5280.81 1518.4
threshold=23.813452993879341 0.37940952255126054 6.610344827586208 22.754310344827591 0.60355339059327384 4.5000000000000009 0.68301270189221941
decision_type=2 2 2 2 2 2 2
left_child=1 2 -1 -3 5 -2 -6
right_child=4 3 -4 -5 6 -7 -8
leaf_value=-0.018748068914183146 0.1272755151955442 0.010437153420009211 0.030025114964097491 -0.040613459009424036 0.0050186278063015354 0.040572584399287563 0.066631723328737125
leaf_weight=1690 268 295 1805 1735 68 96 97
leaf_count=1690 268 295 1805 1735 68 96 97
internal_value=7.7388e-06 -0.00812293 0.00644149 -0.0331938 0.0848548 0.104497 0.0413346
internal_weight=6054 5525 3495 2030 529 364 165
internal_count=6054 5525 3495 2030 529 364 165
is_linear=0
shrinkage=0.01


Tree=52
num_leaves=8
num_cat=0
split_feature=71 11 11 83 17 71 45
split_gain=48960.6 14160.8 9122.88 9119.43 8800.12 3711.65 2043.95
threshold=8.5080459770114967 0.60355339059327384 0.60355339059327384 11.293776487295366 22.169540229885062 14.098788399296827 22.168894830659543
decision_type=2 2 2 2 2 2 2
left_child=1 3 4 -1 -2 -4 -3
right_child=2 6 5 -5 -6 -7 -8
leaf_value=-0.019988322787658757 0.040716812876081213 0.0035852484078609582 -0.0081058327963477693 0.013088399554676089 0.10108321553690186 0.058632132077815646 -0.045978394989899619
leaf_weight=1757 514 89 275 1585 457 119 1258
leaf_count=1757 514 89 275 1585 457 119 1258
internal_value=7.84607e-06 -0.0153364 0.0527047 -0.00430137 0.0691661 0.0120986 -0.0427031
internal_weight=6054 4689 1365 3342 971 394 1347
internal_count=6054 4689 1365 3342 971 394 1347
is_linear=0
shrinkage=0.01


Tree=53
num_leaves=8
num_cat=0
split_feature=69 73 12 43 4 23 91
split_gain=48907.7 17272.4 8169.09 8082.62 5653.02 3593.21 2759.53
threshold=14.69103300913646 28.230741731927079 0.91597561503675351 23.037925898829435 9.5000000000000018 33.483333333333341 51.012567657938192
decision_type=2 2 2 2 2 2 2
left_child=2 3 4 -2 -1 -3 -4
right_child=1 5 6 -5 -6 -7 -8
leaf_value=-0.0448380486784151 0.053052774367405187 0.12389097258303222 0.033429746705270193 0.0098088163007051653 -0.017703483719385793 0.05943703375294649 -0.017779200750494759
leaf_weight=1233 649 225 317 1293 2037 143 157
leaf_count=1233 649 225 317 1293 2037 143 157
internal_value=7.8865e-06 0.0361885 -0.0223168 0.0242708 -0.0279404 0.098961 0.0164662
internal_weight=6054 2310 3744 1942 3270 368 474
internal_count=6054 2310 3744 1942 3270 368 474
is_linear=0
shrinkage=0.01


Tree=54
num_leaves=8
num_cat=0
split_feature=71 12 4 85 90 59 35
split_gain=47152.4 9032.47 9783.37 8408.46 4822.93 3353.75 2551.81
threshold=8.5080459770114967 0.91597561503675351 8.5000000000000018 26.483709764987939 -0.073653658593302959 12.864367816091956 80.203448275862087
decision_type=2 2 2 2 2 2 2
left_child=1 2 -1 4 -2 -3 -5
right_child=3 5 -4 6 -6 -7 -8
leaf_value=-0.042405254794709954 0.0077322968156785165 0.0085034919918919663 -0.0095096849557354361 0.11041185646640037 0.05344799440120783 0.065098134517182007 0.055924701659500489
leaf_weight=1342 371 440 2770 249 611 137 134
leaf_count=1342 371 440 2770 249 611 137 134
internal_value=7.97298e-06 -0.0150503 -0.0202495 0.0517225 0.0361898 0.0219866 0.0914475
internal_weight=6054 4689 4112 1365 982 577 383
internal_count=6054 4689 4112 1365 982 577 383
is_linear=0
shrinkage=0.01


Tree=55
num_leaves=8
num_cat=0
split_feature=69 73 12 42 4 69 63
split_gain=47282.3 16606.9 7873.17 7840.1 5424.71 2297.66 2089.18
threshold=14.69103300913646 28.230741731927079 0.91597561503675351 23.037925898829435 9.5000000000000018 34.389436234263826 6.3729885057471272
decision_type=2 2 2 2 2 2 2
left_child=2 3 4 -2 -1 -3 -4
right_child=1 5 6 -5 -6 -7 -8
leaf_value=-0.044016217451652843 0.052243425330994582 0.083788253760991527 -0.011288648582294456 0.0096531840940619878 -0.017435185471401306 0.14511436888031992 0.032174003703734265
leaf_weight=1233 649 289 175 1293 2037 79 299
leaf_count=1233 649 289 175 1293 2037 79 299
internal_value=8.10171e-06 0.0355825 -0.0219425 0.0238965 -0.0274633 0.0971338 0.0161316
internal_weight=6054 2310 3744 1942 3270 368 474
internal_count=6054 2310 3744 1942 3270 368 474
is_linear=0
shrinkage=0.01


Tree=56
num_leaves=8
num_cat=0
split_feature=85 11 85 46 7 11 23
split_gain=38149.2 18746.9 18020.5 6112.9 4318.42 4171.76 1772.72
threshold=23.813452993879341 0.37940952255126054 12.19681569313663 22.754310344827591 3.5000000000000004 0.37940952255126054 21.350000000000005
decision_type=2 2 2 2 2 2 2
left_child=1 2 -1 -3 6 -6 -2
right_child=4 3 -4 -5 5 -7 -8
leaf_value=-0.017013308493695339 0.064861413339289214 0.010140033742081998 0.028409084716592519 -0.039081747726799433 0.12157867584196773 0.055804388134167403 -0.012451650900936322
leaf_weight=1703 61 295 1792 1735 253 158 57
leaf_count=1703 61 295 1792 1735 253 158 57
internal_value=8.22809e-06 -0.0077619 0.00627682 -0.0319278 0.0810929 0.0963929 0.0276161
internal_weight=6054 5525 3495 2030 529 411 118
internal_count=6054 5525 3495 2030 529 411 118
is_linear=0
shrinkage=0.01


Tree=57
num_leaves=8
num_cat=0
split_feature=69 69 4 4 4 5 91
split_gain=45679.2 15543.7 6561.5 6335.29 5922.92 2724.17 1593.79
threshold=14.69103300913646 28.302128227839706 10.500000000000002 1.0000000180025095e-35 9.5000000000000018 4.5000000000000009 49.475910504181634
decision_type=2 2 2 2 2 2 2
left_child=3 2 -2 6 -5 -3 -1
right_child=1 5 -4 4 -6 -7 -8
leaf_value=0.062099539244313579 0.0037745593332798306 0.10798612259465021 0.04052517415908561 -0.040438706449691469 -0.014061812531652876 0.025740580925188567 -0.0052798619122732251
leaf_weight=107 879 298 1086 1392 2193 47 52
leaf_count=107 879 298 1086 1392 2193 47 52
internal_value=8.32192e-06 0.0349744 0.024091 -0.021567 -0.0243079 0.0968366 0.0401129
internal_weight=6054 2310 1965 3744 3585 345 159
internal_count=6054 2310 1965 3744 3585 345 159
is_linear=0
shrinkage=0.01


Tree=58
num_leaves=8
num_cat=0
split_feature=69 73 11 11 63 79 38
split_gain=44780.7 15314.6 12092 8346.34 5681.48 2535.15 1186.14
threshold=14.932031388152078 28.230741731927079 0.37940952255126054 0.60355339059327384 4.6781609195402307 9.0666666666666682 85.542528735632189
decision_type=2 2 2 2 2 2 2
left_child=3 2 -2 4 -1 -3 -5
right_child=1 5 -4 6 -6 -7 -8
leaf_value=-0.030973631677061918 0.043583988491587525 0.10544323357634032 -0.0089352910114918246 -0.034728218862465902 -0.00076880326540202217 0.031463782733088135 -0.055767012633531239
leaf_weight=963 1169 313 701 603 1761 55 489
leaf_count=963 1169 313 701 603 1761 55 489
internal_value=8.38843e-06 0.0355178 0.0238989 -0.0208189 -0.0114509 0.0944456 -0.0441711
internal_weight=6054 2238 1870 3816 2724 368 1092
internal_count=6054 2238 1870 3816 2724 368 1092
is_linear=0
shrinkage=0.01


Tree=59
num_leaves=8
num_cat=0
split_feature=73 11 81 42 73 23 79
split_gain=34803.8 16989.7 16835.4 6143.81 5292.96 3478.79 2872.87
threshold=22.086307697036712 0.37940952255126054 14.595386300661755 23.067816091954025 28.230741731927079 33.483333333333341 2.1522988505747129
decision_type=2 2 2 2 2 2 2
left_child=1 2 -1 -3 6 -6 -2
right_child=4 3 -4 -5 5 -7 -8
leaf_value=-0.0078381013599220142 0.1017441702360237 0.0074314107815645356 0.043285678136172408 -0.039371245057616279 0.11802507359124802 0.054639004961175373 0.021950150905378881
leaf_weight=2518 55 337 865 1667 225 143 244
leaf_count=2518 55 337 865 1667 225 143 244
internal_value=8.34269e-06 -0.00843053 0.00523807 -0.0315006 0.0681205 0.093503 0.036775
internal_weight=6054 5387 3383 2004 667 368 299
internal_count=6054 5387 3383 2004 667 368 299
is_linear=0
shrinkage=0.01


Tree=60
num_leaves=8
num_cat=0
split_feature=71 11 11 73 91 71 44
split_gain=42603.2 12413.1 8468.09 8102.84 7603.46 3310.88 2048.01
threshold=8.5080459770114967 0.60355339059327384 0.60355339059327384 11.042085727969349 26.617349673091066 14.098788399296827 22.190062111801247
decision_type=2 2 2 2 2 2 2
left_child=1 3 4 -1 -2 -4 -3
right_child=2 6 5 -5 -6 -7 -8
leaf_value=-0.02090494058717807 0.085279225697957137 0.0045579531639042296 -0.0090344416807437763 0.01034219475488668 0.026324073448082536 0.05399624449351343 -0.043341799861782979
leaf_weight=1531 637 96 275 1811 334 119 1251
leaf_count=1531 637 96 275 1811 334 119 1251
internal_value=8.50949e-06 -0.0143049 0.0491651 -0.00397323 0.0650246 0.0100458 -0.0399272
internal_weight=6054 4689 1365 3342 971 394 1347
internal_count=6054 4689 1365 3342 971 394 1347
is_linear=0
shrinkage=0.01


Tree=61
num_leaves=8
num_cat=0
split_feature=71 71 71 4 66 34 35
split_gain=41756.2 8438.4 7407.07 6008.33 5160.5 3347.72 1759.34
threshold=8.5080459770114967 5.7287356321839091 19.333333333333339 1.0000000180025095e-35 7.0893969864802866 64.450000000000017 79.783333333333346
decision_type=2 2 2 2 2 2 2
left_child=1 3 4 -1 -2 -3 -4
right_child=2 5 6 -5 -6 -7 -8
leaf_value=0.041199080245461282 0.020532359715494244 0.040877213031220043 0.11686868778188178 -0.024197208999287789 0.06493927689530439 0.00019987688678086067 0.061423271830616112
leaf_weight=146 687 268 164 3454 423 821 91
leaf_count=146 687 268 164 3454 423 821 91
internal_value=8.51382e-06 -0.0141619 0.048674 -0.0215395 0.0374771 0.0102251 0.0972432
internal_weight=6054 4689 1365 3600 1110 1089 255
internal_count=6054 4689 1365 3600 1110 1089 255
is_linear=0
shrinkage=0.01


Tree=62
num_leaves=8
num_cat=0
split_feature=69 69 12 43 69 35 63
split_gain=41891.9 14225.8 7379.64 5762.81 3951.28 3171.08 1984.07
threshold=14.69103300913646 28.302128227839706 0.91597561503675351 23.037925898829435 10.398882123091896 80.360833333333332 6.3729885057471272
decision_type=2 2 2 2 2 2 2
left_child=2 3 4 -2 -1 -3 -4
right_child=1 5 6 -5 -6 -7 -8
leaf_value=-0.036355600018897143 0.047429122833741059 0.11553672125029996 -0.010514229892283422 0.011033523936028172 -0.014325147568355054 0.05213593313157322 0.031841660144830586
leaf_weight=1732 650 220 175 1315 1538 125 299
leaf_count=1732 650 220 175 1315 1538 125 299
internal_value=8.6985e-06 0.0334939 -0.0206528 0.023082 -0.0259978 0.0926756 0.0162083
internal_weight=6054 2310 3744 1965 3270 345 474
internal_count=6054 2310 3744 1965 3270 345 474
is_linear=0
shrinkage=0.01


Tree=63
num_leaves=8
num_cat=0
split_feature=71 12 92 71 66 91 35
split_gain=40198 8194.07 9031.79 7159.14 5014.8 4112.8 1695.63
threshold=8.5080459770114967 0.91597561503675351 18.950955555555559 19.333333333333339 7.0893969864802866 51.012567657938192 79.783333333333346
decision_type=2 2 2 2 2 2 2
left_child=1 2 -1 4 -2 -3 -5
right_child=3 5 -4 6 -6 -7 -8
leaf_value=0.012601292771544955 0.020046134468375283 0.038622492399062118 -0.025829028743131182 0.11477404421658502 0.063821380176459386 -0.019885629163183753 0.060340860918897107
leaf_weight=747 687 407 3365 164 423 170 91
leaf_count=747 687 407 3365 164 423 170 91
internal_value=8.77479e-06 -0.0138948 -0.0188468 0.0477577 0.0367497 0.0213812 0.0955069
internal_weight=6054 4689 4112 1365 1110 577 255
internal_count=6054 4689 4112 1365 1110 577 255
is_linear=0
shrinkage=0.01


Tree=64
num_leaves=8
num_cat=0
split_feature=69 69 11 11 69 79 38
split_gain=40470.4 13687.6 10068.4 7666.15 4924.77 3354.19 1159.93
threshold=14.69103300913646 28.302128227839706 0.60355339059327384 0.60355339059327384 10.106728927203067 8.8666666666666689 85.542528735632189
decision_type=2 2 2 2 2 2 2
left_child=3 2 -2 4 -1 -3 -5
right_child=1 5 -4 6 -6 -7 -8
leaf_value=-0.025321732358175888 0.037066507943869426 0.10224709920368101 -0.012959182024925976 -0.033397556132170915 0.0018724824124426241 0.0047895111890486723 -0.054340513281447123
leaf_weight=1282 1401 305 564 594 1385 40 483
leaf_count=1282 1401 305 564 594 1385 40 483
internal_value=8.90808e-06 0.0329211 0.0227081 -0.020299 -0.0112016 0.0909724 -0.0428111
internal_weight=6054 2310 1965 3744 2667 345 1077
internal_count=6054 2310 1965 3744 2667 345 1077
is_linear=0
shrinkage=0.01


Tree=65
num_leaves=8
num_cat=0
split_feature=69 73 11 11 69 69 38
split_gain=39666.8 13584.9 11180.6 7612.29 5039.93 2139.7 1111.95
threshold=14.932031388152078 28.230741731927079 0.37940952255126054 0.60355339059327384 10.106728927203067 34.389436234263826 85.542528735632189
decision_type=2 2 2 2 2 2 2
left_child=3 2 -2 4 -1 -3 -5
right_child=1 5 -4 6 -6 -7 -8
leaf_value=-0.025068613897162521 0.041414875845005555 0.076070254156472145 -0.0090860816398350072 -0.032753869938956577 0.0021790223028013674 0.13519120235263177 -0.053120822995018302
leaf_weight=1282 1169 289 701 603 1442 79 489
leaf_count=1282 1169 289 701 603 1442 79 489
internal_value=8.83462e-06 0.0334292 0.0224861 -0.0195932 -0.0106466 0.0889295 -0.0418948
internal_weight=6054 2238 1870 3816 2724 368 1092
internal_count=6054 2238 1870 3816 2724 368 1092
is_linear=0
shrinkage=0.01


Tree=66
num_leaves=8
num_cat=0
split_feature=69 69 11 11 63 79 38
split_gain=38887.4 13189.3 9697.78 7365.87 5274.63 3293.94 1114.67
threshold=14.69103300913646 28.302128227839706 0.60355339059327384 0.60355339059327384 4.6781609195402307 8.8666666666666689 85.542528735632189
decision_type=2 2 2 2 2 2 2
left_child=3 2 -2 4 -1 -3 -5
right_child=1 5 -4 6 -6 -7 -8
leaf_value=-0.029849244372403917 0.03633727948987301 0.10042866922088223 -0.012759132779309771 -0.032736598322050503 -0.00050043794901564358 0.0038620320396658813 -0.053267011187192445
leaf_weight=952 1401 305 564 594 1715 40 483
leaf_count=952 1401 305 564 594 1715 40 483
internal_value=8.85677e-06 0.032271 0.0222456 -0.019898 -0.0109805 0.0892558 -0.0419647
internal_weight=6054 2310 1965 3744 2667 345 1077
internal_count=6054 2310 1965 3744 2667 345 1077
is_linear=0
shrinkage=0.01


Tree=67
num_leaves=8
num_cat=0
split_feature=69 69 69 4 88 79 4
split_gain=38211.4 10016.7 7493.39 6922.43 3463.67 3228.46 2626.6
threshold=18.840763678371442 10.442456124088496 28.302128227839706 10.500000000000002 -2.0128151260504201 8.8666666666666689 1.0000000180025095e-35
decision_type=2 2 2 2 2 2 2
left_child=1 6 4 -3 -2 -4 -1
right_child=2 3 5 -5 -6 -7 -8
leaf_value=0.026641294113010361 0.0088068732478665222 -0.018074999261610519 0.099426026762214695 0.01359926064110371 0.048659376550596253 0.0038238889817838314 -0.032424668079043151
leaf_weight=78 348 1260 305 1524 585 40 1914
leaf_count=78 348 1260 305 1524 585 40 1914
internal_value=8.77526e-06 -0.0129879 0.0485649 -0.000736564 0.033808 0.0883647 -0.0301055
internal_weight=6054 4776 1278 2784 933 345 1992
internal_count=6054 4776 1278 2784 933 345 1992
is_linear=0
shrinkage=0.01


Tree=68
num_leaves=8
num_cat=0
split_feature=69 69 12 88 4 79 92
split_gain=37486.8 12349.3 6922.32 5761.21 4526.46 3164.28 2115.69
threshold=14.932031388152078 28.302128227839706 0.91597561503675351 -2.0128151260504201 9.5000000000000018 8.8666666666666689 21.327805291319859
decision_type=2 2 2 2 2 2 2
left_child=2 3 4 -2 -1 -3 -4
right_child=1 5 6 -5 -6 -7 -8
leaf_value=-0.039215353252186093 -0.00037103394347489006 0.098433393265302066 -0.032065434282122093 0.035784544094418544 -0.015139344557046214 0.0037861211829715302 0.025241264204566297
leaf_weight=1251 698 305 76 1195 2080 40 409
leaf_count=1251 698 305 76 1195 2080 40 409
internal_value=8.81424e-06 0.0324979 -0.0190469 0.0224562 -0.0241861 0.0874826 0.0162364
internal_weight=6054 2238 3816 1893 3331 345 485
internal_count=6054 2238 3816 1893 3331 345 485
is_linear=0
shrinkage=0.01


Tree=69
num_leaves=8
num_cat=0
split_feature=69 11 69 73 71 23 44
split_gain=36833.1 12719.3 11131 7529.28 4874.67 3300.07 2927.39
threshold=18.840763678371442 0.37940952255126054 11.720379416773097 28.230741731927079 15.285882442358039 33.483333333333341 22.238704223374825
decision_type=2 2 2 2 2 2 2
left_child=1 2 -1 4 -2 -5 -3
right_child=3 6 -4 5 -6 -7 -8
leaf_value=-0.017685380184222731 0.024651819080395966 0.0075372128478967118 0.021011219692509173 0.10970475753206767 0.10320091818196434 0.048011385084340795 -0.03792620965762631
leaf_weight=1644 823 155 1356 225 87 143 1621
leaf_count=1644 823 155 1356 225 87 143 1621
internal_value=8.7884e-06 -0.0127513 -0.000193764 0.0476812 0.0322146 0.0858305 -0.0339571
internal_weight=6054 4776 3000 1278 910 368 1776
internal_count=6054 4776 3000 1278 910 368 1776
is_linear=0
shrinkage=0.01


Tree=70
num_leaves=8
num_cat=0
split_feature=71 73 11 11 12 23 92
split_gain=35723.6 13376.3 10700.1 7120.87 4273.6 3234.47 1694.83
threshold=5.7287356321839091 28.230741731927079 0.25881904510252091 0.60355339059327384 0.91597561503675351 33.483333333333341 18.214499841458586
decision_type=2 2 2 2 2 2 2
left_child=3 2 -2 4 -1 -3 -5
right_child=1 5 -4 6 -6 -7 -8
leaf_value=-0.017006760024906243 0.038629285138130069 0.1086101421795108 -0.0073494064052566054 0.0059449721210411864 0.017180936632490176 0.04753294426005477 -0.045664952514720233
leaf_weight=2129 1223 225 863 68 441 143 962
leaf_count=2129 1223 225 863 68 441 143 962
internal_value=8.9164e-06 0.0294275 0.01961 -0.0200459 -0.0111379 0.0849744 -0.042256
internal_weight=6054 2454 2086 3600 2570 368 1030
internal_count=6054 2454 2086 3600 2570 368 1030
is_linear=0
shrinkage=0.01


Tree=71
num_leaves=8
num_cat=0
split_feature=69 69 12 90 71 79 91
split_gain=35609.6 11911.7 6629.72 5576.66 4041.53 3081.58 2501.02
threshold=14.69103300913646 28.302128227839706 0.91597561503675351 -0.029041877838106463 3.7459770114942534 8.8666666666666689 51.012567657938192
decision_type=2 2 2 2 2 2 2
left_child=2 3 4 -2 -1 -3 -4
right_child=1 5 6 -5 -6 -7 -8
leaf_value=-0.035511989387889006 0.0026438253010703278 0.095842945027744333 0.032046543351449366 0.036520156574698495 -0.013264825578305963 0.0024572472690064231 -0.016705042760216053
leaf_weight=1593 880 305 317 1085 1677 40 157
leaf_count=1593 880 305 317 1085 1677 40 157
internal_value=8.95031e-06 0.0308814 -0.0190404 0.0213539 -0.0241066 0.0850363 0.0158972
internal_weight=6054 2310 3744 1965 3270 345 474
internal_count=6054 2310 3744 1965 3270 345 474
is_linear=0
shrinkage=0.01


Tree=72
num_leaves=8
num_cat=0
split_feature=69 11 69 73 71 75 44
split_gain=34966.6 12191.9 10651.2 7070.43 4740.55 2836.57 2827.8
threshold=18.840763678371442 0.37940952255126054 11.720379416773097 28.230741731927079 15.285882442358039 6.0678160919540236 22.238704223374825
decision_type=2 2 2 2 2 2 2
left_child=1 2 -1 4 -2 -5 -3
right_child=3 6 -4 5 -6 -7 -8
leaf_value=-0.017239737989089298 0.024011845887263444 0.0075966637222713218 0.020613789753533878 0.15503119403799787 0.10147203698294505 0.072459345971413222 -0.037086189903318884
leaf_weight=1644 823 155 1356 48 87 320 1621
leaf_count=1644 823 155 1356 48 87 320 1621
internal_value=8.94749e-06 -0.0124237 -0.000129193 0.0464578 0.0314696 0.0834267 -0.0331852
internal_weight=6054 4776 3000 1278 910 368 1776
internal_count=6054 4776 3000 1278 910 368 1776
is_linear=0
shrinkage=0.01


Tree=73
num_leaves=8
num_cat=0
split_feature=69 73 11 11 63 23 38
split_gain=34304.9 11982.9 10209.6 6613.16 4964.13 3156 1065.1
threshold=14.69103300913646 28.230741731927079 0.37940952255126054 0.60355339059327384 4.6781609195402307 33.483333333333341 85.542528735632189
decision_type=2 2 2 2 2 2 2
left_child=3 2 -2 4 -1 -3 -5
right_child=1 5 -4 6 -6 -7 -8
leaf_value=-0.028543432428609589 0.038056312595294982 0.1059404973109519 -0.0093512704221954679 -0.030579374647258312 -7.1698609639107917e-05 0.045619278890278697 -0.050642673085616069
leaf_weight=952 1218 225 724 594 1715 143 483
leaf_count=952 1218 225 724 594 1715 143 483
internal_value=9.13058e-06 0.0303108 0.0203841 -0.018688 -0.0102385 0.0825955 -0.0395969
internal_weight=6054 2310 1942 3744 2667 368 1077
internal_count=6054 2310 1942 3744 2667 368 1077
is_linear=0
shrinkage=0.01


Tree=74
num_leaves=8
num_cat=0
split_feature=69 11 69 73 11 23 92
split_gain=33701.2 11751 10284.5 6765.06 3643.36 3093.27 2738.95
threshold=18.840763678371442 0.37940952255126054 11.720379416773097 28.230741731927079 0.25881904510252091 33.483333333333341 17.948816884661124
decision_type=2 2 2 2 2 2 2
left_child=1 2 -1 4 -2 -5 -3
right_child=3 6 -4 5 -6 -7 -8
leaf_value=-0.016939769707688103 0.04749990620402314 0.013708906074946894 0.02025640002168836 0.10488343940741338 0.00675982654307857 0.045164675633977927 -0.035906827648715604
leaf_weight=1644 540 119 1356 225 370 143 1657
leaf_count=1644 540 119 1356 225 370 143 1657
internal_value=9.09478e-06 -0.0121965 -0.00012636 0.0456097 0.0309486 0.0817716 -0.0325791
internal_weight=6054 4776 3000 1278 910 368 1776
internal_count=6054 4776 3000 1278 910 368 1776
is_linear=0
shrinkage=0.01


Tree=75
num_leaves=8
num_cat=0
split_feature=69 69 43 4 4 35 54
split_gain=33059.4 10806 5514.91 5303.83 4792.12 3071.88 1656.49
threshold=14.932031388152078 28.302128227839706 23.037925898829435 1.0000000180025095e-35 21.500000000000004 80.360833333333332 346.06666666666672
decision_type=2 2 2 2 2 2 2
left_child=3 2 -2 6 -5 -3 -1
right_child=1 5 -4 4 -6 -7 -8
leaf_value=0.072729838463584051 0.045167088100538426 0.10443849161760607 0.0090060768731007948 -0.023929856867623212 0.016447923953299838 0.042118272192212224 0.0085895341042071423
leaf_weight=74 634 220 1259 3332 322 125 88
leaf_count=74 634 220 1259 3332 322 125 88
internal_value=9.15946e-06 0.0305194 0.021126 -0.017886 -0.0203698 0.0819538 0.0380249
internal_weight=6054 2238 1893 3816 3654 345 162
internal_count=6054 2238 1893 3816 3654 345 162
is_linear=0
shrinkage=0.01


Tree=76
num_leaves=8
num_cat=0
split_feature=69 11 69 73 71 44 79
split_gain=32456.7 11459.8 9992.87 6521.39 4632.59 2705.38 2171.32
threshold=18.840763678371442 0.37940952255126054 11.720379416773097 28.230741731927079 15.285882442358039 22.238704223374825 9.0666666666666682
decision_type=2 2 2 2 2 2 2
left_child=1 2 -1 4 -2 -3 -5
right_child=3 5 -4 6 -6 -7 -8
leaf_value=-0.016622522255209552 0.022993668440433285 0.0077910664416969404 0.020042439896633953 0.090438313084593602 0.099564818438121261 -0.035912925237041218 0.02206569184268917
leaf_weight=1644 823 155 1356 313 87 1621 55
leaf_count=1644 823 155 1356 313 87 1621 55
internal_value=9.29871e-06 -0.0119688 -4.92145e-05 0.0447601 0.0303654 -0.0320973 0.0802647
internal_weight=6054 4776 3000 1278 910 1776 368
internal_count=6054 4776 3000 1278 910 1776 368
is_linear=0
shrinkage=0.01


Tree=77
num_leaves=8
num_cat=0
split_feature=71 73 12 4 92 75 3
split_gain=31923.4 11562.7 6448.03 6247.01 4885.83 2800.71 2235.93
threshold=5.7287356321839091 28.230741731927079 0.91597561503675351 11.500000000000002 18.950955555555559 6.0678160919540236 383.75000000000006
decision_type=2 2 2 2 2 2 2
left_child=2 3 4 -2 -1 -3 -4
right_child=1 5 6 -5 -6 -7 -8
leaf_value=0.0046575325985601292 0.001332983023551029 0.15058345248035551 0.038881405599968728 0.035940768824905385 -0.029353892639737755 0.068575824636004146 -0.0061234492684174623
leaf_weight=502 1040 48 225 1046 2657 320 216
leaf_count=502 1040 48 225 1046 2657 320 216
internal_value=9.382e-06 0.0278192 -0.0189488 0.0186913 -0.0239491 0.0794636 0.0168551
internal_weight=6054 2454 3600 2086 3159 368 441
internal_count=6054 2454 3600 2086 3159 368 441
is_linear=0
shrinkage=0.01


Tree=78
num_leaves=8
num_cat=0
split_feature=83 83 35 92 6 10 56
split_gain=27265 8572.09 6251.28 5544.56 4754.33 2791.68 1531.61
threshold=21.564858036319134 11.879873692277501 82.847701149425305 16.867013792705453 9.5000000000000018 1.0000000180025095e-35 480.30000000000001
decision_type=2 2 2 2 2 2 2
left_child=1 5 4 -3 -2 -1 -4
right_child=2 3 6 -5 -6 -7 -8
leaf_value=0.037020236137213176 -0.0022403963813500375 0.053411876935311166 -0.020296127683933275 0.00018546487611943827 0.080418347212189517 -0.022800337553876476 0.032861473435444148
leaf_weight=80 80 213 105 2349 532 2584 111
leaf_count=80 80 213 105 2349 532 2584 111
internal_value=9.5091e-06 -0.00843904 0.0533069 0.00462037 0.0696195 -0.0209971 0.00703147
internal_weight=6054 5226 828 2562 612 2664 216
internal_count=6054 5226 828 2562 612 2664 216
is_linear=0
shrinkage=0.01


Tree=79
num_leaves=8
num_cat=0
split_feature=69 11 63 11 63 69 38
split_gain=30942.4 11539 11557.5 5734.76 4295.43 3963.11 967.515
threshold=14.028912493158185 0.60355339059327384 11.101724137931036 0.60355339059327384 4.6781609195402307 21.200942460317464 85.542528735632189
decision_type=2 2 2 2 2 2 2
left_child=3 2 -2 4 -1 -3 -5
right_child=1 5 -4 6 -6 -7 -8
leaf_value=-0.028040762295123638 0.009798470023809569 -0.023245466626784027 0.06133398953406817 -0.030107595542572897 -0.00096941069950276894 0.026554823800423431 -0.049759972884788867
leaf_weight=931 736 488 1065 549 1581 237 467
leaf_count=931 736 488 1065 549 1581 237 467
internal_value=9.5458e-06 0.0267246 0.0402822 -0.019119 -0.0110064 -0.00695815 -0.0391613
internal_weight=6054 2526 1801 3528 2512 725 1016
internal_count=6054 2526 1801 3528 2512 725 1016
is_linear=0
shrinkage=0.01


Tree=80
num_leaves=8
num_cat=0
split_feature=69 11 59 11 69 69 52
split_gain=30327.1 11309.5 11081.7 5620.77 3884.37 3421.85 879.448
threshold=14.028912493158185 0.60355339059327384 19.17933248880426 0.60355339059327384 21.200942460317464 10.106728927203067 374.98448275862074
decision_type=2 2 2 2 2 2 2
left_child=3 2 -2 5 -3 -1 -5
right_child=1 4 -4 6 -6 -7 -8
leaf_value=-0.022325245019700561 0.022939998598259521 -0.023013249872898649 0.076223383329138486 -0.048485393199989429 0.02628983449700828 0.0010194383634274016 -0.029787747215659018
leaf_weight=1282 1229 488 572 487 237 1230 529
leaf_count=1282 1229 488 572 487 237 1230 529
internal_value=9.41931e-06 0.0264575 0.0398796 -0.018928 -0.00688854 -0.0108964 -0.03877
internal_weight=6054 2526 1801 3528 725 2512 1016
internal_count=6054 2526 1801 3528 725 2512 1016
is_linear=0
shrinkage=0.01


Tree=81
num_leaves=8
num_cat=0
split_feature=71 73 11 11 4 23 92
split_gain=29821.9 10856.6 9459.14 6136.24 3864.76 3009.62 1541.15
threshold=5.7287356321839091 28.230741731927079 0.25881904510252091 0.60355339059327384 1.0000000180025095e-35 33.483333333333341 18.214499841458586
decision_type=2 2 2 2 2 2 2
left_child=3 2 -2 4 -1 -3 -5
right_child=1 5 -4 6 -6 -7 -8
leaf_value=0.039836616858178846 0.035925937158292523 0.099721873064130995 -0.0073042600104573432 0.0070233310754716843 -0.013057237844964327 0.040844799771385748 -0.042182428636825697
leaf_weight=146 1223 225 863 68 2424 143 962
leaf_count=146 1223 225 863 68 2424 143 962
internal_value=9.32671e-06 0.0268882 0.0180434 -0.0183142 -0.010045 0.0769308 -0.0389316
internal_weight=6054 2454 2086 3600 2570 368 1030
internal_count=6054 2454 2086 3600 2570 368 1030
is_linear=0
shrinkage=0.01


Tree=82
num_leaves=8
num_cat=0
split_feature=71 85 12 29 92 91 23
split_gain=29228.9 10113.3 6151.92 5238.91 4655.57 2834.31 2643.74
threshold=5.7287356321839091 26.483709764987939 0.91597561503675351 25.860721982758623 18.950955555555559 67.116469344979706 33.914285714285718
decision_type=2 2 2 2 2 2 2
left_child=2 3 4 -2 -1 -4 -3
right_child=1 6 5 -5 -6 -7 -8
leaf_value=0.0049088555116039599 0.052173857611229953 0.089325601622034234 0.02922689211398212 0.010063387305351503 -0.028291158669583261 -0.034896676376200558 0.035336181150032925
leaf_weight=502 358 278 356 1682 2657 85 136
leaf_count=502 358 278 356 1682 2657 85 136
internal_value=9.36705e-06 0.0266197 -0.018131 0.0174646 -0.0230152 0.0168408 0.0716552
internal_weight=6054 2454 3600 2040 3159 441 414
internal_count=6054 2454 3600 2040 3159 441 414
is_linear=0
shrinkage=0.01


Tree=83
num_leaves=8
num_cat=0
split_feature=69 11 63 11 63 69 1
split_gain=28871.7 10901.6 10966.5 5362.1 4610.96 3684.89 1233.75
threshold=14.028912493158185 0.60355339059327384 11.101724137931036 0.37940952255126054 4.6781609195402307 21.200942460317464 72.305172413793116
decision_type=2 2 2 2 2 2 2
left_child=3 2 -2 4 -1 -3 -5
right_child=1 5 -4 6 -6 -7 -8
leaf_value=-0.02735940736813311 0.0092990728292920242 -0.02262915839240081 0.059499368484727672 -0.016627616711996706 0.0022943892675092743 0.025391341270616184 -0.039830922167247693
leaf_weight=847 736 488 1065 298 1375 237 1008
leaf_count=847 736 488 1065 298 1375 237 1008
internal_value=9.40623e-06 0.0258151 0.038993 -0.018468 -0.00901267 -0.00692405 -0.0345452
internal_weight=6054 2526 1801 3528 2222 725 1306
internal_count=6054 2526 1801 3528 2222 725 1306
is_linear=0
shrinkage=0.01


Tree=84
num_leaves=8
num_cat=0
split_feature=69 11 63 11 63 69 1
split_gain=28297.5 10684.8 10748.3 5255.46 4519.26 3611.68 1209.19
threshold=14.028912493158185 0.60355339059327384 11.101724137931036 0.37940952255126054 4.6781609195402307 21.200942460317464 72.305172413793116
decision_type=2 2 2 2 2 2 2
left_child=3 2 -2 4 -1 -3 -5
right_child=1 5 -4 6 -6 -7 -8
leaf_value=-0.027085975260452356 0.0092061454873919018 -0.022403098552320973 0.058904653831690565 -0.016461619347346388 0.0022714537782807841 0.025137962432315475 -0.039432810230707924
leaf_weight=847 736 488 1065 298 1375 237 1008
leaf_count=847 736 488 1065 298 1375 237 1008
internal_value=9.30306e-06 0.0255571 0.0386032 -0.0182835 -0.0089226 -0.00685479 -0.0342
internal_weight=6054 2526 1801 3528 2222 725 1306
internal_count=6054 2526 1801 3528 2222 725 1306
is_linear=0
shrinkage=0.01


Tree=85
num_leaves=8
num_cat=0
split_feature=69 11 69 73 71 23 44
split_gain=27787.7 10102.9 8788.78 5656.25 4360.43 2889.68 2506.45
threshold=18.840763678371442 0.37940952255126054 11.720379416773097 28.230741731927079 15.285882442358039 33.483333333333341 22.238704223374825
decision_type=2 2 2 2 2 2 2
left_child=1 2 -1 4 -2 -5 -3
right_child=3 6 -4 5 -6 -7 -8
leaf_value=-0.015425021659460525 0.020859775748746229 0.0084181985184071141 0.018960085847889788 0.096812903874663181 0.095144088780539385 0.03912751599606322 -0.033645989415129848
leaf_weight=1644 823 155 1356 225 87 143 1621
leaf_count=1644 823 155 1356 225 87 143 1621
internal_value=9.20106e-06 -0.0110739 0.00011745 0.0414163 0.0280106 0.074482 -0.0299732
internal_weight=6054 4776 3000 1278 910 368 1776
internal_count=6054 4776 3000 1278 910 368 1776
is_linear=0
shrinkage=0.01


Tree=86
num_leaves=8
num_cat=0
split_feature=69 11 63 11 63 69 1
split_gain=27262.8 10366.3 10448.4 5075.2 3932.54 3444.31 793.991
threshold=14.028912493158185 0.60355339059327384 11.101724137931036 0.60355339059327384 4.6781609195402307 21.200942460317464 76.667948717948732
decision_type=2 2 2 2 2 2 2
left_child=3 2 -2 4 -1 -3 -5
right_child=1 5 -4 6 -6 -7 -8
leaf_value=-0.026612943174091522 0.0089519888103218193 -0.022023221644470917 0.057952021716627569 -0.022643953530095195 -0.00071044857653079915 0.024403289806403616 -0.042353628504938151
leaf_weight=931 736 488 1065 287 1581 237 729
leaf_count=931 736 488 1065 287 1581 237 729
internal_value=9.30165e-06 0.0250857 0.0379359 -0.0179459 -0.010314 -0.00683951 -0.0368004
internal_weight=6054 2526 1801 3528 2512 725 1016
internal_count=6054 2526 1801 3528 2512 725 1016
is_linear=0
shrinkage=0.01


Tree=87
num_leaves=8
num_cat=0
split_feature=63 11 35 91 11 75 73
split_gain=23132.3 17653.9 5818.73 5599.98 3935.26 3876.31 3121.62
threshold=11.101724137931036 0.60355339059327384 53.016666666666673 26.437656647363422 0.37940952255126054 5.4741379310344831 20.663452209906954
decision_type=2 2 2 2 2 2 2
left_child=2 3 5 -2 -4 -1 -3
right_child=1 6 4 -5 -6 -7 -8
leaf_value=0.0067482301230507068 0.067136802335682311 -0.025040454746315888 -0.0089190345915031808 0.021888505810708489 -0.030005838930758144 0.091655305245879365 0.020537132373238821
leaf_weight=171 802 491 2514 416 1366 78 216
leaf_count=171 802 491 2514 416 1366 78 216
internal_value=9.18717e-06 0.0286332 -0.0133375 0.0516983 -0.0163459 0.033478 -0.0111104
internal_weight=6054 1925 4129 1218 3880 249 707
internal_count=6054 1925 4129 1218 3880 249 707
is_linear=0
shrinkage=0.01


Tree=88
num_leaves=8
num_cat=0
split_feature=69 11 63 69 88 79 92
split_gain=26327.6 9567.86 8411.77 5335.34 3159.67 2931.86 2460.35
threshold=18.840763678371442 0.37940952255126054 6.610344827586208 28.302128227839706 -2.0128151260504201 8.8666666666666689 17.948816884661124
decision_type=2 2 2 2 2 2 2
left_child=1 2 -1 4 -2 -5 -3
right_child=3 6 -4 5 -6 -7 -8
leaf_value=-0.014981072886944776 0.0039909058388327935 0.01469488210358879 0.018683272627028985 0.084437815199116834 0.042046166274424583 -0.0065183860608089119 -0.032324911934418069
leaf_weight=1655 348 119 1345 305 585 40 1657
leaf_count=1655 348 119 1345 305 585 40 1657
internal_value=9.21513e-06 -0.0107788 0.000112207 0.0403137 0.0278622 0.0738965 -0.0291708
internal_weight=6054 4776 3000 1278 933 345 1776
internal_count=6054 4776 3000 1278 933 345 1776
is_linear=0
shrinkage=0.01


Tree=89
num_leaves=8
num_cat=0
split_feature=71 11 59 12 92 69 11
split_gain=26005.5 9526.31 10173 5717.42 4356.7 4024 2690.29
threshold=5.7287356321839091 0.37940952255126054 19.17933248880426 0.91597561503675351 18.950955555555559 21.200942460317464 0.12940952255126045
decision_type=2 2 2 2 2 2 2
left_child=3 2 -2 4 -1 -3 -5
right_child=1 5 -4 6 -6 -7 -8
leaf_value=0.0052022130605519114 0.023204194543718776 -0.01539255930975141 0.078975858167303709 0.034147368926815122 -0.02691407090396947 0.029051469415572108 -0.018097202318961975
leaf_weight=502 1070 607 471 293 2657 306 148
leaf_count=502 1070 607 471 293 2657 306 148
internal_value=9.21461e-06 0.0251094 0.040271 -0.0171017 -0.0218103 -0.000488456 0.0166123
internal_weight=6054 2454 1541 3600 3159 913 441
internal_count=6054 2454 1541 3600 3159 913 441
is_linear=0
shrinkage=0.01


Tree=90
num_leaves=8
num_cat=0
split_feature=69 73 42 12 4 23 3
split_gain=25543.6 9646.92 6124.12 4756.07 3162.4 2803.04 1521.2
threshold=14.028912493158185 28.230741731927079 23.037925898829435 0.91597561503675351 8.5000000000000018 33.914285714285718 383.75000000000006
decision_type=2 2 2 2 2 2 2
left_child=3 2 -2 4 -1 -3 -5
right_child=1 5 -4 6 -6 -7 -8
leaf_value=-0.036186239563599995 0.041000314634297416 0.092322809289531835 0.0047590011291480088 0.033925603213652337 -0.014648692046290558 0.034696746309542476 -0.0036134371095437818
leaf_weight=1015 681 235 1477 199 2079 133 235
leaf_count=1015 681 235 1477 199 2079 133 235
internal_value=9.21427e-06 0.0242821 0.0162028 -0.0173707 -0.021719 0.0715727 0.0136172
internal_weight=6054 2526 2158 3528 3094 368 434
internal_count=6054 2526 2158 3528 3094 368 434
is_linear=0
shrinkage=0.01


Tree=91
num_leaves=8
num_cat=0
split_feature=71 11 63 11 71 11 44
split_gain=25100.3 9314.25 9085.93 5248.36 3740.9 3508.06 1527.2
threshold=5.7287356321839091 0.37940952255126054 14.350985221674879 0.60355339059327384 14.098788399296827 -0.60355339059327362 22.190062111801247
decision_type=2 2 2 2 2 2 2
left_child=3 2 -2 5 -3 -1 -5
right_child=1 4 -4 6 -6 -7 -8
leaf_value=-0.02316091349991431 0.020985607341095197 -0.0097318066039020386 0.07125023700431575 0.013869932038661761 0.044388133350335035 0.00058891127315161646 -0.038842819836678262
leaf_weight=1054 969 760 572 58 153 1516 972
leaf_count=1054 969 760 572 58 153 1516 972
internal_value=9.24865e-06 0.0246687 0.0396606 -0.0168012 -0.00064254 -0.00915371 -0.0358688
internal_weight=6054 2454 1541 3600 913 2570 1030
internal_count=6054 2454 1541 3600 913 2570 1030
is_linear=0
shrinkage=0.01


Tree=92
num_leaves=8
num_cat=0
split_feature=71 73 11 12 1 23 91
split_gain=24601.2 9139.84 8171.07 5452.94 3929.9 2742.38 2683.31
threshold=5.7287356321839091 28.230741731927079 0.25881904510252091 0.91597561503675351 67.300980392156873 33.483333333333341 67.116469344979706
decision_type=2 2 2 2 2 2 2
left_child=3 2 -2 4 -1 -3 -5
right_child=1 5 -4 6 -6 -7 -8
leaf_value=-0.0039737966710444482 0.032927381617495505 0.09208904128549765 -0.0072515561783607551 0.028343359580778143 -0.028440350453935385 0.035909275868342937 -0.034048534169531706
leaf_weight=931 1223 225 863 356 2228 143 85
leaf_count=931 1223 225 863 356 2228 143 85
internal_value=9.22256e-06 0.0244223 0.0163069 -0.0166333 -0.0212317 0.070338 0.0162916
internal_weight=6054 2454 2086 3600 3159 368 441
internal_count=6054 2454 2086 3600 3159 368 441
is_linear=0
shrinkage=0.01


Tree=93
num_leaves=8
num_cat=0
split_feature=69 73 29 12 4 75 45
split_gain=24302.7 9108.2 6350.5 4519.24 3007.54 2780.84 1495.21
threshold=14.028912493158185 28.230741731927079 25.860721982758623 0.91597561503675351 8.5000000000000018 6.0678160919540236 24.237356321839084
decision_type=2 2 2 2 2 2 2
left_child=3 2 -2 4 -1 -3 -5
right_child=1 5 -4 6 -6 -7 -8
leaf_value=-0.035290478503825863 0.055608625390438954 0.14042571519084812 0.0084344808665823678 -0.029277952262877133 -0.014286878382120359 0.058813922336513932 0.021335741059534844
leaf_weight=1015 338 48 1820 69 2079 320 365
leaf_count=1015 338 48 1820 69 2079 320 365
internal_value=9.22497e-06 0.0236851 0.0158346 -0.0169432 -0.021182 0.0696364 0.0132633
internal_weight=6054 2526 2158 3528 3094 368 434
internal_count=6054 2526 2158 3528 3094 368 434
is_linear=0
shrinkage=0.01


Tree=94
num_leaves=8
num_cat=0
split_feature=69 11 63 11 63 69 38
split_gain=23819.8 9450.39 9319.53 4428.18 3657.84 3003.95 871.939
threshold=14.028912493158185 0.60355339059327384 11.101724137931036 0.60355339059327384 4.6781609195402307 21.200942460317464 85.542528735632189
decision_type=2 2 2 2 2 2 2
left_child=3 2 -2 4 -1 -3 -5
right_child=1 5 -4 6 -6 -7 -8
leaf_value=-0.025364374829578186 0.0083448566556158961 -0.021212651809252338 0.054622181498390064 -0.025796989559720495 -0.00038302057008740413 0.022144787206022361 -0.044442763593402448
leaf_weight=931 736 488 1065 549 1581 237 467
leaf_count=931 736 488 1065 549 1581 237 467
internal_value=9.30348e-06 0.0234488 0.0357182 -0.0167739 -0.00964504 -0.00703307 -0.0343856
internal_weight=6054 2526 1801 3528 2512 725 1016
internal_count=6054 2526 1801 3528 2512 725 1016
is_linear=0
shrinkage=0.01


Tree=95
num_leaves=7
num_cat=0
split_feature=85 11 81 41 75 15
split_gain=19133 10764.3 10424.8 3863.5 3504.72 3498.08
threshold=23.813452993879341 0.37940952255126054 14.595386300661755 23.067816091954025 6.0678160919540236 -0.60785761079279388
decision_type=2 2 2 2 2 2
left_child=1 2 -1 -3 -2 -6
right_child=4 3 -4 -5 5 -7
leaf_value=-0.0055457294936683589 0.1385986362437612 0.0063586947868311851 0.033039973241429696 -0.030111553315490806 0.0041429022127506786 0.065329267051307371
leaf_weight=2527 48 351 968 1679 127 354
leaf_count=2527 48 351 968 1679 127 354
internal_value=9.18148e-06 -0.00549351 0.00514429 -0.0238054 0.0574324 0.0491961
internal_weight=6054 5525 3495 2030 529 481
internal_count=6054 5525 3495 2030 529 481
is_linear=0
shrinkage=0.01


Tree=96
num_leaves=8
num_cat=0
split_feature=71 11 59 12 69 92 11
split_gain=23032.3 8690.42 8830.77 5176.91 4116.27 4080.74 2629.54
threshold=5.7287356321839091 0.25881904510252091 19.17933248880426 0.91597561503675351 21.200942460317464 18.950955555555559 0.12940952255126045
decision_type=2 2 2 2 2 2 2
left_child=3 2 -2 5 -3 -1 -5
right_child=1 4 -4 6 -6 -7 -8
leaf_value=0.0055682139193870828 0.022704262677962581 -0.013183598259246483 0.076105535296154742 0.033323114615980878 0.029530933704208007 -0.025513875194683476 -0.018327590249378471
leaf_weight=502 993 672 450 293 339 2657 148
leaf_count=502 993 672 450 293 339 2657 148
internal_value=9.26616e-06 0.0236311 0.0393784 -0.0160939 0.0011461 -0.0205743 0.0159868
internal_weight=6054 2454 1443 3600 1011 3159 441
internal_count=6054 2454 1443 3600 1011 3159 441
is_linear=0
shrinkage=0.01


Tree=97
num_leaves=8
num_cat=0
split_feature=71 73 12 71 39 23 91
split_gain=22574.3 8360.76 5073.95 5013.5 3732.16 2687.19 2607.07
threshold=5.7287356321839091 28.230741731927079 0.91597561503675351 15.285882442358039 65.112862318840598 33.914285714285718 67.116469344979706
decision_type=2 2 2 2 2 2 2
left_child=2 3 4 -2 -1 -3 -4
right_child=1 5 6 -5 -6 -7 -8
leaf_value=-0.0011053670460142357 0.01238649702894969 0.08762363786707511 0.027706586872607596 0.089730528989519401 -0.026501229522330659 0.031220808869164982 -0.033792083766725323
leaf_weight=763 1999 235 356 87 2396 133 85
leaf_count=763 1999 235 356 87 2396 133 85
internal_value=9.26543e-06 0.023395 -0.0159329 0.0156332 -0.0203686 0.0673103 0.0158271
internal_weight=6054 2454 3600 2086 3159 368 441
internal_count=6054 2454 3600 2086 3159 368 441
is_linear=0
shrinkage=0.01


Tree=98
num_leaves=8
num_cat=0
split_feature=69 11 59 11 69 63 53
split_gain=22311.2 9314.87 9511.34 3941.94 3740.9 3217.31 695.287
threshold=13.47918582375479 0.37940952255126054 19.17933248880426 0.60355339059327384 20.774373546844817 4.169540229885059 274.71666666666675
decision_type=2 2 2 2 2 2 2
left_child=3 2 -2 5 -3 -1 -5
right_child=1 4 -4 6 -6 -7 -8
leaf_value=-0.028436827190214991 0.020228379208132731 -0.016005229504856992 0.071987822194970005 -0.043074933988157468 0.025299932282481348 -0.0028933353447887634 -0.026019208347189019
leaf_weight=694 1184 680 507 464 323 1701 501
leaf_count=694 1184 680 507 464 323 1701 501
internal_value=9.32826e-06 0.0214466 0.035764 -0.0171792 -0.00269709 -0.0102997 -0.0342387
internal_weight=6054 2694 1691 3360 1003 2395 965
internal_count=6054 2694 1691 3360 1003 2395 965
is_linear=0
shrinkage=0.01


Tree=99
num_leaves=8
num_cat=0
split_feature=69 11 63 12 71 71 11
split_gain=21872 8868.71 8688.48 4167.13 2895.32 2753.29 2211.33
threshold=14.028912493158185 0.60355339059327384 11.101724137931036 0.91597561503675351 3.7459770114942534 14.098788399296827 0.12940952255126045
decision_type=2 2 2 2 2 2 2
left_child=3 2 -2 4 -1 -3 -5
right_child=1 5 -4 6 -6 -7 -8
leaf_value=-0.029605426030786464 0.0079255176992974394 -0.015699118895553706 0.052608498233451331 0.028823158946202465 -0.010249227768927845 0.036819007993742013 -0.019054612454246073
leaf_weight=1581 736 606 1065 290 1513 119 144
leaf_count=1581 736 606 1065 290 1513 119 144
internal_value=9.23333e-06 0.02247 0.0343558 -0.0160731 -0.0201434 -0.00705878 0.0129326
internal_weight=6054 2526 1801 3528 3094 725 434
internal_count=6054 2526 1801 3528 3094 725 434
is_linear=0
shrinkage=0.01


Tree=100
num_leaves=8
num_cat=0
split_feature=83 11 85 35 7 46 85
split_gain=18500.9 9067.48 7508.57 5212.26 5056.04 3068.99 1637.78
threshold=21.564858036319134 0.60355339059327384 10.938244793786657 82.847701149425305 3.5000000000000004 22.065035092114531 27.218620361483605
decision_type=2 2 2 2 2 2 2
left_child=1 2 -1 4 -2 -3 -5
right_child=3 5 -4 6 -6 -7 -8
leaf_value=-0.016699051486431419 0.021308103199753462 0.015560694148245546 0.012373514104983344 -0.02432512313199095 0.080860378260317167 -0.032860861468980075 0.030703995044529437
leaf_weight=1437 227 145 2325 114 385 1319 102
leaf_count=1437 227 145 2325 114 385 1319 102
internal_value=9.18276e-06 -0.00695027 0.00126757 0.0439127 0.0588078 -0.028061 0.00166944
internal_weight=6054 5226 3762 828 612 1464 216
internal_count=6054 5226 3762 828 612 1464 216
is_linear=0
shrinkage=0.01


Tree=101
num_leaves=8
num_cat=0
split_feature=71 11 81 11 73 72 42
split_gain=21094.3 8160.63 6294.23 4510.96 3815.83 3438.64 1108.69
threshold=5.7287356321839091 0.25881904510252091 22.442788305004171 0.60355339059327384 27.749567118047526 40.324712643678168 22.065035092114531
decision_type=2 2 2 2 2 2 2
left_child=3 2 -2 5 -3 -1 -5
right_child=1 4 -4 6 -6 -7 -8
leaf_value=-0.011333979311127099 0.024785345624430351 -0.007541212316155085 0.071235877347241752 0.0062061132055741776 0.045886673684740205 0.035925090944151028 -0.035814406903375076
leaf_weight=2406 1037 853 406 67 158 164 963
leaf_count=2406 1037 853 406 67 158 164 963
internal_value=9.16362e-06 0.0226153 0.0378751 -0.0154016 0.000826607 -0.00831163 -0.0330789
internal_weight=6054 2454 1443 3600 1011 2570 1030
internal_count=6054 2454 1443 3600 1011 2570 1030
is_linear=0
shrinkage=0.01


Tree=102
num_leaves=8
num_cat=0
split_feature=71 11 59 12 92 73 11
split_gain=20674.8 7998.3 8085.8 4798.92 3849.43 3740.1 2528.79
threshold=5.7287356321839091 0.25881904510252091 19.17933248880426 0.91597561503675351 18.950955555555559 27.749567118047526 0.12940952255126045
decision_type=2 2 2 2 2 2 2
left_child=3 2 -2 4 -1 -3 -5
right_child=1 5 -4 6 -6 -7 -8
leaf_value=0.005829081846276919 0.021541441461855989 -0.0074658443593339898 0.072640435920753296 0.03264052713685868 -0.024358901833033544 0.045429254061698163 -0.018010946685993911
leaf_weight=502 993 853 450 293 2657 158 148
leaf_count=502 993 853 450 293 2657 158 148
internal_value=9.17965e-06 0.0223894 0.0374967 -0.0152475 -0.0195614 0.000818526 0.0156396
internal_weight=6054 2454 1443 3600 3159 1011 441
internal_count=6054 2454 1443 3600 3159 1011 441
is_linear=0
shrinkage=0.01


Tree=103
num_leaves=8
num_cat=0
split_feature=71 85 88 75 1 29 70
split_gain=20263.7 7071.31 4748.58 2772.19 2208.2 2202.35 1641.82
threshold=5.7287356321839091 26.483709764987939 -1.0666666666666644 6.0678160919540236 60.019934640522884 32.305172413793109 9.8105830220853054
decision_type=2 2 2 2 2 2 2
left_child=4 2 -2 -3 6 -6 -1
right_child=1 3 -4 -5 5 -7 -8
leaf_value=-0.0029642830001256827 -0.0048989674933421984 0.13187979308178552 0.026498403635070847 0.05042778934594877 -0.022441606951403306 -0.00068106533011592376 0.050105710156317942
leaf_weight=472 779 47 1261 367 2490 572 66
leaf_count=472 779 47 1261 367 2490 572 66
internal_value=9.19445e-06 0.0221658 0.0145104 0.0598239 -0.0150951 -0.0183775 0.00358571
internal_weight=6054 2454 2040 414 3600 3062 538
internal_count=6054 2454 2040 414 3600 3062 538
is_linear=0
shrinkage=0.01


Tree=104
num_leaves=8
num_cat=0
split_feature=69 11 59 11 69 4 38
split_gain=20190.6 8555.89 8702.51 3637.5 3397.6 2525.16 810.256
threshold=13.47918582375479 0.37940952255126054 19.17933248880426 0.60355339059327384 20.774373546844817 1.0000000180025095e-35 85.542528735632189
decision_type=2 2 2 2 2 2 2
left_child=3 2 -2 5 -3 -1 -5
right_child=1 4 -4 6 -6 -7 -8
leaf_value=0.031560138692885743 0.019263741224526936 -0.015419446238622476 0.068773464968442694 -0.024173880757180223 0.023944823092802603 -0.012284405227747031 -0.042604755147975251
leaf_weight=139 1184 680 507 518 323 2256 447
leaf_count=139 1184 680 507 518 323 2256 447
internal_value=9.28993e-06 0.0204024 0.0341241 -0.016342 -0.0027367 -0.00973351 -0.0327295
internal_weight=6054 2694 1691 3360 1003 2395 965
internal_count=6054 2694 1691 3360 1003 2395 965
is_linear=0
shrinkage=0.01


Tree=105
num_leaves=8
num_cat=0
split_feature=71 73 90 12 39 91 39
split_gain=19556.9 7297.68 4759.08 4630.2 3470.12 2515.47 1996.75
threshold=5.7287356321839091 28.230741731927079 -0.029041877838106463 0.91597561503675351 65.112862318840598 50.031444364411541 59.745977011494261
decision_type=2 2 2 2 2 2 2
left_child=3 2 -2 4 -1 -5 -3
right_child=1 6 -4 5 -6 -7 -8
leaf_value=-0.00049230592894735649 -0.003244189104251457 0.10843529339085997 0.027359557376109796 0.031952307160800705 -0.024980014055510317 -0.019098803108054816 0.050761199058146557
leaf_weight=763 875 76 1211 299 2396 142 292
leaf_count=763 875 76 1211 299 2396 142 292
internal_value=9.23679e-06 0.021776 0.0145245 -0.0148293 -0.0190666 0.0155099 0.0628045
internal_weight=6054 2454 2086 3600 3159 441 368
internal_count=6054 2454 2086 3600 3159 441 368
is_linear=0
shrinkage=0.01


Tree=106
num_leaves=8
num_cat=0
split_feature=71 12 1 72 35 74 50
split_gain=19243 4967.42 5581.2 3901.2 3772.02 3210.65 2129.62
threshold=8.5080459770114967 0.91597561503675351 66.830459770114956 41.477450980392163 80.854111405835553 8.6633294381345216 351.05000000000007
decision_type=2 2 2 2 2 2 2
left_child=1 2 -1 5 -5 -2 -3
right_child=3 6 -4 4 -6 -7 -8
leaf_value=0.0043863425513173768 0.027265031068551812 0.040506194342598778 -0.021067316687963404 0.070227533056401892 0.012313471449239397 -0.029248189424961168 0.0015707773390000502
leaf_weight=1228 698 241 2884 392 158 117 336
leaf_count=1228 698 241 2884 392 158 117 336
internal_value=9.28454e-06 -0.00961035 -0.0134662 0.0330461 0.0536176 0.0191385 0.0178551
internal_weight=6054 4689 4112 1365 550 815 577
internal_count=6054 4689 4112 1365 550 815 577
is_linear=0
shrinkage=0.01


Tree=107
num_leaves=8
num_cat=0
split_feature=63 11 35 91 2 11 80
split_gain=16782.9 13981.6 5203.42 4544.7 3949.36 2768.02 2225.86
threshold=11.101724137931036 0.60355339059327384 53.016666666666673 26.437656647363422 23.028888888888893 0.37940952255126054 43.53793103448276
decision_type=2 2 2 2 2 2 2
left_child=2 3 4 -2 -1 -4 -3
right_child=1 6 5 -5 -6 -7 -8
leaf_value=0.092184040609482806 0.058824534492408188 -0.028579093641184827 -0.0079751097481560018 0.018065208398943849 0.006183137351879176 -0.025660553699123824 0.0068876248268704664
leaf_weight=77 802 356 2514 416 172 1366 351
leaf_count=77 802 356 2514 416 172 1366 351
internal_value=9.28165e-06 0.0243905 -0.0113591 0.044917 0.0329112 -0.0142041 -0.010978
internal_weight=6054 1925 4129 1218 249 3880 707
internal_count=6054 1925 4129 1218 249 3880 707
is_linear=0
shrinkage=0.01


Tree=108
num_leaves=8
num_cat=0
split_feature=71 11 59 11 71 72 44
split_gain=18666.8 7516.46 7385.46 4111.06 3398.62 3295.43 1373.27
threshold=5.7287356321839091 0.25881904510252091 19.17933248880426 0.60355339059327384 14.098788399296827 40.324712643678168 22.190062111801247
decision_type=2 2 2 2 2 2 2
left_child=3 2 -2 5 -3 -1 -5
right_child=1 4 -4 6 -6 -7 -8
leaf_value=-0.010678096437485319 0.020671355075773536 -0.007855388790333661 0.069507478355104471 0.015786362024963412 0.041220851202366279 0.035586167750614031 -0.034183783066617492
leaf_weight=2406 993 842 450 58 169 164 972
leaf_count=2406 993 842 450 58 169 164 972
internal_value=9.28865e-06 0.021275 0.0359201 -0.0144876 0.000364082 -0.00771928 -0.0313632
internal_weight=6054 2454 1443 3600 1011 2570 1030
internal_count=6054 2454 1443 3600 1011 2570 1030
is_linear=0
shrinkage=0.01


Tree=109
num_leaves=8
num_cat=0
split_feature=69 11 63 11 69 63 53
split_gain=18682.3 8010.31 8194.64 3361.58 3154.25 2987.02 632.492
threshold=13.47918582375479 0.37940952255126054 11.41666666666667 0.60355339059327384 20.774373546844817 4.169540229885059 274.71666666666675
decision_type=2 2 2 2 2 2 2
left_child=3 2 -2 5 -3 -1 -5
right_child=1 4 -4 6 -6 -7 -8
leaf_value=-0.02684235547536205 0.0095775469601609778 -0.014983326990433822 0.053679892706681123 -0.039898925423678275 0.022945062372585909 -0.0022302508585652007 -0.023636413862760684
leaf_weight=694 797 680 894 464 323 1701 501
leaf_count=694 797 680 894 464 323 1701 501
internal_value=9.30403e-06 0.0196258 0.0329029 -0.0157194 -0.00276325 -0.00936643 -0.031473
internal_weight=6054 2694 1691 3360 1003 2395 965
internal_count=6054 2694 1691 3360 1003 2395 965
is_linear=0
shrinkage=0.01


Tree=110
num_leaves=8
num_cat=0
split_feature=71 11 59 4 4 73 91
split_gain=17975.5 7241.14 7154.15 3981.93 3955.63 3365.67 1404.45
threshold=5.7287356321839091 0.25881904510252091 19.17933248880426 1.0000000180025095e-35 21.500000000000004 27.749567118047526 49.475910504181634
decision_type=2 2 2 2 2 2 2
left_child=3 2 -2 6 -5 -3 -1
right_child=1 5 -4 4 -6 -7 -8
leaf_value=0.0581371144314657 0.020243813821206939 -0.0075054770409488016 0.068308961935829235 -0.01964516138721592 0.018679275749393556 0.042672100419736819 -0.0081059088386987391
leaf_weight=99 993 853 450 3160 294 158 47
leaf_count=99 993 853 450 3160 294 158 47
internal_value=9.19085e-06 0.0208774 0.0352518 -0.0142167 -0.0163807 0.000353043 0.036854
internal_weight=6054 2454 1443 3600 3454 1011 146
internal_count=6054 2454 1443 3600 3454 1011 146
is_linear=0
shrinkage=0.01


Tree=111
num_leaves=8
num_cat=0
split_feature=69 11 63 11 63 71 52
split_gain=18053.1 7775.87 8138.16 3264.3 2896.77 2367.47 667.159
threshold=13.47918582375479 0.60355339059327384 11.101724137931036 0.60355339059327384 4.169540229885059 14.098788399296827 374.98448275862074
decision_type=2 2 2 2 2 2 2
left_child=3 2 -2 4 -1 -3 -5
right_child=1 5 -4 6 -6 -7 -8
leaf_value=-0.026401893967485674 0.0065558348452096236 -0.014851044790384436 0.048120316188898386 -0.039538549344855761 -0.0021644573431815642 0.033537133245530176 -0.02284760254270736
leaf_weight=694 832 657 1086 469 1701 119 496
leaf_count=694 832 657 1086 469 1701 119 496
internal_value=9.24245e-06 0.0192927 0.0300969 -0.0154524 -0.009192 -0.00741323 -0.0309764
internal_weight=6054 2694 1918 3360 2395 776 965
internal_count=6054 2694 1918 3360 2395 776 965
is_linear=0
shrinkage=0.01


Tree=112
num_leaves=8
num_cat=0
split_feature=69 73 29 12 75 1 3
split_gain=17694.2 6978.28 5664.51 3231.5 2659.38 2242.04 1609.47
threshold=13.47918582375479 28.230741731927079 25.860721982758623 0.91597561503675351 6.0678160919540236 71.203448275862087 383.75000000000006
decision_type=2 2 2 2 2 2 2
left_child=3 2 -2 5 -3 -1 -5
right_child=1 4 -4 6 -6 -7 -8
leaf_value=-0.0071850517630582889 0.049433053896459855 0.12870039320729443 0.0060622898668630399 0.031912699218213714 0.048973129913466584 -0.025431656669687341 -0.0075695880618846167
leaf_weight=1043 355 48 1971 193 320 1903 221
leaf_count=1043 355 48 1971 193 320 1903 221
internal_value=9.13302e-06 0.0190999 0.0126911 -0.015298 0.0595342 -0.0189741 0.0108515
internal_weight=6054 2694 2326 3360 368 2946 414
internal_count=6054 2694 2326 3360 368 2946 414
is_linear=0
shrinkage=0.01


Tree=113
num_leaves=8
num_cat=0
split_feature=83 11 85 34 46 91 56
split_gain=14728.7 7553.89 6346.87 4262.39 2792.58 2626.35 1357.39
threshold=21.564858036319134 0.60355339059327384 10.938244793786657 83.135632183908072 22.065035092114531 27.229639647023472 650.37183908045984
decision_type=2 2 2 2 2 2 2
left_child=1 2 -1 5 -3 -2 -5
right_child=3 4 -4 6 -6 -7 -8
leaf_value=-0.015218078736527942 0.061289388570272503 0.016139270585222344 0.011511034889540759 -0.015875615344828505 -0.030047504190978246 0.0070602730058030609 0.044441538255323064
leaf_weight=1437 520 145 2325 151 1319 108 49
leaf_count=1437 520 145 2325 151 1319 108 49
internal_value=9.22823e-06 -0.00620032 0.00130031 0.0391821 -0.0254687 0.0519772 -0.00102144
internal_weight=6054 5226 3762 828 1464 628 200
internal_count=6054 5226 3762 828 1464 628 200
is_linear=0
shrinkage=0.01


Tree=114
num_leaves=8
num_cat=0
split_feature=71 73 88 75 92 86 37
split_gain=16814.9 6354.43 4534.09 2605.58 2007.35 1872.3 1535.91
threshold=5.7287356321839091 28.230741731927079 -1.0666666666666644 6.0678160919540236 18.950955555555559 10.097515092908678 66.179487179487197
decision_type=2 2 2 2 2 2 2
left_child=4 2 -2 -3 5 -1 -6
right_child=1 3 -4 -5 6 -7 -8
leaf_value=-0.002349094505489248 -0.0054359511358714032 0.12693781910114682 0.02494482922237129 0.048025059584034219 -0.0040697658646895781 0.058059410657053404 -0.020777793289414231
leaf_weight=476 791 48 1295 320 719 57 2348
leaf_count=476 791 48 1295 320 719 57 2348
internal_value=9.20229e-06 0.0201925 0.0134258 0.0584777 -0.0137498 0.00415852 -0.0168624
internal_weight=6054 2454 2086 368 3600 533 3067
internal_count=6054 2454 2086 368 3600 533 3067
is_linear=0
shrinkage=0.01


Tree=115
num_leaves=8
num_cat=0
split_feature=69 11 63 11 63 69 38
split_gain=16829.9 7463.76 7549.79 3112.21 3265.34 2884.95 905.078
threshold=13.47918582375479 0.37940952255126054 11.41666666666667 0.37940952255126054 4.169540229885059 20.774373546844817 76.283333333333346
decision_type=2 2 2 2 2 2 2
left_child=3 2 -2 4 -1 -3 -5
right_child=1 5 -4 6 -6 -7 -8
leaf_value=-0.026495364095270452 0.0090553292061257701 -0.014670338502368624 0.051386785725626181 -0.014759348335211444 0.00056145892060543306 0.021602863175112185 -0.033262108478727889
leaf_weight=637 797 680 894 385 1485 323 853
leaf_count=637 797 680 894 385 1485 323 853
internal_value=9.29557e-06 0.0186279 0.031444 -0.0149193 -0.00756478 -0.0029837 -0.0275167
internal_weight=6054 2694 1691 3360 2122 1003 1238
internal_count=6054 2694 1691 3360 2122 1003 1238
is_linear=0
shrinkage=0.01


Tree=116
num_leaves=8
num_cat=0
split_feature=71 11 59 12 71 48 11
split_gain=16193.8 6753.68 6642.11 4106.83 3047.45 2769.13 2405.12
threshold=5.7287356321839091 0.25881904510252091 19.17933248880426 0.91597561503675351 14.098788399296827 22.317711700064645 0.12940952255126045
decision_type=2 2 2 2 2 2 2
left_child=3 2 -2 5 -3 -1 -5
right_child=1 4 -4 6 -6 -7 -8
leaf_value=0.014021526177608015 0.019237602374495337 -0.0077881666655444963 0.065550478789144981 0.031659645414738272 0.038683582285138893 -0.020264446734731902 -0.017737460141919979
leaf_weight=256 993 842 450 293 169 2903 148
leaf_count=256 993 842 450 293 169 2903 148
internal_value=9.19628e-06 0.0198162 0.0336983 -0.0134933 -4.11589e-06 -0.017484 0.0150795
internal_weight=6054 2454 1443 3600 1011 3159 441
internal_count=6054 2454 1443 3600 1011 3159 441
is_linear=0
shrinkage=0.01


Tree=117
num_leaves=8
num_cat=0
split_feature=69 69 88 4 79 4 49
split_gain=16254.3 6482.64 4476.09 2970.63 2819.53 2818.17 1179.78
threshold=13.47918582375479 28.302128227839706 -2.0128151260504201 1.0000000180025095e-35 8.8666666666666689 21.500000000000004 374.98448275862074
decision_type=2 2 2 2 2 2 2
left_child=3 2 -2 6 -3 -5 -1
right_child=1 4 -4 5 -6 -7 -8
leaf_value=0.061886166455556259 -0.0060080915948235569 0.069094424480307115 0.022727875157009751 -0.019513975948183084 -0.01996336376703816 0.013560579655932641 0.0035256364621863456
leaf_weight=64 848 305 1501 2939 40 282 75
leaf_count=64 848 305 1501 2939 40 282 75
internal_value=9.20704e-06 0.0183067 0.0123548 -0.0146618 0.0587535 -0.0166165 0.0305258
internal_weight=6054 2694 2349 3360 345 3221 139
internal_count=6054 2694 2349 3360 345 3221 139
is_linear=0
shrinkage=0.01


Tree=118
num_leaves=8
num_cat=0
split_feature=71 11 63 11 17 13 45
split_gain=15656 5525.14 5374.78 4593.22 4433.12 2532.04 1255.05
threshold=8.5080459770114967 0.60355339059327384 11.41666666666667 0.60355339059327384 22.169540229885062 0.68301270189221941 22.035340926821661
decision_type=2 2 2 2 2 2 2
left_child=1 2 -1 4 -2 -5 -3
right_child=3 6 -4 5 -6 -7 -8
leaf_value=-0.0063659589127261183 0.021307483502733364 0.011604465408085367 0.033243328265071877 -0.022817973924351764 0.064136763837428695 0.02791252896735932 -0.028250997663847439
leaf_weight=2955 514 84 387 209 457 185 1263
leaf_count=2955 514 84 387 209 457 185 1263
internal_value=9.21929e-06 -0.00866763 -0.00177481 0.0298083 0.0414882 0.00100611 -0.0257618
internal_weight=6054 4689 3342 1365 971 394 1347
internal_count=6054 4689 3342 1365 971 394 1347
is_linear=0
shrinkage=0.01


Tree=119
num_leaves=8
num_cat=0
split_feature=69 69 90 12 79 71 3
split_gain=15694.5 6262.76 4338.18 2969.58 2757.59 2364.55 1574.49
threshold=13.47918582375479 28.302128227839706 -0.024654776150587861 0.91597561503675351 8.8666666666666689 3.7833333333333337 383.75000000000006
decision_type=2 2 2 2 2 2 2
left_child=3 2 -2 5 -3 -1 -5
right_child=1 4 -4 6 -6 -7 -8
leaf_value=-0.026074137530300842 -0.0027826574022926697 0.067970644553291035 0.02451182872635041 0.031491239308694845 -0.020100019561471765 -0.0080710338757341623 -0.0075595713985272374
leaf_weight=1613 1065 305 1284 193 40 1333 221
leaf_count=1613 1065 305 1284 193 40 1333 221
internal_value=9.21114e-06 0.0179889 0.0121388 -0.014407 0.0577438 -0.0179311 0.0106601
internal_weight=6054 2694 2349 3360 345 2946 414
internal_count=6054 2694 2349 3360 345 2946 414
is_linear=0
shrinkage=0.01


Tree=120
num_leaves=8
num_cat=0
split_feature=71 11 63 12 39 73 11
split_gain=15152.6 6510.99 5535.5 3882.31 3128.64 2893.44 2322.39
threshold=5.7287356321839091 0.25881904510252091 14.350985221674879 0.91597561503675351 65.112862318840598 27.749567118047526 0.12940952255126045
decision_type=2 2 2 2 2 2 2
left_child=3 2 -2 4 -1 -3 -5
right_child=1 5 -4 6 -6 -7 -8
leaf_value=0.0007025732725990428 0.017636159257584997 -0.0075790036492154461 0.058114603550103561 0.03102127311293677 -0.022547061704850376 0.038945431683321229 -0.017518626177100219
leaf_weight=763 903 853 540 293 2396 158 148
leaf_count=763 903 853 540 293 2396 158 148
internal_value=9.16565e-06 0.0191688 0.0327992 -0.013052 -0.0169321 -0.000291971 0.0147287
internal_weight=6054 2454 1443 3600 3159 1011 441
internal_count=6054 2454 1443 3600 3159 1011 441
is_linear=0
shrinkage=0.01


Tree=121
num_leaves=8
num_cat=0
split_feature=69 11 59 11 11 71 38
split_gain=15155.4 7018.67 6956.03 2885.79 2555.41 2055.52 871.65
threshold=13.47918582375479 0.60355339059327384 19.17933248880426 0.37940952255126054 -0.60355339059327362 14.098788399296827 76.283333333333346
decision_type=2 2 2 2 2 2 2
left_child=3 2 -2 4 -1 -3 -5
right_child=1 5 -4 6 -6 -7 -8
leaf_value=-0.018607794093918592 0.015392568783984869 -0.014624760881913366 0.056853450257472307 -0.013769911747305002 0.0033628228461765131 0.030463389753032803 -0.031925768702008882
leaf_weight=1008 1338 657 580 385 1114 119 853
leaf_count=1008 1338 657 580 385 1114 119 853
internal_value=9.15635e-06 0.0176773 0.0279421 -0.0141573 -0.00707543 -0.00769466 -0.0262878
internal_weight=6054 2694 1918 3360 2122 776 1238
internal_count=6054 2694 1918 3360 2122 776 1238
is_linear=0
shrinkage=0.01


Tree=122
num_leaves=8
num_cat=0
split_feature=69 11 59 11 11 79 34
split_gain=14854 6879.03 6817.75 2828.41 2504.58 1944.49 688.675
threshold=13.47918582375479 0.60355339059327384 19.17933248880426 0.37940952255126054 -0.60355339059327362 2.3896551724137933 83.881609195402305
decision_type=2 2 2 2 2 2 2
left_child=3 2 -2 4 -1 -3 -5
right_child=1 5 -4 6 -6 -7 -8
leaf_value=-0.018421808329724457 0.01523870057916442 0.02339260909304812 0.05628540549562918 -0.016090188194586456 0.0033292096864332653 -0.015685459427862595 -0.031644723729324128
leaf_weight=1008 1338 160 580 448 1114 616 790
leaf_count=1008 1338 160 580 448 1114 616 790
internal_value=9.0864e-06 0.0175007 0.0276629 -0.0140158 -0.00700471 -0.00761761 -0.0260251
internal_weight=6054 2694 1918 3360 2122 776 1238
internal_count=6054 2694 1918 3360 2122 776 1238
is_linear=0
shrinkage=0.01


Tree=123
num_leaves=8
num_cat=0
split_feature=71 85 90 12 92 75 91
split_gain=14422.3 5133.02 4079.16 3716.91 3237.93 2642.06 2329.67
threshold=5.7287356321839091 26.483709764987939 -0.029041877838106463 0.91597561503675351 18.950955555555559 6.0678160919540236 67.116469344979706
decision_type=2 2 2 2 2 2 2
left_child=3 2 -2 4 -1 -3 -5
right_child=1 5 -4 6 -6 -7 -8
leaf_value=0.0067553405649922972 -0.0043503517877234929 0.12108338923532713 0.024271339426676145 0.02567906901264971 -0.020930190469607229 0.041629137589686172 -0.032454846939322539
leaf_weight=502 862 47 1178 356 2657 367 85
leaf_count=502 862 47 1178 356 2657 367 85
internal_value=9.00823e-06 0.0187013 0.0121789 -0.0127336 -0.0165301 0.0507857 0.0144489
internal_weight=6054 2454 2040 3600 3159 414 441
internal_count=6054 2454 2040 3600 3159 414 441
is_linear=0
shrinkage=0.01


Tree=124
num_leaves=8
num_cat=0
split_feature=83 11 83 34 46 59 73
split_gain=12151.8 6613.18 5121.21 3903.7 2564.15 1914.94 1355.03
threshold=21.564858036319134 0.60355339059327384 8.7993361381154589 83.135632183908072 22.065035092114531 14.105295566502464 27.749567118047526
decision_type=2 2 2 2 2 2 2
left_child=1 2 -1 5 -3 -2 -5
right_child=3 4 -4 6 -6 -7 -8
leaf_value=-0.020670957597100536 0.0017815745922754396 0.016208371242553098 0.0075566907988718008 -0.027089822695421619 -0.028047559913316991 0.054453888787199027 0.02496543394499284
leaf_weight=822 79 145 2940 107 1319 549 93
leaf_count=822 79 145 2940 107 1319 549 93
internal_value=9.05254e-06 -0.00563118 0.00138687 0.0355904 -0.0236599 0.0478354 -0.00287974
internal_weight=6054 5226 3762 828 1464 628 200
internal_count=6054 5226 3762 828 1464 628 200
is_linear=0
shrinkage=0.01


Tree=125
num_leaves=8
num_cat=0
split_feature=69 69 88 4 79 4 3
split_gain=14160.7 5726.08 4165.9 2731.82 2694.03 2588.44 1103.02
threshold=13.47918582375479 28.302128227839706 -2.0128151260504201 1.0000000180025095e-35 8.8666666666666689 21.500000000000004 374.98448275862074
decision_type=2 2 2 2 2 2 2
left_child=3 2 -2 6 -3 -5 -1
right_child=1 4 -4 5 -6 -7 -8
leaf_value=0.06041243303285574 -0.0062212598704451429 0.065210034819115595 0.021500986225360924 -0.018336087307430485 -0.021822287884759314 0.013361341035431993 0.0039113248773649627
leaf_weight=63 848 305 1501 2939 40 282 76
leaf_count=63 848 305 1501 2939 40 282 76
internal_value=8.98684e-06 0.0170875 0.0114937 -0.0136847 0.0551009 -0.0155592 0.0296481
internal_weight=6054 2694 2349 3360 345 3221 139
internal_count=6054 2694 2349 3360 345 3221 139
is_linear=0
shrinkage=0.01


Tree=126
num_leaves=8
num_cat=0
split_feature=69 11 59 12 69 71 50
split_gain=13879 6653.93 6381.86 2677.74 2507.32 2447.56 1176.46
threshold=13.47918582375479 0.37940952255126054 19.17933248880426 0.98296291314453421 20.774373546844817 3.5833333333333339 248.33965517241384
decision_type=2 2 2 2 2 2 2
left_child=3 2 -2 5 -3 -1 -5
right_child=1 4 -4 6 -6 -7 -8
leaf_value=-0.024374533291772776 0.01629201031352738 -0.014383116975084528 0.058689628067583287 0.065624857100051476 0.019432947233895066 -0.0069310249633440929 0.00605635926876849
leaf_weight=1564 1184 680 507 54 323 1657 85
leaf_count=1564 1184 680 507 54 323 1657 85
internal_value=8.99529e-06 0.0169168 0.0290177 -0.0135478 -0.00348844 -0.0154036 0.0293539
internal_weight=6054 2694 1691 3360 1003 3221 139
internal_count=6054 2694 1691 3360 1003 3221 139
is_linear=0
shrinkage=0.01


Tree=127
num_leaves=8
num_cat=0
split_feature=71 11 59 11 72 73 43
split_gain=13522.2 6032.23 5589.54 3210.66 2927.49 2625.68 1037.79
threshold=5.7287356321839091 0.25881904510252091 19.17933248880426 0.60355339059327384 40.324712643678168 27.749567118047526 22.065035092114531
decision_type=2 2 2 2 2 2 2
left_child=3 2 -2 4 -1 -3 -5
right_child=1 5 -4 6 -6 -7 -8
leaf_value=-0.0091371546250154784 0.017962465790989302 -0.00756441888399204 0.060448065052341279 0.011352993186022944 0.03446750276746359 0.036755010845063239 -0.029847684438501935
leaf_weight=2406 993 853 450 65 164 158 965
leaf_count=2406 993 853 450 65 164 158 965
internal_value=9.00555e-06 0.0181086 0.0312283 -0.0123295 -0.00634824 -0.000622899 -0.0272429
internal_weight=6054 2454 1443 3600 2570 1011 1030
internal_count=6054 2454 1443 3600 2570 1011 1030
is_linear=0
shrinkage=0.01


Tree=128
num_leaves=8
num_cat=0
split_feature=71 11 63 11 17 6 45
split_gain=13254.7 4836.52 4792.7 4090.34 3861.84 1933.93 1149.14
threshold=8.5080459770114967 0.60355339059327384 11.41666666666667 0.60355339059327384 22.169540229885062 14.500000000000002 22.035340926821661
decision_type=2 2 2 2 2 2 2
left_child=1 2 -1 4 -2 -5 -3
right_child=3 6 -4 5 -6 -7 -8
leaf_value=-0.005861193951065229 0.019614441757600628 0.011783790547687275 0.031541836322911326 0.029224832835066356 0.059588528659231345 -0.016647597630360798 -0.026350135877306839
leaf_weight=2955 514 84 387 145 457 249 1263
leaf_count=2955 514 84 387 145 457 249 1263
internal_value=9.01085e-06 -0.00797472 -0.00152574 0.0274277 0.0384497 0.000248764 -0.0239682
internal_weight=6054 4689 3342 1365 971 394 1347
internal_count=6054 4689 3342 1365 971 394 1347
is_linear=0
shrinkage=0.01


Tree=129
num_leaves=8
num_cat=0
split_feature=63 4 34 4 6 2 4
split_gain=11592.7 5883.98 5160.18 4902.29 3268.72 2495.8 2212.22
threshold=11.101724137931036 9.5000000000000018 52.712068965517254 1.5000000000000002 7.5000000000000009 22.893588362068972 1.0000000180025095e-35
decision_type=2 2 2 2 2 2 2
left_child=2 3 5 -2 -3 -1 -4
right_child=1 4 6 -5 -6 -7 -8
leaf_value=0.088861879172251218 0.0464355660195373 -0.012456148793163908 0.026615754184842952 -0.0074394692298193075 0.045883106963055725 0.015964829238563946 -0.013668790475673044
leaf_weight=64 213 109 141 808 795 174 3750
leaf_count=64 213 109 141 808 795 174 3750
internal_value=9.00656e-06 0.0202725 -0.00943933 0.00381663 0.0388453 0.0357147 -0.0122056
internal_weight=6054 1925 4129 1021 904 238 3891
internal_count=6054 1925 4129 1021 904 238 3891
is_linear=0
shrinkage=0.01


Tree=130
num_leaves=8
num_cat=0
split_feature=69 11 59 4 4 69 50
split_gain=13001.7 6198.99 5940.47 2558.68 2505.26 2389.41 1157
threshold=13.47918582375479 0.37940952255126054 19.17933248880426 1.0000000180025095e-35 21.500000000000004 20.774373546844817 248.33965517241384
decision_type=2 2 2 2 2 2 2
left_child=3 2 -2 6 -5 -3 -1
right_child=1 5 -4 4 -6 -7 -8
leaf_value=0.064794049661640735 0.015775926560531468 -0.013956977703647448 0.056681175199870405 -0.017658323196371721 0.013525347385054405 0.019054315069704744 0.0057224150791502842
leaf_weight=54 1184 680 507 2939 282 323 85
leaf_count=54 1184 680 507 2939 282 323 85
internal_value=9.07438e-06 0.0163738 0.0280537 -0.0131122 -0.0149263 -0.00332153 0.0288247
internal_weight=6054 2694 1691 3360 3221 1003 139
internal_count=6054 2694 1691 3360 3221 1003 139
is_linear=0
shrinkage=0.01


Tree=131
num_leaves=8
num_cat=0
split_feature=83 73 88 33 7 4 27
split_gain=10751.2 4352.2 3927.7 2793.54 3412.44 2074.73 748.888
threshold=21.564858036319134 12.415593410718087 -0.36666666666666686 84.271264367816102 3.5000000000000004 1.0000000180025095e-35 27.305172413793105
decision_type=2 2 2 2 2 2 2
left_child=1 5 -3 4 -2 -1 -5
right_child=3 2 -4 6 -6 -7 -8
leaf_value=0.027956130590995502 0.012043322223881006 -0.0077298127969128239 0.017529320311740874 -0.019034867822368573 0.059262014658842559 -0.015714001647884383 0.026973711966900599
leaf_weight=113 238 1286 1180 108 430 2647 52
leaf_count=113 238 1286 1180 108 430 2647 52
internal_value=9.10501e-06 -0.00529615 0.00435778 0.0334773 0.0424609 -0.0139211 -0.00404152
internal_weight=6054 5226 2466 828 668 2760 160
internal_count=6054 5226 2466 828 668 2760 160
is_linear=0
shrinkage=0.01


Tree=132
num_leaves=8
num_cat=0
split_feature=69 11 63 11 63 79 38
split_gain=12539.3 6065.61 6228.13 2530 2940.76 1857.06 817.616
threshold=13.47918582375479 0.60355339059327384 11.101724137931036 0.37940952255126054 4.169540229885059 2.3896551724137933 76.283333333333346
decision_type=2 2 2 2 2 2 2
left_child=3 2 -2 4 -1 -3 -5
right_child=1 5 -4 6 -6 -7 -8
leaf_value=-0.024211087923727784 0.0050289447420106097 0.02279893266337683 0.041389674316349385 -0.012113904794697419 0.0014655424609394114 -0.015390551852048748 -0.02969470321465181
leaf_weight=637 832 160 1086 385 1485 616 853
leaf_count=637 832 160 1086 385 1485 616 853
internal_value=9.09842e-06 0.0160801 0.0256226 -0.0128768 -0.00624594 -0.00750618 -0.0242348
internal_weight=6054 2694 1918 3360 2122 776 1238
internal_count=6054 2694 1918 3360 2122 776 1238
is_linear=0
shrinkage=0.01


Tree=133
num_leaves=8
num_cat=0
split_feature=69 69 2 69 78 5 12
split_gain=12299.7 4329.56 3650 2822.5 2331.66 2241.36 1411.29
threshold=18.840763678371442 10.442456124088496 22.893588362068972 28.302128227839706 8.8963926727994895 4.5000000000000009 0.91597561503675351
decision_type=2 2 2 2 2 2 2
left_child=1 6 -3 4 -2 -5 -1
right_child=3 2 -4 5 -6 -7 -8
leaf_value=-0.021725750834429607 0.031948955040610814 0.02882886398592599 -0.0039679853675528808 0.062090672279672215 -7.1615258523613037e-05 -0.012079244892220748 0.0041679105460799316
leaf_weight=1753 541 395 2389 298 392 47 239
leaf_count=1753 541 395 2389 298 392 47 239
internal_value=8.99775e-06 -0.00736461 0.000689465 0.0275573 0.0185021 0.0519821 -0.0186185
internal_weight=6054 4776 2784 1278 933 345 1992
internal_count=6054 4776 2784 1278 933 345 1992
is_linear=0
shrinkage=0.01


Tree=134
num_leaves=7
num_cat=0
split_feature=72 92 11 63 35 44
split_gain=10752.8 4856.98 4287.59 5337.5 3406.89 1726.76
threshold=36.526666666666678 16.480825925925927 0.37940952255126054 6.610344827586208 84.678160919540247 22.035340926821661
decision_type=2 2 2 2 2 2
left_child=2 -2 3 -1 -3 -4
right_child=1 4 5 -5 -6 -7
leaf_value=-0.01282920956646994 0.11513213749955187 0.029286052055355213 0.010283171401861458 0.014175695750360238 -0.008193834576764562 -0.023176017853208872
leaf_weight=1535 56 1029 171 1398 317 1548
leaf_count=1535 56 1029 171 1398 317 1548
internal_value=8.98065e-06 0.0242805 -0.00730759 4.25973e-05 0.0204589 -0.0198453
internal_weight=6054 1402 4652 2933 1346 1719
internal_count=6054 1402 4652 2933 1346 1719
is_linear=0
shrinkage=0.01


Tree=135
num_leaves=8
num_cat=0
split_feature=71 11 59 12 39 73 11
split_gain=11899.1 5439.89 4980.26 3290.57 2817.49 2427.67 2155.96
threshold=5.7287356321839091 0.25881904510252091 19.17933248880426 0.91597561503675351 65.112862318840598 27.749567118047526 0.12940952255126045
decision_type=2 2 2 2 2 2 2
left_child=3 2 -2 4 -1 -3 -5
right_child=1 5 -4 6 -6 -7 -8
leaf_value=0.0015966600494967931 0.016924561535776934 -0.0074748845068895002 0.05702783299241624 0.029708516522569291 -0.020466007600065627 0.035140702615212946 -0.017059514858255079
leaf_weight=763 993 853 450 293 2396 158 148
leaf_count=763 993 853 450 293 2396 158 148
internal_value=8.99372e-06 0.0169876 0.0294465 -0.0115654 -0.0151376 -0.000800309 0.0140104
internal_weight=6054 2454 1443 3600 3159 1011 441
internal_count=6054 2454 1443 3600 3159 1011 441
is_linear=0
shrinkage=0.01


Tree=136
num_leaves=8
num_cat=0
split_feature=69 11 59 11 71 79 52
split_gain=11721.2 5785.04 5522.76 2393.4 2038.27 1805.56 584.812
threshold=13.47918582375479 0.60355339059327384 19.17933248880426 0.60355339059327384 3.5425287356321844 2.3896551724137933 374.98448275862074
decision_type=2 2 2 2 2 2 2
left_child=3 2 -2 4 -1 -3 -5
right_child=1 5 -4 6 -6 -7 -8
leaf_value=-0.016741140051826732 0.013683982051261881 0.022394694750275567 0.050627348427513159 -0.033753963676440957 0.0017254257267344736 -0.015261537190839881 -0.018139018956661857
leaf_weight=1143 1338 160 580 469 1252 616 496
leaf_count=1143 1338 160 580 469 1252 616 496
internal_value=8.98336e-06 0.015547 0.0248661 -0.0124495 -0.00708908 -0.0074873 -0.0257421
internal_weight=6054 2694 1918 3360 2395 776 965
internal_count=6054 2694 1918 3360 2395 776 965
is_linear=0
shrinkage=0.01


Tree=137
num_leaves=8
num_cat=0
split_feature=69 11 69 88 11 92 69
split_gain=11507.5 5479.48 4880.36 2981.51 2408.45 2025.91 1917.14
threshold=19.230084107397751 0.12940952255126045 11.720379416773097 -2.0729885057471265 0.60355339059327384 17.948816884661124 34.054583730445806
decision_type=2 2 2 2 2 2 2
left_child=1 2 -1 6 -5 -3 -2
right_child=3 5 -4 4 -6 -7 -8
leaf_value=-0.0096398596353809429 0.00067642229119588379 0.015045537447472951 0.017625216595774675 0.050777393099954819 0.011310218044399665 -0.021246866158488427 0.075408590916991231
leaf_weight=1434 406 166 1210 547 216 2038 37
leaf_count=1434 406 166 1210 547 216 2038 37
internal_value=8.89654e-06 -0.00686794 0.00283851 0.0276449 0.0396199 -0.0185104 0.00699727
internal_weight=6054 4848 2644 1206 763 2204 443
internal_count=6054 4848 2644 1206 763 2204 443
is_linear=0
shrinkage=0.01


Tree=138
num_leaves=7
num_cat=0
split_feature=72 92 53 38 4 73
split_gain=10110.7 4727.9 3299.38 2916.17 3889.08 1517.45
threshold=36.526666666666678 16.480825925925927 594.31666666666672 65.81379310344829 21.500000000000004 11.042085727969349
decision_type=2 2 2 2 2 2
left_child=3 -2 -3 5 -5 -1
right_child=1 2 -4 4 -6 -7
leaf_value=-0.0088588477573504579 0.11318002886555892 0.013846768694456018 0.061170232126489282 -0.015457848116809274 0.018839555044506403 0.014581014117441981
leaf_weight=427 56 1178 168 3075 370 780
leaf_count=427 56 1178 168 3075 370 780
internal_value=8.92559e-06 0.0235446 0.0197743 -0.00708581 -0.0117719 0.00628805
internal_weight=6054 1402 1346 4652 3445 1207
internal_count=6054 1402 1346 4652 3445 1207
is_linear=0
shrinkage=0.01


Tree=139
num_leaves=8
num_cat=0
split_feature=72 35 41 12 1 33 12
split_gain=9909.91 4072.04 3563.58 2988.88 3933.59 3210.92 1294.32
threshold=36.526666666666678 83.01666666666668 22.21242236024845 0.91597561503675351 66.316666666666677 75.758156498673756 0.78656609248549303
decision_type=2 2 2 2 2 2 2
left_child=3 2 -2 4 -1 -5 -3
right_child=1 6 -4 5 -6 -7 -8
leaf_value=0.0049130797148877079 0.070218043372771322 -0.013110824051693627 0.024148238022905825 -0.041515947466748103 -0.016485774303441565 0.024262191372899772 0.034297543524850344
leaf_weight=1230 212 314 806 87 2846 489 70
leaf_count=1230 212 314 806 87 2846 489 70
internal_value=9.00093e-06 0.0233098 0.0337726 -0.00701494 -0.0100284 0.0142987 -0.00443401
internal_weight=6054 1402 1018 4652 4076 576 384
internal_count=6054 1402 1018 4652 4076 576 384
is_linear=0
shrinkage=0.01


Tree=140
num_leaves=8
num_cat=0
split_feature=69 11 63 4 4 79 50
split_gain=11018.1 5487.19 5596.29 2341.59 2284.25 2177.03 1134.57
threshold=13.47918582375479 0.37940952255126054 11.41666666666667 1.0000000180025095e-35 21.500000000000004 2.3896551724137933 248.33965517241384
decision_type=2 2 2 2 2 2 2
left_child=3 2 -2 6 -5 -3 -1
right_child=1 5 -4 4 -6 -7 -8
leaf_value=0.063666336057382991 0.0067874872507066196 0.025395405497033913 0.043232369013805332 -0.01641420279475644 0.013361795525364909 -0.010970944095335141 0.0051737089460356205
leaf_weight=54 797 207 894 2939 282 796 85
leaf_count=54 797 207 894 2939 282 796 85
internal_value=8.98346e-06 0.0150737 0.0260626 -0.01207 -0.0138055 -0.00345621 0.0280478
internal_weight=6054 2694 1691 3360 3221 1003 139
internal_count=6054 2694 1691 3360 3221 1003 139
is_linear=0
shrinkage=0.01


Tree=141
num_leaves=8
num_cat=0
split_feature=71 69 88 12 92 75 91
split_gain=10919.7 4413.36 3348.36 3084.73 2813.34 2574.61 2167.13
threshold=5.7287356321839091 28.302128227839706 -1.0666666666666644 0.91597561503675351 18.950955555555559 11.597290640394091 67.116469344979706
decision_type=2 2 2 2 2 2 2
left_child=3 2 -2 4 -1 -3 -5
right_child=1 5 -4 6 -6 -7 -8
leaf_value=0.0071669723327368942 -0.004952537494389786 0.084473436376372515 0.020890198187309254 0.024515611110863814 -0.018638985473509905 0.028053608900518886 -0.031553128678547704
leaf_weight=502 820 130 1289 356 2657 215 85
leaf_count=502 820 130 1289 356 2657 215 85
internal_value=9.0036e-06 0.0162739 0.0108433 -0.0110788 -0.0145375 0.0494062 0.0136841
internal_weight=6054 2454 2109 3600 3159 345 441
internal_count=6054 2454 2109 3600 3159 345 441
is_linear=0
shrinkage=0.01


Tree=142
num_leaves=8
num_cat=0
split_feature=71 11 63 12 92 71 91
split_gain=10702.6 5000.3 4090.91 3023.33 2757.38 2304.53 2124.37
threshold=5.7287356321839091 0.25881904510252091 14.350985221674879 0.91597561503675351 18.950955555555559 14.098788399296827 50.031444364411541
decision_type=2 2 2 2 2 2 2
left_child=3 2 -2 4 -1 -3 -5
right_child=1 5 -4 6 -6 -7 -8
leaf_value=0.0070953738665476968 0.015021090927991993 -0.0077112393057183507 0.049819168161328586 0.028657851805671035 -0.018452630650708741 0.03270087487230787 -0.018255854678049421
leaf_weight=502 903 842 540 299 2657 169 142
leaf_count=502 903 842 540 299 2657 169 142
internal_value=9.0052e-06 0.0161114 0.0280563 -0.010968 -0.0143921 -0.000942581 0.0135472
internal_weight=6054 2454 1443 3600 3159 1011 441
internal_count=6054 2454 1443 3600 3159 1011 441
is_linear=0
shrinkage=0.01


Tree=143
num_leaves=8
num_cat=0
split_feature=71 69 4 4 29 5 55
split_gain=10489.8 4274.65 2918.16 3027.8 2860.31 2158.31 1424.81
threshold=5.7287356321839091 28.302128227839706 1.0000000180025095e-35 21.500000000000004 25.860721982758623 4.5000000000000009 421.05000000000007
decision_type=2 2 2 2 2 2 2
left_child=2 4 6 -4 -2 -3 -1
right_child=1 5 3 -5 -6 -7 -8
leaf_value=0.059202954509104899 0.035958738285739006 0.058478314062383907 -0.015567201287059447 0.017961423855382439 0.0052555484166024111 -0.014284435851950395 -0.0040214906664398625
leaf_weight=85 367 298 3160 294 1742 47 61
leaf_count=85 367 298 3160 294 1742 47 61
internal_value=8.98936e-06 0.0159505 -0.0108583 -0.012711 0.0106059 0.0485579 0.0328603
internal_weight=6054 2454 3600 3454 2109 345 146
internal_count=6054 2454 3600 3454 2109 345 146
is_linear=0
shrinkage=0.01


Tree=144
num_leaves=8
num_cat=0
split_feature=71 73 79 4 4 75 55
split_gain=10281.1 4174.63 3903.63 2860.33 2967.61 2547.11 1396.63
threshold=5.7287356321839091 28.230741731927079 4.0166666666666675 1.0000000180025095e-35 21.500000000000004 6.0678160919540236 421.05000000000007
decision_type=2 2 2 2 2 2 2
left_child=3 2 -2 6 -5 -3 -1
right_child=1 5 -4 4 -6 -7 -8
leaf_value=0.058614387311433494 0.020962428247443841 0.1144475294413026 -0.0072472140866443385 -0.01541155386304075 0.017782114550167719 0.036514300764699623 -0.0039816027874869063
leaf_weight=85 1298 48 788 3160 294 320 61
leaf_count=85 1298 48 788 3160 294 320 61
internal_value=9.01836e-06 0.0157911 0.0103066 -0.0107497 -0.0125838 0.0468224 0.0325335
internal_weight=6054 2454 2086 3600 3454 368 146
internal_count=6054 2454 2086 3600 3454 368 146
is_linear=0
shrinkage=0.01


Tree=145
num_leaves=8
num_cat=0
split_feature=71 11 11 71 81 10 92
split_gain=10080.9 4035.33 3330.48 3386.36 3258.62 1566.39 1017.88
threshold=8.5080459770114967 0.60355339059327384 0.60355339059327384 8.6103448275862089 8.0685836181477395 1.5000000000000002 18.357912881490289
decision_type=2 2 2 2 2 2 2
left_child=1 4 3 -2 -1 -4 -3
right_child=2 6 5 -5 -6 -7 -8
leaf_value=-0.019240978915903543 0.12980239219564788 0.0079945588053658961 0.017853446646157432 0.030211284254877981 0.0042994257369715991 -0.022089208000673821 -0.024115386946310755
leaf_weight=761 35 107 212 936 2581 182 1240
leaf_count=761 35 107 212 936 2581 182 1240
internal_value=9.11211e-06 -0.00695346 0.0239209 0.0338665 -0.00106284 -0.000600565 -0.0215623
internal_weight=6054 4689 1365 971 3342 394 1347
internal_count=6054 4689 1365 971 3342 394 1347
is_linear=0
shrinkage=0.01


Tree=146
num_leaves=8
num_cat=0
split_feature=69 11 17 71 79 11 4
split_gain=10034 5184.92 5156.8 2163.07 1699.5 1522.97 1275.25
threshold=13.47918582375479 0.60355339059327384 22.169540229885062 3.5833333333333339 2.3896551724137933 0.37940952255126054 1.0000000180025095e-35
decision_type=2 2 2 2 2 2 2
left_child=3 2 -2 6 -3 -5 -1
right_child=1 4 -4 5 -6 -7 -8
leaf_value=0.023142364303644438 0.01193395224987023 0.02156993494312804 0.047064208892132448 0.0034442217036280399 -0.01496367615551385 -0.015996290619935065 -0.021600637662396806
leaf_weight=66 1303 160 615 1092 616 638 1564
leaf_count=66 1303 160 615 1092 616 638 1564
internal_value=9.12475e-06 0.0143853 0.0232079 -0.0115178 -0.00742129 -0.00372743 -0.0197821
internal_weight=6054 2694 1918 3360 776 1730 1630
internal_count=6054 2694 1918 3360 776 1730 1630
is_linear=0
shrinkage=0.01


Tree=147
num_leaves=8
num_cat=0
split_feature=71 11 59 12 92 71 11
split_gain=9763.89 4733.28 4351.51 2815.8 2665.18 2185.83 1967.1
threshold=5.7287356321839091 0.25881904510252091 19.17933248880426 0.91597561503675351 18.950955555555559 14.098788399296827 0.12940952255126045
decision_type=2 2 2 2 2 2 2
left_child=3 2 -2 4 -1 -3 -5
right_child=1 5 -4 6 -6 -7 -8
leaf_value=0.0073449710412261384 0.015306167537921118 -0.0077950461142030428 0.052792040781195503 0.028178116886107035 -0.017772072387955116 0.031562500949278698 -0.016494146777674405
leaf_weight=502 993 842 450 293 2657 169 148
leaf_count=502 993 842 450 293 2657 169 148
internal_value=9.07944e-06 0.0153891 0.0270107 -0.0104755 -0.01378 -0.00120315 0.0131832
internal_weight=6054 2454 1443 3600 3159 1011 441
internal_count=6054 2454 1443 3600 3159 1011 441
is_linear=0
shrinkage=0.01


Tree=148
num_leaves=8
num_cat=0
split_feature=69 11 59 71 79 11 4
split_gain=9687.4 5016.09 4781.67 2106.08 1662.59 1472.05 1227
threshold=13.47918582375479 0.60355339059327384 19.17933248880426 3.5833333333333339 2.3896551724137933 0.37940952255126054 1.0000000180025095e-35
decision_type=2 2 2 2 2 2 2
left_child=3 2 -2 6 -3 -5 -1
right_child=1 4 -4 5 -6 -7 -8
leaf_value=0.022633017773915052 0.012407856367716304 0.021360791074361569 0.04678305515733569 0.0034207187855611948 -0.014773863268294052 -0.015691993549607618 -0.021255544912409347
leaf_weight=66 1338 160 580 1092 616 638 1564
leaf_count=66 1338 160 580 1092 616 638 1564
internal_value=9.06641e-06 0.0141348 0.0228126 -0.011317 -0.00731382 -0.00362999 -0.0194718
internal_weight=6054 2694 1918 3360 776 1730 1630
internal_count=6054 2694 1918 3360 776 1730 1630
is_linear=0
shrinkage=0.01


Tree=149
num_leaves=8
num_cat=0
split_feature=69 69 2 6 90 64 4
split_gain=9526.43 3663.52 3319.21 2657.68 2203.66 1619.64 992.666
threshold=19.230084107397751 10.14152298850575 22.893588362068972 6.5000000000000009 -0.073653658593302959 29.745977011494258 1.0000000180025095e-35
decision_type=2 2 2 2 2 2 2
left_child=1 6 -3 5 -5 -2 -1
right_child=3 2 -4 4 -6 -7 -8
leaf_value=0.018592490671037815 0.020773985431854984 0.026718353168172976 -0.0036818596538172699 0.010492723911061113 0.039898833723262417 -0.062899507263728546 -0.0189461391201791
leaf_weight=73 41 416 2608 396 717 52 1751
leaf_count=73 41 416 2608 396 717 52 1751
internal_value=9.0219e-06 -0.00624792 0.000503741 0.0251539 0.0294461 -0.026092 -0.0174388
internal_weight=6054 4848 3024 1206 1113 93 1824
internal_count=6054 4848 3024 1206 1113 93 1824
is_linear=0
shrinkage=0.01


Tree=150
num_leaves=8
num_cat=0
split_feature=69 69 2 88 35 69 71
split_gain=9336.86 3590.63 3253.22 2758.65 1912.4 1761.54 1035.47
threshold=19.230084107397751 10.14152298850575 22.893588362068972 -2.0729885057471265 82.847701149425305 34.054583730445806 2.5166666666666671
decision_type=2 2 2 2 2 2 2
left_child=1 6 -3 5 -5 -2 -1
right_child=3 2 -4 4 -6 -7 -8
leaf_value=-0.031996486232324435 -0.0010107492732679127 0.02645149040508385 -0.0036450480876956304 0.045243998016039698 0.008001205476026561 0.070620291792551679 -0.013403228587916167
leaf_weight=378 406 416 2608 582 181 37 1446
leaf_count=378 406 416 2608 582 181 37 1446
internal_value=8.95807e-06 -0.00618542 0.00049874 0.0249024 0.0364209 0.00504372 -0.0172644
internal_weight=6054 4848 3024 1206 763 443 1824
internal_count=6054 4848 3024 1206 763 443 1824
is_linear=0
shrinkage=0.01


Tree=151
num_leaves=8
num_cat=0
split_feature=69 28 88 4 4 51 3
split_gain=9158.84 4606.96 3587.25 2041.73 2063.83 1081.72 970.891
threshold=13.47918582375479 23.762643678160924 0.073613365597148941 1.0000000180025095e-35 21.500000000000004 462.22679738562096 374.98448275862074
decision_type=2 2 2 2 2 2 2
left_child=3 5 -3 6 -5 -2 -1
right_child=1 2 -4 4 -6 -7 -8
leaf_value=0.055319114235442453 0.14047273986065975 -0.00059209792797708047 0.022795745513956533 -0.015104148550949157 0.013198335593938829 0.057516477321235222 0.0023199417852108775
leaf_weight=63 30 1250 1379 2939 282 35 76
leaf_count=63 30 1250 1379 2939 282 35 76
internal_value=8.95044e-06 0.0137439 0.0116774 -0.0110038 -0.0126244 0.0965917 0.0264569
internal_weight=6054 2694 2629 3360 3221 65 139
internal_count=6054 2694 2629 3360 3221 65 139
is_linear=0
shrinkage=0.01


Tree=152
num_leaves=8
num_cat=0
split_feature=71 73 88 12 39 75 91
split_gain=8963.36 3850.78 3580.5 2688.86 2540.62 2503.82 2037.11
threshold=5.7287356321839091 28.230741731927079 -1.0666666666666644 0.91597561503675351 65.112862318840598 6.0678160919540236 67.116469344979706
decision_type=2 2 2 2 2 2 2
left_child=3 2 -2 4 -1 -3 -5
right_child=1 5 -4 6 -6 -7 -8
leaf_value=0.0026244553437977346 -0.0072823789001385912 0.11158727372061349 0.019714304419604624 0.023584448899023582 -0.018325541099599114 0.034332456745335173 -0.030775896396727589
leaf_weight=763 791 48 1295 356 2396 320 85
leaf_count=763 791 48 1295 356 2396 320 85
internal_value=9.09124e-06 0.0147451 0.00947778 -0.0100365 -0.0132657 0.0445483 0.0130827
internal_weight=6054 2454 2086 3600 3159 368 441
internal_count=6054 2454 2086 3600 3159 368 441
is_linear=0
shrinkage=0.01


Tree=153
num_leaves=8
num_cat=0
split_feature=69 92 69 88 88 35 69
split_gain=8906.95 4265.26 3384.11 2639.27 1898.87 1875.46 1715.6
threshold=19.230084107397751 17.948816884661124 14.999528099794839 -2.0729885057471265 3.3333333333333339 82.847701149425305 34.054583730445806
decision_type=2 2 2 2 2 2 2
left_child=1 2 -1 6 -3 -5 -2
right_child=3 4 -4 5 -6 -7 -8
leaf_value=0.0011269742201488009 -0.001076420272041804 -0.013297039680690667 0.053412686810873321 0.044326582750166432 0.0017225070859259624 0.0074469634888914326 0.069614388087590531
leaf_weight=329 406 3176 198 582 1145 181 37
leaf_count=329 406 3176 198 582 1145 181 37
internal_value=9.11301e-06 -0.00604097 0.0208043 0.0243227 -0.00931723 0.0355892 0.00489848
internal_weight=6054 4848 527 1206 4321 763 443
internal_count=6054 4848 527 1206 4321 763 443
is_linear=0
shrinkage=0.01


Tree=154
num_leaves=8
num_cat=0
split_feature=69 34 4 88 2 35 69
split_gain=8729.97 3506.19 3308.02 2586.67 2079.98 1838.15 1681.91
threshold=19.230084107397751 52.712068965517254 1.0000000180025095e-35 -2.0729885057471265 22.893588362068972 82.847701149425305 34.054583730445806
decision_type=2 2 2 2 2 2 2
left_child=1 4 -3 6 -1 -5 -2
right_child=3 2 -4 5 -6 -7 -8
leaf_value=0.076962548461154856 -0.0010656692213384575 0.031706316079010741 -0.0097286649618316436 0.043883697202617838 0.012248408934887179 0.0073726987184407622 0.068927526024182631
leaf_weight=70 406 201 4408 582 169 181 37
leaf_count=70 406 201 4408 582 169 181 37
internal_value=9.15919e-06 -0.00598052 -0.00791832 0.02408 0.0313255 0.0352337 0.00485025
internal_weight=6054 4848 4609 1206 239 763 443
internal_count=6054 4848 4609 1206 239 763 443
is_linear=0
shrinkage=0.01


Tree=155
num_leaves=7
num_cat=0
split_feature=72 92 11 63 53 44
split_gain=8020.24 4422 3484.59 4415.08 2934.01 1414.39
threshold=36.526666666666678 16.480825925925927 0.12940952255126045 6.610344827586208 594.31666666666672 22.035340926821661
decision_type=2 2 2 2 2 2
left_child=2 -2 3 -1 -3 -4
right_child=1 4 5 -5 -6 -7
leaf_value=-0.010665052097041858 0.10765507633918155 0.011736643607570527 0.008832307763984493 0.015724072288846449 0.056361187716177742 -0.018560457550275574
leaf_weight=1369 56 1178 209 1180 168 1894
leaf_count=1369 56 1178 209 1180 168 1894
internal_value=9.26031e-06 0.0209711 -0.00630961 0.00155167 0.0173257 -0.0158364
internal_weight=6054 1402 4652 2549 1346 2103
internal_count=6054 1402 4652 2549 1346 2103
is_linear=0
shrinkage=0.01


Tree=156
num_leaves=8
num_cat=0
split_feature=71 11 59 12 39 71 91
split_gain=8421.84 4428.25 3917.94 2601.66 2467.39 2000.97 1992.19
threshold=5.7287356321839091 0.25881904510252091 19.17933248880426 0.91597561503675351 65.112862318840598 14.098788399296827 50.031444364411541
decision_type=2 2 2 2 2 2 2
left_child=3 2 -2 4 -1 -3 -5
right_child=1 5 -4 6 -6 -7 -8
leaf_value=0.0027548489584084341 0.014428090729955519 -0.0080618629031502347 0.04999743890825175 0.027646185108088889 -0.017890903707896994 0.029594715275024244 -0.017784397263720369
leaf_weight=763 993 842 450 299 2396 169 142
leaf_count=763 993 842 450 299 2396 169 142
internal_value=9.31066e-06 0.0142933 0.0255342 -0.00972808 -0.0129045 -0.00175513 0.013013
internal_weight=6054 2454 1443 3600 3159 1011 441
internal_count=6054 2454 1443 3600 3159 1011 441
is_linear=0
shrinkage=0.01


Tree=157
num_leaves=8
num_cat=0
split_feature=71 11 6 12 92 73 91
split_gain=8254.37 4340.16 4183.04 2549.91 2460.73 1976.38 1955.53
threshold=5.7287356321839091 0.25881904510252091 9.5000000000000018 0.91597561503675351 18.950955555555559 27.749567118047526 67.116469344979706
decision_type=2 2 2 2 2 2 2
left_child=3 2 -2 4 -1 -3 -5
right_child=1 5 -4 6 -6 -7 -8
leaf_value=0.0075227421302107439 -0.012534079562036077 -0.0077593314145382357 0.032938728315691335 0.02317228540303486 -0.016611384733606075 0.030691734788182934 -0.030088563497477804
leaf_weight=502 243 853 1200 356 2657 158 85
leaf_count=502 243 853 1200 356 2657 158 85
internal_value=9.28502e-06 0.0141505 0.0252791 -0.00963081 -0.0127755 -0.00173747 0.012883
internal_weight=6054 2454 1443 3600 3159 1011 441
internal_count=6054 2454 1443 3600 3159 1011 441
is_linear=0
shrinkage=0.01


Tree=158
num_leaves=8
num_cat=0
split_feature=69 29 69 24 71 4 79
split_gain=8210.89 4675.8 4038.41 3834.5 1961.36 1097.22 951.382
threshold=13.47918582375479 25.860721982758623 23.487164750957859 5.7696969696969704 3.5833333333333339 1.0000000180025095e-35 3.4747126436781612
decision_type=2 2 2 2 2 2 2
left_child=4 3 -3 -2 5 -1 -6
right_child=1 2 -4 -5 6 -7 -8
leaf_value=0.021527589924353406 0.11977918540602145 1.6922858593610134e-05 0.031368310477581138 0.031661888170292467 0.0035402182529794754 -0.019974437046898472 -0.011403894502041623
leaf_weight=66 57 1744 537 356 973 1564 757
leaf_count=66 57 1744 537 356 973 1564 757
internal_value=9.21388e-06 0.013014 0.00740324 0.0439547 -0.0104181 -0.0182876 -0.00300003
internal_weight=6054 2694 2281 413 3360 1630 1730
internal_count=6054 2694 2281 413 3360 1630 1730
is_linear=0
shrinkage=0.01


Tree=159
num_leaves=8
num_cat=0
split_feature=69 29 69 42 71 92 4
split_gain=8047.74 4587.74 3836.89 2736.26 1922.32 1111.94 1075.47
threshold=13.47918582375479 25.227777777777785 23.487164750957859 22.004524886877832 3.5833333333333339 18.568897884325867 1.0000000180025095e-35
decision_type=2 2 2 2 2 2 2
left_child=4 3 -3 -2 6 -6 -1
right_child=1 2 -4 -5 5 -7 -8
leaf_value=0.021313932051335957 0.085085533458633941 0.00093891261626351155 0.030946986201579263 0.025452736751742432 0.020026240660885968 -0.0057629326317033356 -0.01977475657667899
leaf_weight=66 123 1808 557 206 187 1543 1564
leaf_count=66 123 1808 557 206 187 1543 1564
internal_value=9.27e-06 0.0128842 0.00801161 0.0478439 -0.0103139 -0.00297005 -0.0181047
internal_weight=6054 2694 2365 329 3360 1730 1630
internal_count=6054 2694 2365 329 3360 1730 1630
is_linear=0
shrinkage=0.01


Tree=160
num_leaves=8
num_cat=0
split_feature=72 41 3 53 11 63 44
split_gain=7402.51 3618.98 3772.01 3360.05 3305.04 4112.49 1355.98
threshold=36.526666666666678 22.190062111801247 404.42356321839083 608.36666666666679 0.12940952255126045 6.610344827586208 22.035340926821661
decision_type=2 2 2 2 2 2 2
left_child=4 2 -2 -3 5 -1 -6
right_child=1 3 -4 -5 6 -7 -8
leaf_value=-0.010195964009339189 0.14669533988407682 0.0066176659154156348 0.038125044701989637 0.058128753477004989 0.0088142911512271317 0.015272832370287835 -0.018006682748140657
leaf_weight=1369 38 1026 194 144 209 1180 1894
leaf_count=1369 38 1026 194 144 209 1180 1894
internal_value=9.31046e-06 0.0201478 0.0561875 0.01298 -0.00606133 0.00159471 -0.0153395
internal_weight=6054 1402 232 1170 4652 2549 2103
internal_count=6054 1402 232 1170 4652 2549 2103
is_linear=0
shrinkage=0.01


Tree=161
num_leaves=8
num_cat=0
split_feature=69 11 57 11 20 71 38
split_gain=7770 4588.96 3794.18 1909.46 1725.47 1414.3 651.059
threshold=13.47918582375479 0.60355339059327384 22.082613731641192 0.60355339059327384 5.2100183505769619 14.098788399296827 85.542528735632189
decision_type=2 2 2 2 2 2 2
left_child=3 2 -2 4 -1 -3 -5
right_child=1 5 -4 6 -6 -7 -8
leaf_value=-0.022468123654224886 0.011289339043440797 -0.013602224130945514 0.041423874135246418 -0.014352646204859393 -0.0011389276880348716 0.023798911610454568 -0.030849707722875638
leaf_weight=472 1303 657 615 518 1923 119 447
leaf_count=472 1303 657 615 518 1923 119 447
internal_value=9.42249e-06 0.0126603 0.0209604 -0.0101341 -0.00534645 -0.00785447 -0.0220068
internal_weight=6054 2694 1918 3360 2395 776 965
internal_count=6054 2694 1918 3360 2395 776 965
is_linear=0
shrinkage=0.01


Tree=162
num_leaves=8
num_cat=0
split_feature=69 29 69 24 71 85 21
split_gain=7615.53 4445.83 3789.55 3746.69 1862.66 1260.92 761.284
threshold=13.47918582375479 25.860721982758623 23.487164750957859 5.7696969696969704 3.5833333333333339 13.567687338635631 5.5080645161290329
decision_type=2 2 2 2 2 2 2
left_child=4 3 -3 -2 6 -6 -1
right_child=1 2 -4 -5 5 -7 -8
leaf_value=-0.0081528513711467462 0.11765290299913157 -9.1773472177000885e-05 0.030277689021077268 0.030554119346672501 0.00035508900929627745 -0.025866765306686329 -0.022598246164622516
leaf_weight=553 57 1744 537 356 1522 208 1077
leaf_count=553 57 1744 537 356 1522 208 1077
internal_value=9.32091e-06 0.0125338 0.00706275 0.042704 -0.0100328 -0.00280387 -0.0177018
internal_weight=6054 2694 2281 413 3360 1730 1630
internal_count=6054 2694 2281 413 3360 1730 1630
is_linear=0
shrinkage=0.01


Tree=163
num_leaves=8
num_cat=0
split_feature=71 11 59 12 92 91 71
split_gain=7433.74 4100.81 3676.01 2443.31 2341.72 1908.35 1814.56
threshold=5.7287356321839091 0.25881904510252091 19.17933248880426 0.91597561503675351 18.950955555555559 50.031444364411541 14.098788399296827
decision_type=2 2 2 2 2 2 2
left_child=3 2 -2 4 -1 -5 -3
right_child=1 6 -4 5 -6 -7 -8
leaf_value=0.0075838419863388908 0.01348916423858847 -0.0080199234229531863 0.047942276248656678 0.027220834896043069 -0.015959300594893831 -0.017243704836410387 0.027839698585612936
leaf_weight=502 993 842 450 299 2657 142 169
leaf_count=502 993 842 450 299 2657 142 169
internal_value=9.32776e-06 0.0134292 0.0242466 -0.00913902 -0.0122173 0.012899 -0.00201429
internal_weight=6054 2454 1443 3600 3159 441 1011
internal_count=6054 2454 1443 3600 3159 441 1011
is_linear=0
shrinkage=0.01


Tree=164
num_leaves=8
num_cat=0
split_feature=69 11 63 11 63 34 38
split_gain=7347.96 4440.53 4324.54 1847.88 1983.83 1435.51 635.138
threshold=13.47918582375479 0.78656609248549325 11.41666666666667 0.60355339059327384 4.169540229885059 88.593103448275869 85.542528735632189
decision_type=2 2 2 2 2 2 2
left_child=3 2 -2 4 -1 -3 -5
right_child=1 5 -4 6 -6 -7 -8
leaf_value=-0.019387115177681002 0.0029630436664179146 -0.0028447771442036592 0.031537918829517661 -0.013974931881720831 0.00066927629506722847 -0.038649958967019955 -0.030268491841827696
leaf_weight=694 955 394 1189 518 1701 156 447
leaf_count=694 955 394 1189 518 1701 156 447
internal_value=9.30372e-06 0.0123118 0.0188137 -0.00985485 -0.0051451 -0.0130272 -0.0215346
internal_weight=6054 2694 2144 3360 2395 550 965
internal_count=6054 2694 2144 3360 2395 550 965
is_linear=0
shrinkage=0.01


Tree=165
num_leaves=8
num_cat=0
split_feature=69 11 63 88 11 92 69
split_gain=7212.64 4365.04 4031.91 2482.85 1886.4 1682.01 1577.27
threshold=19.230084107397751 0.12940952255126045 6.610344827586208 -2.0729885057471265 0.78656609248549325 17.948816884661124 34.054583730445806
decision_type=2 2 2 2 2 2 2
left_child=1 2 -1 6 -5 -3 -2
right_child=3 5 -4 4 -6 -7 -8
leaf_value=-0.007713855405090426 -0.0026762377995800633 0.014747176281145743 0.017159555486086029 0.040781103461257226 0.0017878077089215239 -0.01832002917388607 0.065103691077679396
leaf_weight=1481 406 166 1163 607 156 2038 37
leaf_count=1481 406 166 1163 607 156 2038 37
internal_value=9.15045e-06 -0.00543517 0.00322805 0.0218884 0.0328157 -0.0158265 0.00305073
internal_weight=6054 4848 2644 1206 763 2204 443
internal_count=6054 4848 2644 1206 763 2204 443
is_linear=0
shrinkage=0.01


Tree=166
num_leaves=8
num_cat=0
split_feature=69 28 90 71 85 12 27
split_gain=7097.17 4312.95 3432.29 1788.47 1237.42 1019.92 702.05
threshold=13.47918582375479 23.762643678160924 -0.029041877838106463 3.5833333333333339 13.567687338635631 0.98296291314453421 24.135632183908047
decision_type=2 2 2 2 2 2 2
left_child=3 6 -3 5 -5 -1 -2
right_child=1 2 -4 4 -6 -7 -8
leaf_value=-0.018826275627577323 0.055300755758754538 -0.002677992521945003 0.020314267495144134 0.00052760933512892142 -0.02544866532859185 0.021185584573145198 0.12269843341934848
leaf_weight=1564 30 1168 1461 1522 208 66 35
leaf_count=1564 30 1168 1461 1522 208 66 35
internal_value=9.15134e-06 0.0120998 0.0101006 -0.0096852 -0.00260171 -0.0171999 0.092259
internal_weight=6054 2694 2629 3360 1730 1630 65
internal_count=6054 2694 2629 3360 1730 1630 65
is_linear=0
shrinkage=0.01


Tree=167
num_leaves=8
num_cat=0
split_feature=71 88 12 92 66 92 85
split_gain=6946.2 2620.56 2571.81 2935.18 2224.1 1524.21 1093.82
threshold=8.5080459770114967 -2.0729885057471265 0.98296291314453421 18.51657371794872 12.652739415539459 21.620087500000004 26.483709764987939
decision_type=2 2 2 2 2 2 2
left_child=2 6 3 -1 -3 -4 -2
right_child=1 4 5 -5 -6 -7 -8
leaf_value=0.01256010001376213 -0.0086896204512061578 0.026111587080627403 -0.024657824436087671 -0.010586936287748544 0.093901139075460952 0.044451359967520983 0.024322098947721617
leaf_weight=638 339 833 40 3859 51 152 142
leaf_count=638 339 833 40 3859 51 152 142
internal_value=9.2036e-06 0.0198581 -0.00577033 -0.00730187 0.030074 0.0300244 0.00107014
internal_weight=6054 1365 4689 4497 884 192 481
internal_count=6054 1365 4689 4497 884 192 481
is_linear=0
shrinkage=0.01


Tree=168
num_leaves=8
num_cat=0
split_feature=69 11 69 6 11 1 29
split_gain=6870.16 4249.28 3613.83 2452.36 2342.2 1651.61 1361.6
threshold=19.230084107397751 0.12940952255126045 10.14152298850575 6.5000000000000009 0.78656609248549325 72.305172413793116 27.652586206896554
decision_type=2 2 2 2 2 2 2
left_child=1 2 -1 6 -5 -3 -2
right_child=3 5 -4 4 -6 -7 -8
leaf_value=-0.011839778639683947 -0.071514368751902632 -0.00173280148397253 0.012301603475429468 0.032764711027309511 -0.0034054563726673946 -0.020977340582486462 0.0054437378043326254
leaf_weight=992 40 621 1652 889 224 1583 53
leaf_count=992 40 621 1652 889 224 1583 53
internal_value=9.24239e-06 -0.00530425 0.0032433 0.0213627 0.0254865 -0.0155568 -0.0278566
internal_weight=6054 4848 2644 1206 1113 2204 93
internal_count=6054 4848 2644 1206 1113 2204 93
is_linear=0
shrinkage=0.01


Tree=169
num_leaves=8
num_cat=0
split_feature=71 29 24 71 48 80 72
split_gain=6731.48 3151.1 4314.79 3309.26 1762.97 1619.97 1438.9
threshold=5.7287356321839091 25.860721982758623 5.7696969696969704 19.333333333333339 22.317711700064645 53.028571428571432 40.324712643678168
decision_type=2 2 2 2 2 2 2
left_child=4 2 -2 -3 5 -1 -6
right_child=1 3 -4 -5 6 -7 -8
leaf_value=0.027062857324398913 0.126365630641426 0.0027727370032278294 0.026067221641985782 0.041396165515713144 -0.01245395215394924 -0.030354046022415159 0.015125926319112257
leaf_weight=230 48 1777 376 253 3107 62 201
leaf_count=230 48 1777 376 253 3107 62 201
internal_value=9.09878e-06 0.0127794 0.0375584 0.00759565 -0.00869641 0.0148388 -0.010776
internal_weight=6054 2454 424 2030 3600 292 3308
internal_count=6054 2454 424 2030 3600 292 3308
is_linear=0
shrinkage=0.01


Tree=170
num_leaves=8
num_cat=0
split_feature=69 28 88 71 92 51 4
split_gain=6637.16 4186.23 3152.24 1724.29 1030.19 995.117 975.6
threshold=13.47918582375479 23.762643678160924 0.073613365597148941 3.5833333333333339 18.568897884325867 462.22679738562096 1.0000000180025095e-35
decision_type=2 2 2 2 2 2 2
left_child=3 5 -3 6 -5 -2 -1
right_child=1 2 -4 4 -6 -7 -8
leaf_value=0.020797563120834809 0.132740095740459 -0.0017692211412687654 0.020154315520423603 0.019724053027868272 -0.0050989461278560305 0.053241686597676349 -0.018335034686005437
leaf_weight=66 30 1250 1379 187 1543 35 1564
leaf_count=66 30 1250 1379 187 1543 35 1564
internal_value=9.17215e-06 0.0117015 0.00973188 -0.00936575 -0.00241055 0.0906741 -0.0167443
internal_weight=6054 2694 2629 3360 1730 65 1630
internal_count=6054 2694 2629 3360 1730 65 1630
is_linear=0
shrinkage=0.01


Tree=171
num_leaves=8
num_cat=0
split_feature=69 92 12 69 53 12 32
split_gain=6546.43 3904.93 3907.15 2943.58 2256.96 2567.43 1606.7
threshold=20.149870034711991 17.948816884661124 0.91597561503675351 14.999528099794839 505.65877192982458 0.60355339059327384 23.762643678160924
decision_type=2 2 2 2 2 2 2
left_child=1 3 -3 -1 5 -2 -6
right_child=4 2 -4 -5 6 -7 -8
leaf_value=0.00095517968232651572 -0.0077049914483039422 -0.011610574983411318 0.015978609903150472 0.047619909434276984 0.10844020773872495 0.033839877251730204 0.03422555173843838
leaf_weight=329 350 3842 592 229 31 258 423
leaf_count=329 350 3842 592 229 31 258 423
internal_value=9.26408e-06 -0.00478744 -0.00792554 0.0201325 0.0225486 0.00993674 0.0394079
internal_weight=6054 4992 4434 558 1062 608 454
internal_count=6054 4992 4434 558 1062 608 454
is_linear=0
shrinkage=0.01


Tree=172
num_leaves=8
num_cat=0
split_feature=69 92 4 6 69 35 27
split_gain=6416.51 3827.35 3451.73 3028.63 2892.83 2360.6 1994.15
threshold=20.149870034711991 17.948816884661124 1.0000000180025095e-35 9.5000000000000018 9.7806102726862996 82.847701149425305 27.652586206896554
decision_type=2 2 2 2 2 2 2
left_child=1 4 -3 6 -1 -5 -2
right_child=3 2 -4 5 -6 -7 -8
leaf_value=-0.025168593897168332 0.0195378178958606 0.032912149778428851 -0.0097551952653453372 0.037958891620501353 0.031400548464663572 0.00046403101200982088 -0.055367661887524178
leaf_weight=113 66 198 4236 699 445 221 76
leaf_count=113 66 198 4236 699 445 221 76
internal_value=9.35705e-06 -0.00473951 -0.00784628 0.0223239 0.0199316 0.0289577 -0.0206025
internal_weight=6054 4992 4434 1062 558 920 142
internal_count=6054 4992 4434 1062 558 920 142
is_linear=0
shrinkage=0.01


Tree=173
num_leaves=8
num_cat=0
split_feature=71 90 4 4 29 69 49
split_gain=6308.11 3103.2 2313.91 2478.74 2285.92 1767.62 1127.37
threshold=5.7287356321839091 -0.073653658593302959 21.500000000000004 1.0000000180025095e-35 24.350000000000005 34.054583730445806 365.56666666666672
decision_type=2 2 2 2 2 2 2
left_child=2 5 3 -1 -3 -2 -4
right_child=1 4 6 -5 -6 -7 -8
leaf_value=0.02940806732444989 -0.0050652685273584819 0.064883485306711772 0.037196710318715256 -0.012672113050483467 0.017649005208691886 0.065039270237286881 -0.0019597970260432245
leaf_weight=146 879 110 153 3160 1428 37 141
leaf_count=146 879 110 153 3160 1428 37 141
internal_value=9.29067e-06 0.0123715 -0.00841801 -0.0108094 0.0210476 -0.00219905 0.0184444
internal_weight=6054 2454 3600 3306 1538 916 294
internal_count=6054 2454 3600 3306 1538 916 294
is_linear=0
shrinkage=0.01


Tree=174
num_leaves=8
num_cat=0
split_feature=63 11 34 6 5 4 34
split_gain=5848.66 7297.08 3921.96 2863.92 2480.59 1279.73 1014.8
threshold=11.41666666666667 0.78656609248549325 52.712068965517254 9.5000000000000018 5.5000000000000009 1.0000000180025095e-35 88.593103448275869
decision_type=2 2 2 2 2 2 2
left_child=2 3 4 -2 -1 -4 -3
right_child=1 6 5 -5 -6 -7 -8
leaf_value=0.020282056300747454 -0.0029138984712964197 -0.0082426376940852794 0.020235849678362765 0.034422662296823482 0.1167437271055628 -0.009983385832939385 -0.039406025577832411
leaf_weight=215 254 366 145 1072 30 3826 146
leaf_count=215 254 366 145 1072 30 3826 146
internal_value=9.35928e-06 0.0148933 -0.00648029 0.0272719 0.0323094 -0.0088774 -0.0171598
internal_weight=6054 1838 4216 1326 245 3971 512
internal_count=6054 1838 4216 1326 245 3971 512
is_linear=0
shrinkage=0.01


Tree=175
num_leaves=8
num_cat=0
split_feature=69 92 71 14 71 92 4
split_gain=6131.09 3118.57 3293.88 3147.7 1669.12 985.161 892.201
threshold=13.47918582375479 16.956666666666667 19.333333333333339 0.25000000000000017 3.5833333333333339 18.568897884325867 1.0000000180025095e-35
decision_type=2 2 2 2 2 2 2
left_child=4 3 -3 -2 6 -6 -1
right_child=1 2 -4 -5 5 -7 -8
leaf_value=0.019641493584484533 0.011214428119043834 0.0035133746645391079 0.041556705355468571 0.077678951185986014 0.01948726802333196 -0.0047871406757929568 -0.017781775080088432
leaf_weight=66 152 2154 254 134 187 1543 1564
leaf_count=66 152 2154 254 134 187 1543 1564
internal_value=9.37316e-06 0.0112471 0.00753425 0.0424381 -0.00900105 -0.0021581 -0.0162606
internal_weight=6054 2694 2408 286 3360 1730 1630
internal_count=6054 2694 2408 286 3360 1730 1630
is_linear=0
shrinkage=0.01


Tree=176
num_leaves=8
num_cat=0
split_feature=69 92 12 69 53 12 32
split_gain=6033.59 3657.22 3694.41 2802.67 2149.66 2472.11 1556.38
threshold=20.149870034711991 17.948816884661124 0.91597561503675351 14.999528099794839 505.65877192982458 0.60355339059327384 23.762643678160924
decision_type=2 2 2 2 2 2 2
left_child=1 3 -3 -1 5 -2 -6
right_child=4 2 -4 -5 6 -7 -8
leaf_value=0.00080845268018690699 -0.0079708122780039036 -0.011215836367227632 0.015611712361596338 0.04634241437911988 0.10603915977478026 0.032795208872286916 0.033002046730206597
leaf_weight=329 350 3842 592 229 31 258 423
leaf_count=329 350 3842 592 229 31 258 423
internal_value=9.40618e-06 -0.00459558 -0.00763252 0.019521 0.0216479 0.00933984 0.0381014
internal_weight=6054 4992 4434 558 1062 608 454
internal_count=6054 4992 4434 558 1062 608 454
is_linear=0
shrinkage=0.01


Tree=177
num_leaves=8
num_cat=0
split_feature=71 11 6 4 4 73 3
split_gain=5901.85 3661.84 3834.01 2254.52 2352.5 1599.11 1169.93
threshold=5.7287356321839091 0.25881904510252091 9.5000000000000018 21.500000000000004 1.0000000180025095e-35 28.230741731927079 380.98218390804601
decision_type=2 2 2 2 2 2 2
left_child=3 2 -2 4 -1 -3 -5
right_child=1 5 -4 6 -6 -7 -8
leaf_value=0.028677490157008476 -0.014009336018678589 -0.0078383785253450002 0.029522426984132093 0.037476489902901727 -0.012317107467644278 0.027686821418278145 -0.0024110000952288456
leaf_weight=146 243 863 1200 153 3160 148 141
leaf_count=146 243 863 1200 153 3160 148 141
internal_value=9.49248e-06 0.011967 0.0221891 -0.00814192 -0.0105025 -0.00262625 0.0183735
internal_weight=6054 2454 1443 3600 3306 1011 294
internal_count=6054 2454 1443 3600 3306 1011 294
is_linear=0
shrinkage=0.01


Tree=178
num_leaves=8
num_cat=0
split_feature=69 11 90 11 6 34 38
split_gain=5836.59 3962.65 3755.73 1654.46 1508.48 1332.41 603.89
threshold=13.47918582375479 0.78656609248549325 -0.029041877838106463 0.60355339059327384 11.500000000000002 88.593103448275869 85.542528735632189
decision_type=2 2 2 2 2 2 2
left_child=3 2 -2 4 -1 -3 -5
right_child=1 5 -4 6 -6 -7 -8
leaf_value=-0.012840512104886556 0.0024004720908862892 -0.0031517891477892608 0.029018889981741104 -0.012464092498481735 0.0030686315131154035 -0.03764809010775326 -0.02834858347443895
leaf_weight=1113 959 394 1185 518 1282 156 447
leaf_count=1113 959 394 1185 518 1282 156 447
internal_value=9.46845e-06 0.010974 0.0171162 -0.00878188 -0.00432556 -0.0129624 -0.0198334
internal_weight=6054 2694 2144 3360 2395 550 965
internal_count=6054 2694 2144 3360 2395 550 965
is_linear=0
shrinkage=0.01


Tree=179
num_leaves=8
num_cat=0
split_feature=69 11 69 88 11 1 69
split_gain=5762.41 3918.34 3255.65 2238.94 1665.51 1554.72 1459.94
threshold=19.230084107397751 0.12940952255126045 10.14152298850575 -2.0729885057471265 0.78656609248549325 72.305172413793116 34.054583730445806
decision_type=2 2 2 2 2 2 2
left_child=1 2 -1 6 -5 -3 -2
right_child=3 5 -4 4 -6 -7 -8
leaf_value=-0.010965209860066586 -0.0038296631334342637 -0.0012901412815047386 0.011948602796791746 0.037426728538629203 0.00079039972292158165 -0.019961328864699854 0.061380085668166481
leaf_weight=992 406 621 1652 607 156 1583 37
leaf_count=992 406 621 1652 607 156 1583 37
internal_value=9.32175e-06 -0.00485696 0.00335095 0.0195656 0.0299423 -0.0147022 0.00167868
internal_weight=6054 4848 2644 1206 763 2204 443
internal_count=6054 4848 2644 1206 763 2204 443
is_linear=0
shrinkage=0.01


Tree=180
num_leaves=7
num_cat=0
split_feature=72 92 11 63 53 44
split_gain=5674.15 4001.69 2700.39 3273.75 2481.37 1129.62
threshold=36.526666666666678 16.480825925925927 0.12940952255126045 6.610344827586208 594.31666666666672 22.035340926821661
decision_type=2 2 2 2 2 2
left_child=2 -2 3 -1 -3 -4
right_child=1 4 5 -5 -6 -7
leaf_value=-0.0089051257697739562 0.10009831036956966 0.0090348645916100371 0.0083528919690166355 0.013818548601229582 0.050070866786584657 -0.016126679655096638
leaf_weight=1369 56 1178 209 1180 168 1894
leaf_count=1369 56 1178 209 1180 168 1894
internal_value=9.29006e-06 0.0176407 -0.00530561 0.00161472 0.0141738 -0.0136922
internal_weight=6054 1402 4652 2549 1346 2103
internal_count=6054 1402 4652 2549 1346 2103
is_linear=0
shrinkage=0.01


Tree=181
num_leaves=8
num_cat=0
split_feature=69 11 63 6 11 11 44
split_gain=5564.05 3894.26 3538.35 2867.32 2498.99 2037.43 1595.51
threshold=20.149870034711991 0.12940952255126045 6.610344827586208 9.5000000000000018 0.37940952255126054 1.0000000180025095e-35 22.534523809523815
decision_type=2 2 2 2 2 2 2
left_child=1 2 -1 5 -5 -2 -3
right_child=3 6 -4 4 -6 -7 -8
leaf_value=-0.0066811101935979203 -0.057629721701550646 0.01026979714272617 0.016266755491641045 0.039416390561912359 0.0049304839345167308 0.01792904727171651 -0.016920105498134778
leaf_weight=1487 73 241 1225 595 325 69 2039
leaf_count=1487 73 241 1225 595 325 69 2039
internal_value=9.32788e-06 -0.00441285 0.00368526 0.0207888 0.0272437 -0.020977 -0.0140442
internal_weight=6054 4992 2712 1062 920 142 2280
internal_count=6054 4992 2712 1062 920 142 2280
is_linear=0
shrinkage=0.01


Tree=182
num_leaves=8
num_cat=0
split_feature=71 11 6 4 4 80 91
split_gain=5427.85 3388.1 3676.65 2152.19 2259.56 1552 1112.31
threshold=5.7287356321839091 0.25881904510252091 9.5000000000000018 21.500000000000004 1.0000000180025095e-35 44.18390804597702 48.095927824376105
decision_type=2 2 2 2 2 2 2
left_child=3 2 -2 4 -1 -3 -5
right_child=1 5 -4 6 -6 -7 -8
leaf_value=0.028283654698142115 -0.014138113624720356 -0.015054358112942874 0.028490467737244982 0.031409255352995345 -0.011892807956685032 0.0097143485711761596 -0.01023309701894011
leaf_weight=146 243 501 1200 200 3160 510 94
leaf_count=146 243 501 1200 200 3160 510 94
internal_value=9.24174e-06 0.0114765 0.0213091 -0.00780798 -0.0101144 -0.00256064 0.0180986
internal_weight=6054 2454 1443 3600 3306 1011 294
internal_count=6054 2454 1443 3600 3306 1011 294
is_linear=0
shrinkage=0.01


Tree=183
num_leaves=8
num_cat=0
split_feature=69 28 11 71 85 21 27
split_gain=5389.18 3955.11 3467.06 1582.18 1218.5 673.601 640.819
threshold=13.47918582375479 23.762643678160924 0.25881904510252091 3.5833333333333339 13.567687338635631 5.5080645161290329 24.135632183908047
decision_type=2 2 2 2 2 2 2
left_child=3 6 -3 5 -5 -1 -2
right_child=1 2 -4 4 -6 -7 -8
leaf_value=-0.0065258231622662456 0.052019919952408213 0.018217532000394745 -0.0051207273683723199 0.0013288127476435111 -0.024447992694034852 -0.020112021213648471 0.11637830432367997
leaf_weight=553 30 1549 1080 1522 208 1077 35
leaf_count=553 30 1549 1080 1522 208 1077 35
internal_value=9.18692e-06 0.0105451 0.00863077 -0.00843849 -0.00177624 -0.0155064 0.0873059
internal_weight=6054 2694 2629 3360 1730 1630 65
internal_count=6054 2694 2629 3360 1730 1630 65
is_linear=0
shrinkage=0.01


Tree=184
num_leaves=8
num_cat=0
split_feature=72 41 50 53 11 1 44
split_gain=5369.67 3226.83 2998.8 2901.8 2519.32 2754.78 1073.79
threshold=36.526666666666678 22.190062111801247 401.80000000000001 608.36666666666679 0.12940952255126045 93.745977011494276 22.035340926821661
decision_type=2 2 2 2 2 2 2
left_child=4 2 -2 -3 5 -1 -6
right_child=1 3 -4 -5 6 -7 -8
leaf_value=4.5273687841726907e-05 0.14372775381119524 0.0044820619063434645 0.037124487918872892 0.05235022902687219 0.0082315522555155146 0.07464600478304495 -0.015635220415221404
leaf_weight=2499 30 1026 202 144 209 50 1894
leaf_count=2499 30 1026 202 144 209 50 1894
internal_value=9.20305e-06 0.017161 0.051191 0.0103938 -0.00516112 0.00152316 -0.0132617
internal_weight=6054 1402 232 1170 4652 2549 2103
internal_count=6054 1402 232 1170 4652 2549 2103
is_linear=0
shrinkage=0.01


Tree=185
num_leaves=8
num_cat=0
split_feature=69 11 69 6 11 64 1
split_gain=5233.71 3568.37 3050.24 2199.42 1989.81 1580.69 1503.71
threshold=19.230084107397751 0.12940952255126045 10.106728927203067 6.5000000000000009 0.78656609248549325 29.745977011494258 72.305172413793116
decision_type=2 2 2 2 2 2 2
left_child=1 2 -1 5 -5 -2 -3
right_child=3 6 -4 4 -6 -7 -8
leaf_value=-0.010765078647326294 0.01835773096314396 -0.00083377252513136687 0.011459522677223038 0.029261188499754089 -0.0040753326945355316 -0.064318162716002686 -0.019195719577246213
leaf_weight=982 41 621 1662 889 224 52 1583
leaf_count=982 41 621 1662 889 224 52 1583
internal_value=9.36698e-06 -0.00462831 0.00320449 0.018647 0.0225527 -0.027961 -0.0140236
internal_weight=6054 4848 2644 1206 1113 93 2204
internal_count=6054 4848 2644 1206 1113 93 2204
is_linear=0
shrinkage=0.01


Tree=186
num_leaves=7
num_cat=0
split_feature=72 92 11 20 11 38
split_gain=5194.53 3838.48 2414.47 2721.64 2237.48 1035.76
threshold=36.526666666666678 16.480825925925927 0.12940952255126045 6.2712643678160926 0.78656609248549325 83.627011494252898
decision_type=2 2 2 2 2 2
left_child=2 -2 3 -1 -3 -4
right_child=1 4 5 -5 -6 -7
leaf_value=-0.014994871318066269 0.097637050612837867 0.020208834205507304 -0.0068241868324776956 0.0079508442977134341 -0.011212147813674507 -0.020977791230957527
leaf_weight=720 56 1058 1185 1829 288 918
leaf_count=720 56 1058 1185 1829 288 918
internal_value=9.23773e-06 0.016879 -0.00507607 0.00146765 0.0134837 -0.0130063
internal_weight=6054 1402 4652 2549 1346 2103
internal_count=6054 1402 4652 2549 1346 2103
is_linear=0
shrinkage=0.01


Tree=187
num_leaves=8
num_cat=0
split_feature=71 11 63 4 4 91 34
split_gain=5042.69 3159.68 3262.83 2063.91 2173.96 1082.3 914.497
threshold=5.7287356321839091 0.78656609248549325 21.433333333333334 21.500000000000004 1.0000000180025095e-35 48.095927824376105 88.593103448275869
decision_type=2 2 2 2 2 2 2
left_child=3 2 -2 4 -1 -5 -3
right_child=1 6 -4 5 -6 -7 -8
leaf_value=0.027879390587299144 0.010903770051930176 -0.0036985069878509359 0.045030185968386059 0.030973892889935479 -0.011528604427955159 -0.01010266330002477 -0.03533481979444935
leaf_weight=146 1607 389 339 200 3160 94 119
leaf_count=146 1607 389 339 200 3160 94 119
internal_value=9.20296e-06 0.0110621 0.016859 -0.00752555 -0.00978416 0.017844 -0.0111378
internal_weight=6054 2454 1946 3600 3306 294 508
internal_count=6054 2454 1946 3600 3306 294 508
is_linear=0
shrinkage=0.01


Tree=188
num_leaves=8
num_cat=0
split_feature=69 11 17 71 34 11 4
split_gain=4992.46 3478.54 3322.75 1519.98 1257.71 988.656 784.79
threshold=13.47918582375479 0.78656609248549325 22.169540229885062 3.5833333333333339 88.593103448275869 0.78656609248549325 1.0000000180025095e-35
decision_type=2 2 2 2 2 2 2
left_child=3 2 -2 6 -3 -5 -1
right_child=1 4 -4 5 -6 -7 -8
leaf_value=0.018621575349924344 0.0072683508844347683 -0.0027455109905130471 0.033853291880924383 0.0022844790222244903 -0.036260272578023875 -0.016326890664503248 -0.016475953106216898
leaf_weight=66 1448 394 696 1370 156 360 1564
leaf_count=66 1448 394 696 1370 156 360 1564
internal_value=9.15482e-06 0.0101498 0.0159047 -0.00812164 -0.0122767 -0.00159172 -0.0150492
internal_weight=6054 2694 2144 3360 550 1730 1630
internal_count=6054 2694 2144 3360 550 1730 1630
is_linear=0
shrinkage=0.01


Tree=189
num_leaves=8
num_cat=0
split_feature=69 92 12 6 69 51 44
split_gain=4897.74 3342.24 3325.07 2740.19 2590.02 2059.46 2014.56
threshold=20.149870034711991 17.948816884661124 0.91597561503675351 9.5000000000000018 9.7806102726862996 464.05000000000007 22.004524886877832
decision_type=2 2 2 2 2 2 2
left_child=1 4 -3 5 -1 -2 -5
right_child=3 2 -4 6 -6 -7 -8
leaf_value=-0.023759830164489241 -0.068926144518293778 -0.010442633400283317 0.0150085489570342 0.05956282784515108 0.029766782294519824 0.0089869193714431361 0.019310262769259342
leaf_weight=113 55 3842 592 148 445 87 772
leaf_count=113 55 3842 592 148 445 87 772
internal_value=9.05435e-06 -0.00413989 -0.00704313 0.0195047 0.0189147 -0.0213231 0.0258151
internal_weight=6054 4992 4434 1062 558 142 920
internal_count=6054 4992 4434 1062 558 142 920
is_linear=0
shrinkage=0.01


Tree=190
num_leaves=7
num_cat=0
split_feature=72 28 36 71 76 69
split_gain=4892.96 3166.97 3252.36 2074.31 2498.35 1212.38
threshold=36.526666666666678 23.762643678160924 52.31666666666667 3.5833333333333339 43.981527093596064 15.70600297439
decision_type=2 2 2 2 2 2
left_child=3 -2 -3 5 -5 -1
right_child=1 2 -4 4 -6 -7
leaf_value=-0.015337845572964149 0.10140144414340747 0.080874324562442743 0.010154727588029763 0.0022925172036405658 -0.038034597371220592 0.033503034310113818
leaf_weight=1626 42 68 1292 2812 162 52
leaf_count=1626 42 68 1292 2812 162 52
internal_value=8.98903e-06 0.0163818 0.0137195 -0.00492649 8.96226e-05 -0.0138145
internal_weight=6054 1402 1360 4652 2974 1678
internal_count=6054 1402 1360 4652 2974 1678
is_linear=0
shrinkage=0.01


Tree=191
num_leaves=8
num_cat=0
split_feature=69 28 11 11 63 51 74
split_gain=4739.17 3744.54 3164.44 1409.05 1658.63 915.406 512.691
threshold=13.47918582375479 23.762643678160924 0.25881904510252091 0.60355339059327384 4.169540229885059 462.22679738562096 7.4395378717411047
decision_type=2 2 2 2 2 2 2
left_child=3 5 -3 4 -1 -2 -5
right_child=1 2 -4 6 -6 -7 -8
leaf_value=-0.016822837859582589 0.12489871246306622 0.017185416392573295 -0.005110999788043866 -0.015153961542218897 0.0015159258964224387 0.048731587621737529 -0.036169795982209742
leaf_weight=694 30 1549 1080 830 1701 35 135
leaf_count=694 30 1549 1080 830 1701 35 135
internal_value=9.04519e-06 0.00988913 0.00802657 -0.00791281 -0.0038003 0.0845784 -0.0181117
internal_weight=6054 2694 2629 3360 2395 65 965
internal_count=6054 2694 2629 3360 2395 65 965
is_linear=0
shrinkage=0.01


Tree=192
num_leaves=7
num_cat=0
split_feature=72 92 78 69 76 23
split_gain=4743.69 3713 2421.75 2002.41 1665.14 734.518
threshold=36.526666666666678 16.480825925925927 12.842853934067259 10.14152298850575 38.464137931034493 6.1017241379310354
decision_type=2 2 2 2 2 2
left_child=3 -2 -3 5 -5 -1
right_child=1 2 -4 4 -6 -7
leaf_value=-0.0032536272394354986 0.095556536081617932 0.01514776037397042 -0.06338086088792777 0.0038541413233748848 -0.016714580505156014 -0.017143324319707488
leaf_weight=542 56 1306 40 2356 472 1282
leaf_count=542 56 1306 40 2356 472 1282
internal_value=9.05225e-06 0.0161302 0.012791 -0.00485057 0.000418648 -0.0130183
internal_weight=6054 1402 1346 4652 2828 1824
internal_count=6054 1402 1346 4652 2828 1824
is_linear=0
shrinkage=0.01


Tree=193
num_leaves=8
num_cat=0
split_feature=69 11 69 6 11 11 45
split_gain=4627.14 3402.89 2879.35 2664.92 2239.99 1992.39 1394.88
threshold=20.149870034711991 0.12940952255126045 10.14152298850575 9.5000000000000018 0.37940952255126054 1.0000000180025095e-35 22.168894830659543
decision_type=2 2 2 2 2 2 2
left_child=1 2 -1 5 -5 -2 -3
right_child=3 6 -4 4 -6 -7 -8
leaf_value=-0.010018202436741171 -0.057548651599559658 0.012311147413763126 0.011370367005856617 0.036706097144219865 0.0040572771216226249 0.017172340412041267 -0.015439313641304568
leaf_weight=992 73 198 1720 595 325 69 2082
leaf_count=992 73 198 1720 595 325 69 2082
internal_value=8.97166e-06 -0.00402373 0.00354623 0.0189584 0.0251816 -0.0213042 -0.013027
internal_weight=6054 4992 2712 1062 920 142 2280
internal_count=6054 4992 2712 1062 920 142 2280
is_linear=0
shrinkage=0.01


Tree=194
num_leaves=7
num_cat=0
split_feature=72 28 78 11 63 38
split_gain=4584.04 3038.01 2492.49 2215.93 2795.75 978.153
threshold=36.526666666666678 23.762643678160924 12.842853934067259 0.12940952255126045 6.1017241379310354 83.627011494252898
decision_type=2 2 2 2 2 2
left_child=3 -2 -3 4 -1 -5
right_child=1 2 -4 5 -6 -7
leaf_value=-0.009232215794370292 0.099126813709034645 0.015584469006091242 -0.065042170696620702 -0.0063578906626189594 0.011715726464457163 -0.020112011667326801
leaf_weight=1243 42 1321 39 1185 1306 918
leaf_count=1243 42 1321 39 1185 1306 918
internal_value=8.88163e-06 0.0158564 0.013249 -0.00476826 0.00150062 -0.0123654
internal_weight=6054 1402 1360 4652 2549 2103
internal_count=6054 1402 1360 4652 2549 2103
is_linear=0
shrinkage=0.01


Tree=195
num_leaves=8
num_cat=0
split_feature=63 11 34 10 2 71 23
split_gain=4500.62 6059.15 3474.66 2552.96 1967.08 1172.03 1132.36
threshold=11.41666666666667 0.78656609248549325 52.712068965517254 1.0000000180025095e-35 22.893588362068972 14.098788399296827 18.525287356321844
decision_type=2 2 2 2 2 2 2
left_child=2 3 4 -2 -1 -3 -4
right_child=1 5 6 -5 -6 -7 -8
leaf_value=0.078258105031972711 -0.005540358818260727 -0.022890548066558502 -0.0054531329379911694 0.030782630925888021 0.013883076477888201 0.017687187845421115 -0.019410390719400174
leaf_weight=64 235 427 3264 1091 181 85 707
leaf_count=64 235 427 3264 1091 181 85 707
internal_value=8.8124e-06 0.0130653 -0.00568402 0.0243453 0.0308266 -0.0161424 -0.00794035
internal_weight=6054 1838 4216 1326 245 512 3971
internal_count=6054 1838 4216 1326 245 512 3971
is_linear=0
shrinkage=0.01


Tree=196
num_leaves=7
num_cat=0
split_feature=72 92 78 11 63 92
split_gain=4446.33 3612.89 2315.54 2151.25 2719.3 958.417
threshold=36.526666666666678 16.480825925925927 12.842853934067259 0.12940952255126045 6.1017241379310354 22.860297265160526
decision_type=2 2 2 2 2 2
left_child=3 -2 -3 4 -1 -5
right_child=1 2 -4 5 -6 -7
leaf_value=-0.0091044105041740674 0.093964347002780557 0.014627300399978612 -0.062159708579381308 -0.0063432781823233066 0.011555128602810336 -0.019991990259285809
leaf_weight=1243 56 1306 40 1204 1306 899
leaf_count=1243 56 1306 40 1204 1306 899
internal_value=8.79555e-06 0.0156165 0.0123228 -0.00469604 0.00148066 -0.0121815
internal_weight=6054 1402 1346 4652 2549 2103
internal_count=6054 1402 1346 4652 2549 2103
is_linear=0
shrinkage=0.01


Tree=197
num_leaves=7
num_cat=0
split_feature=73 11 63 75 3 44
split_gain=4398.69 3755.67 4396.57 2513.3 2086.89 1642.98
threshold=28.230741731927079 0.60355339059327384 11.41666666666667 6.0678160919540236 455.96666666666675 22.627011494252876
decision_type=2 2 2 2 2 2
left_child=1 2 -1 -2 -5 -3
right_child=3 5 -4 4 -6 -7
leaf_value=-0.0025235248824810835 0.10061204469941325 0.010150428389432425 0.022635229406916788 0.057507404915109993 0.0042420691347728346 -0.018922594666885281
leaf_weight=3157 48 225 890 114 206 1414
leaf_count=3157 48 225 890 114 206 1414
internal_value=8.72454e-06 -0.0021609 0.00301128 0.0334906 0.0232795 -0.0149293
internal_weight=6054 5686 4047 368 320 1639
internal_count=6054 5686 4047 368 320 1639
is_linear=0
shrinkage=0.01


Tree=198
num_leaves=7
num_cat=0
split_feature=69 11 69 15 35 46
split_gain=4288.25 3429.32 3164.57 1872.98 1978.89 1274.22
threshold=28.302128227839706 0.78656609248549325 11.76029180350301 -0.60785761079279388 81.728735632183927 22.627011494252876
decision_type=2 2 2 2 2 2
left_child=1 2 -1 -2 -5 -3
right_child=3 5 -4 4 -6 -7
leaf_value=-0.007208770354756258 -0.024239198498976856 0.0077191499356201896 0.009550336571197162 0.060652697083303488 0.0048576806989876001 -0.021656513606234974
leaf_weight=2078 47 173 2460 206 92 998
leaf_count=2078 47 173 2460 206 92 998
internal_value=8.78241e-06 -0.00206132 0.0018761 0.0342193 0.0434661 -0.0173148
internal_weight=6054 5709 4538 345 298 1171
internal_count=6054 5709 4538 345 298 1171
is_linear=0
shrinkage=0.01


Tree=199
num_leaves=7
num_cat=0
split_feature=73 71 90 75 3 40
split_gain=4241.19 3346.93 2609 2470.23 2031.71 521.811
threshold=28.230741731927079 16.06666666666667 -0.032796456669915701 6.0678160919540236 455.96666666666675 74.572171945701371
decision_type=2 2 2 2 2 2
left_child=1 2 -1 -2 -5 -3
right_child=3 5 -4 4 -6 -7
leaf_value=-0.010212255129735802 0.099428643617433379 0.098185199465070455 0.0034406357887319474 0.056535393306521881 0.0039795647487946345 0.041004461464747573
leaf_weight=2633 48 31 2987 114 206 35
leaf_count=2633 48 31 2987 114 206 35
internal_value=8.71906e-06 -0.00212171 -0.00295607 0.0328857 0.0227631 0.0684059
internal_weight=6054 5686 5620 368 320 66
internal_count=6054 5686 5620 368 320 66
is_linear=0
shrinkage=0.01


Tree=200
num_leaves=7
num_cat=0
split_feature=72 92 36 71 74 70
split_gain=4187.68 3516.29 2634.36 1871.92 2417.3 1144.87
threshold=36.526666666666678 16.480825925925927 52.31666666666667 3.5833333333333339 8.6633294381345216 9.6418477371231628
decision_type=2 2 2 2 2 2
left_child=3 -2 -3 5 -5 -1
right_child=1 2 -4 4 -6 -7
leaf_value=-0.014406190311314277 0.092448824804441068 0.073278118629204608 0.0087142787451671474 0.0030647385518828077 -0.028236423509006785 0.035413136371813321
leaf_weight=1631 56 66 1280 2703 271 47
leaf_count=1631 56 66 1280 2703 271 47
internal_value=8.87664e-06 0.0151558 0.0119065 -0.00455706 0.000208046 -0.0130003
internal_weight=6054 1402 1346 4652 2974 1678
internal_count=6054 1402 1346 4652 2974 1678
is_linear=0
shrinkage=0.01


Tree=201
num_leaves=8
num_cat=0
split_feature=71 90 11 12 39 3 69
split_gain=4109.58 2764.56 2629.86 1850.46 1993.41 1763.86 1485.6
threshold=5.7287356321839091 -0.073653658593302959 0.25881904510252091 0.91597561503675351 65.112862318840598 383.75000000000006 34.054583730445806
decision_type=2 2 2 2 2 2 2
left_child=3 6 -3 4 -1 -5 -2
right_child=1 2 -4 5 -6 -7 -8
leaf_value=0.0046019579859053411 -0.0063915628434951469 0.028874444250557098 0.0021953846672783613 0.031949742233306336 -0.01395413954847703 -0.0080189521201987322 0.057878220442136127
leaf_weight=763 879 921 617 225 2396 216 37
leaf_count=763 879 921 617 225 2396 216 37
internal_value=8.93012e-06 0.00998696 0.0181761 -0.00679307 -0.00947207 0.0123852 -0.00376481
internal_weight=6054 2454 1538 3600 3159 441 916
internal_count=6054 2454 1538 3600 3159 441 916
is_linear=0
shrinkage=0.01


Tree=202
num_leaves=8
num_cat=0
split_feature=63 34 12 39 55 2 23
split_gain=4113.96 3567 2516.23 3958.29 2917.56 2385.08 1457.4
threshold=13.100000000000001 52.712068965517254 0.78656609248549303 63.984415584415594 401.11666666666673 22.893588362068972 18.525287356321844
decision_type=2 2 2 2 2 2 2
left_child=1 5 3 -2 -4 -1 -3
right_child=2 6 4 -5 -6 -7 -8
leaf_value=0.079651588227473161 0.037237866095688077 -0.0039619575940755755 0.092579203910780269 -0.005321847713095621 0.02298098431324979 0.012317975685839358 -0.018764996941426689
leaf_weight=73 306 3533 75 761 301 186 819
leaf_count=73 306 3533 75 761 301 186 819
internal_value=8.9219e-06 -0.00460269 0.0147418 0.00689491 0.0369694 0.031415 -0.00674968
internal_weight=6054 4611 1443 1067 376 259 4352
internal_count=6054 4611 1443 1067 376 259 4352
is_linear=0
shrinkage=0.01


Tree=203
num_leaves=7
num_cat=0
split_feature=73 11 59 75 3 38
split_gain=4054.25 3589.94 3909.63 2430.24 1968.54 1779.93
threshold=28.230741731927079 0.12940952255126045 19.283333333333335 6.0678160919540236 455.96666666666675 75.758156498673756
decision_type=2 2 2 2 2 2
left_child=1 2 -1 -2 -5 -3
right_child=3 5 -4 4 -6 -7
leaf_value=0.0016813207882953943 0.098153936845432846 1.6601033416714172e-05 0.041273434585365559 0.055356938634763216 0.0036253800622343155 -0.01717296103749005
leaf_weight=2833 48 958 273 114 206 1622
leaf_count=2833 48 958 273 114 206 1622
internal_value=9.01247e-06 -0.00207393 0.00516749 0.0321533 0.0221139 -0.0107912
internal_weight=6054 5686 3106 368 320 2580
internal_count=6054 5686 3106 368 320 2580
is_linear=0
shrinkage=0.01


Tree=204
num_leaves=7
num_cat=0
split_feature=69 11 69 79 35 46
split_gain=3976.19 3239.26 2980.89 2374.55 2352.69 1233.85
threshold=28.302128227839706 0.78656609248549325 10.14152298850575 8.8666666666666689 80.360833333333332 22.627011494252876
decision_type=2 2 2 2 2 2
left_child=1 2 -1 4 -2 -3
right_child=3 5 -4 -5 -6 -7
leaf_value=-0.0099887918400372276 0.064318482207534569 0.007824624718856657 0.0073932030834964113 -0.039122048096892272 0.0071921600360819642 -0.02108145658559463
leaf_weight=1449 188 173 3089 40 117 998
leaf_count=1449 188 173 3089 40 117 998
internal_value=9.0767e-06 -0.00198427 0.00184247 0.0329513 0.0424537 -0.016809
internal_weight=6054 5709 4538 345 305 1171
internal_count=6054 5709 4538 345 305 1171
is_linear=0
shrinkage=0.01


Tree=205
num_leaves=7
num_cat=0
split_feature=72 92 36 11 1 44
split_gain=3932.58 3400.74 2568.43 1944.45 2668.37 923.297
threshold=36.526666666666678 16.480825925925927 52.31666666666667 0.12940952255126045 93.745977011494276 22.035340926821661
decision_type=2 2 2 2 2 2
left_child=3 -2 -3 4 -1 -5
right_child=1 2 -4 5 -6 -7
leaf_value=2.1103541481331551e-06 0.090699482509520202 0.072090373586107023 0.0083400359419179958 0.0083967996032504027 0.073423490998768562 -0.013733306526811092
leaf_weight=2499 56 66 1280 209 50 1894
leaf_count=2499 56 66 1280 209 50 1894
internal_value=8.9996e-06 0.0146873 0.011492 -0.00441568 0.00145662 -0.0115323
internal_weight=6054 1402 1346 4652 2549 2103
internal_count=6054 1402 1346 4652 2549 2103
is_linear=0
shrinkage=0.01


Tree=206
num_leaves=7
num_cat=0
split_feature=73 71 90 67 69 40
split_gain=3878.19 3207.2 2479.33 1737.04 2131.88 503.934
threshold=28.230741731927079 16.06666666666667 -0.032796456669915701 11.612365327387694 34.389436234263826 74.572171945701371
decision_type=2 2 2 2 2 2
left_child=1 2 -1 -2 -5 -3
right_child=3 5 -4 4 -6 -7
leaf_value=-0.0099184399700124326 0.088628612600867782 0.09627402383562117 0.0033908437142204729 0.0085482135325487402 0.068486468744126103 0.040088367944032373
leaf_weight=2633 46 31 2987 244 78 35
leaf_count=2633 46 31 2987 244 78 35
internal_value=9.11045e-06 -0.0020281 -0.00284487 0.0314476 0.0231526 0.0670116
internal_weight=6054 5686 5620 368 322 66
internal_count=6054 5686 5620 368 322 66
is_linear=0
shrinkage=0.01


Tree=207
num_leaves=8
num_cat=0
split_feature=63 11 34 24 5 79 75
split_gain=3869.62 4427.89 3445.38 2243.91 2220.4 1976.84 710.573
threshold=13.100000000000001 0.78656609248549325 52.712068965517254 8.4747126436781617 5.5000000000000009 7.0833333333333348 13.243049470943257
decision_type=2 2 2 2 2 2 2
left_child=2 3 4 -2 -1 -4 -3
right_child=1 6 5 -5 -6 -7 -8
leaf_value=0.020208029197581714 0.049549050695524011 -0.017928387223731499 -0.0057078021464306936 0.016395571705638753 0.11112773285928321 -0.059098757686767173 0.019073825067971364
leaf_weight=229 283 367 4282 733 30 70 60
leaf_count=229 283 367 4282 733 30 70 60
internal_value=9.26671e-06 0.014298 -0.0044633 0.0256506 0.030935 -0.00657338 -0.0127116
internal_weight=6054 1443 4611 1016 259 4352 427
internal_count=6054 1443 4611 1016 259 4352 427
is_linear=0
shrinkage=0.01


Tree=208
num_leaves=7
num_cat=0
split_feature=73 11 59 75 23 44
split_gain=3760.28 3405.52 3737.46 2380.37 2167.24 1902.39
threshold=28.230741731927079 0.12940952255126045 19.283333333333335 6.0678160919540236 32.88333333333334 22.534523809523815
decision_type=2 2 2 2 2 2
left_child=1 2 -1 -2 -5 -3
right_child=3 5 -4 4 -6 -7
leaf_value=0.0016477008521759325 0.096283648703208907 0.011614771321156934 0.040358233204857194 0.04237818751789571 -0.01061097072392817 -0.013821261539325582
leaf_weight=2833 48 338 273 191 129 2242
leaf_count=2833 48 338 273 191 129 2242
internal_value=9.28523e-06 -0.00199672 0.00505625 0.0309662 0.0210321 -0.0104871
internal_weight=6054 5686 3106 368 320 2580
internal_count=6054 5686 3106 368 320 2580
is_linear=0
shrinkage=0.01


Tree=209
num_leaves=8
num_cat=0
split_feature=72 41 3 29 12 70 65
split_gain=3726.66 2865.06 3143.4 1813.09 1749.72 1678.07 1288.24
threshold=36.526666666666678 22.190062111801247 404.42356321839083 24.841666666666669 0.78656609248549303 4.6573891330016943 13.901329710610524
decision_type=2 2 2 2 2 2 2
left_child=3 2 -2 6 -5 -3 -1
right_child=1 5 -4 4 -6 -7 -8
leaf_value=0.0097731886702898015 0.12896448165100891 0.060128196414973994 0.029890641272154218 -0.0088764509794876101 0.0064395599339953516 0.0051733283463053495 0.067183834936295719
leaf_weight=146 38 58 194 3506 947 1112 53
leaf_count=146 38 58 194 3506 947 1112 53
internal_value=9.33265e-06 0.0142982 0.0463628 -0.00429794 -0.00561879 0.00792254 0.025196
internal_weight=6054 1402 232 4652 4453 1170 199
internal_count=6054 1402 232 4652 4453 1170 199
is_linear=0
shrinkage=0.01


Tree=210
num_leaves=8
num_cat=0
split_feature=71 90 11 4 4 24 3
split_gain=3678.96 2607.59 2406.4 1866.3 1958.91 1453.56 1117.91
threshold=5.7287356321839091 -0.073653658593302959 0.25881904510252091 21.500000000000004 1.0000000180025095e-35 8.9016219827805383 380.98218390804601
decision_type=2 2 2 2 2 2 2
left_child=3 5 -3 4 -1 -2 -5
right_child=1 2 -4 6 -6 -7 -8
leaf_value=0.027177376999179659 0.018675152473271579 0.027637309301369664 0.0021167967753183202 0.036371395823621595 -0.010230115066515244 -0.010924230509669952 -0.0026184272548124567
leaf_weight=146 217 921 617 153 3160 699 141
leaf_count=146 217 921 617 153 3160 699 141
internal_value=9.4901e-06 0.00945029 0.0174036 -0.00642627 -0.00857411 -0.00390524 0.0176978
internal_weight=6054 2454 1538 3600 3306 916 294
internal_count=6054 2454 1538 3600 3306 916 294
is_linear=0
shrinkage=0.01


Tree=211
num_leaves=8
num_cat=0
split_feature=63 11 34 10 26 79 71
split_gain=3660.07 4243.18 3357.59 2469.74 2328.08 1948.5 915.799
threshold=13.100000000000001 0.78656609248549325 52.712068965517254 1.0000000180025095e-35 32.871286709556863 7.0833333333333348 14.098788399296827
decision_type=2 2 2 2 2 2 2
left_child=2 3 4 -2 -1 -4 -3
right_child=1 6 5 -5 -6 -7 -8
leaf_value=0.097371682284207173 -0.0070572087320386594 -0.019831936757380729 -0.0055640029366427167 0.032589861044060656 0.017115909572183122 -0.058570772083515819 0.016766703664984183
leaf_weight=43 194 342 4282 822 216 70 85
leaf_count=43 194 342 4282 822 216 70 85
internal_value=9.46883e-06 0.0139059 -0.00434031 0.0250192 0.0306041 -0.00642334 -0.0125342
internal_weight=6054 1443 4611 1016 259 4352 427
internal_count=6054 1443 4611 1016 259 4352 427
is_linear=0
shrinkage=0.01


Tree=212
num_leaves=8
num_cat=0
split_feature=11 63 34 33 34 80 74
split_gain=3595.01 6015.14 2758.89 2568.02 1254.86 925.709 433.582
threshold=0.78656609248549325 11.41666666666667 52.712068965517254 90.152298850574724 88.593103448275869 47.016666666666673 9.3604694551761209
decision_type=2 2 2 2 2 2 2
left_child=1 2 -1 -3 5 -2 -6
right_child=4 3 -4 -5 6 -7 -8
leaf_value=0.029350360324086583 -0.014820845791061616 0.018946813194183929 -0.0054192989827495123 0.084645878121376056 -0.0246164361706472 0.0086054461402462513 -0.055510227300588362
leaf_weight=245 525 1264 3240 62 419 248 51
leaf_count=245 525 1264 3240 62 419 248 51
internal_value=9.43348e-06 0.00392671 -0.00297094 0.0220498 -0.0151474 -0.00730369 -0.0280252
internal_weight=6054 4811 3485 1326 1243 773 470
internal_count=6054 4811 3485 1326 1243 773 470
is_linear=0
shrinkage=0.01


Tree=213
num_leaves=7
num_cat=0
split_feature=72 92 36 38 4 10
split_gain=3550.92 3232.79 2500.68 1764.38 2434.86 1089.72
threshold=36.526666666666678 16.480825925925927 52.31666666666667 66.100000000000009 21.500000000000004 2.5000000000000004
decision_type=2 2 2 2 2 2
left_child=3 -2 -3 5 -5 -1
right_child=1 2 -4 4 -6 -7
leaf_value=0.00064555002099248178 0.088068241531869998 0.070635207294969624 0.0077320746485855223 -0.010806906629882493 0.016338294544924609 0.022400064573867052
leaf_weight=917 56 66 1280 3058 370 307
leaf_count=917 56 66 1280 3058 370 307
internal_value=9.37232e-06 0.0139572 0.0108419 -0.00419512 -0.0078749 0.00610928
internal_weight=6054 1402 1346 4652 3428 1224
internal_count=6054 1402 1346 4652 3428 1224
is_linear=0
shrinkage=0.01


Tree=214
num_leaves=8
num_cat=0
split_feature=63 11 34 6 25 79 6
split_gain=3499.32 4063.77 3214.24 2549.98 2162.7 1918.88 816.206
threshold=13.100000000000001 0.78656609248549325 52.712068965517254 9.5000000000000018 33.783333333333339 7.0833333333333348 12.500000000000002
decision_type=2 2 2 2 2 2 2
left_child=2 3 4 -2 -1 -4 -3
right_child=1 6 5 -5 -6 -7 -8
leaf_value=0.063736503047417833 -0.0091923532494038417 0.013687729636118525 -0.0054290476566680769 0.031920021726817516 0.0052590018747702399 -0.058031328265125873 -0.019618496729063802
leaf_weight=109 184 94 4282 832 150 70 333
leaf_count=109 184 94 4282 832 150 70 333
internal_value=9.44295e-06 0.0135973 -0.00424373 0.0244731 0.0299465 -0.00628182 -0.0122778
internal_weight=6054 1443 4611 1016 259 4352 427
internal_count=6054 1443 4611 1016 259 4352 427
is_linear=0
shrinkage=0.01


Tree=215
num_leaves=8
num_cat=0
split_feature=11 59 79 92 38 72 71
split_gain=3457.08 4731.83 4167.44 2969.09 1440.13 888.596 744.687
threshold=0.60355339059327384 19.17933248880426 8.0683908045977031 16.416368377592814 76.283333333333346 47.016666666666673 14.61440210081445
decision_type=2 2 2 2 2 2 2
left_child=1 3 -3 -1 5 -2 -6
right_child=4 2 -4 -5 6 -7 -8
leaf_value=0.04047337459409741 -0.0014576011671981548 0.039081647556106255 -0.050427073346013609 -0.001441696768393971 -0.01983984575801543 0.051761002472977137 0.013242099905425105
leaf_weight=177 494 551 57 3528 1142 33 72
leaf_count=177 494 551 57 3528 1142 33 72
internal_value=9.36611e-06 0.00481059 0.0306548 0.00056578 -0.0118824 0.00191983 -0.0178728
internal_weight=6054 4313 608 3705 1741 527 1214
internal_count=6054 4313 608 3705 1741 527 1214
is_linear=0
shrinkage=0.01


Tree=216
num_leaves=8
num_cat=0
split_feature=69 11 28 43 77 92 24
split_gain=3423.8 3530.59 3174.76 1488.94 977.452 1004.83 822.019
threshold=10.442456124088496 0.37940952255126054 23.983333333333338 22.893588362068972 15.813442952217679 20.067306671625598 23.183201783947819
decision_type=2 2 2 2 2 2 2
left_child=4 2 -2 -3 5 -1 -6
right_child=1 3 -4 -5 6 -7 -8
leaf_value=0.0090327780646615851 0.087187629708030207 0.012749496529083729 0.010715558313491453 -0.012042595967324786 -0.064085782833582114 -0.011854509454553757 -0.014547571315484889
leaf_weight=269 55 304 2518 1185 60 1587 76
leaf_count=269 55 304 2518 1185 60 1587 76
internal_value=9.3306e-06 0.00527564 0.012367 -0.00697803 -0.0107279 -0.00882532 -0.036561
internal_weight=6054 4062 2573 1489 1992 1856 136
internal_count=6054 4062 2573 1489 1992 1856 136
is_linear=0
shrinkage=0.01


Tree=217
num_leaves=8
num_cat=0
split_feature=69 11 88 75 79 11 46
split_gain=3389.43 2793.73 2919.97 2429.79 2352.05 1955.37 1139.65
threshold=28.302128227839706 0.78656609248549325 2.873563218390804 11.597290640394091 6.0666666666666673 0.37940952255126054 22.627011494252876
decision_type=2 2 2 2 2 2 2
left_child=1 2 -1 5 -5 -2 -3
right_child=3 6 -4 4 -6 -7 -8
leaf_value=-0.0034588060767742445 0.097003926032508903 0.0080748112751358857 0.014138254653946754 0.024103529682377813 -0.065978163691534503 0.01819451456100022 -0.019704925395634156
leaf_weight=3202 76 173 1336 181 34 54 998
leaf_count=3202 76 173 1336 181 34 54 998
internal_value=9.25064e-06 -0.00183115 0.00172269 0.0304239 0.0097357 0.0644667 -0.0155987
internal_weight=6054 5709 4538 345 215 130 1171
internal_count=6054 5709 4538 345 215 130 1171
is_linear=0
shrinkage=0.01


Tree=218
num_leaves=7
num_cat=0
split_feature=72 92 36 29 11 62
split_gain=3344.67 3114.12 2431.91 1708.99 1389.43 1268.77
threshold=36.526666666666678 16.480825925925927 52.31666666666667 24.841666666666669 0.78656609248549325 1.2596742286114904
decision_type=2 2 2 2 2 2
left_child=3 -2 -3 5 -5 -1
right_child=1 2 -4 4 -6 -7
leaf_value=0.067323907629089449 0.086283761459509875 0.069453644182897151 0.00742171693817312 -0.0024416935463408363 -0.016069632902459541 0.0096478939188992356
leaf_weight=51 56 66 1280 3502 951 148
leaf_count=51 56 66 1280 3502 951 148
internal_value=9.21869e-06 0.013546 0.0104884 -0.00407134 -0.00535372 0.0245634
internal_weight=6054 1402 1346 4652 4453 199
internal_count=6054 1402 1346 4652 4453 199
is_linear=0
shrinkage=0.01


Tree=219
num_leaves=8
num_cat=0
split_feature=63 11 34 33 26 23 71
split_gain=3311.73 3823.76 3078.61 2557.09 2220.64 1403.17 856.377
threshold=13.100000000000001 0.78656609248549325 52.712068965517254 90.38333333333334 32.871286709556863 18.525287356321844 14.098788399296827
decision_type=2 2 2 2 2 2 2
left_child=2 3 4 -2 -1 -4 -3
right_child=1 6 5 -5 -6 -7 -8
leaf_value=0.094540116758224949 0.020292561201563673 -0.018928599756681465 -0.0033876449125497354 0.096249873063897567 0.016161104797422197 -0.017912473843036909 0.016462126779974551
leaf_weight=43 970 342 3533 46 216 819 85
leaf_count=43 970 342 3533 46 216 819 85
internal_value=9.31123e-06 0.0132279 -0.0041283 0.0237777 0.0293328 -0.00612292 -0.0118714
internal_weight=6054 1443 4611 1016 259 4352 427
internal_count=6054 1443 4611 1016 259 4352 427
is_linear=0
shrinkage=0.01


Tree=220
num_leaves=8
num_cat=0
split_feature=69 11 28 38 71 21 92
split_gain=3280.91 3360.75 3087.75 1337.85 901.081 989.705 660.28
threshold=10.442456124088496 0.37940952255126054 23.983333333333338 75.758156498673756 2.6442528735632189 5.3708333333333345 17.537800000000004
decision_type=2 2 2 2 2 2 2
left_child=4 2 -2 -3 6 -6 -1
right_child=1 3 -4 -5 5 -7 -8
leaf_value=-0.057944463356510621 0.085871460400991598 0.0058998445750833009 0.010454693976918401 -0.013865935746558943 0.0086411417201382144 -0.010920642552555078 -0.01809092323081762
leaf_weight=45 55 533 2518 956 337 1107 503
leaf_count=45 55 533 2518 956 337 1107 503
internal_value=9.38693e-06 0.00516463 0.0120834 -0.00679067 -0.0105014 -0.00635357 -0.0214143
internal_weight=6054 4062 2573 1489 1992 1444 548
internal_count=6054 4062 2573 1489 1992 1444 548
is_linear=0
shrinkage=0.01


Tree=221
num_leaves=7
num_cat=0
split_feature=73 29 24 12 75 23
split_gain=3257.44 2507.53 3139.93 2460.55 2357.34 2052.13
threshold=28.230741731927079 24.90454545454546 4.3390804597701154 0.91597561503675351 6.0678160919540236 32.88333333333334
decision_type=2 2 2 2 2 2
left_child=1 2 -1 -3 -2 -6
right_child=4 3 -4 -5 5 -7
leaf_value=0.12264284964858509 0.093817112858455204 -0.0060104488987580305 0.015424387034141443 0.014130750534945015 0.039712558894751324 -0.011846536155488039
leaf_weight=30 48 4696 264 696 191 129
leaf_count=30 48 4696 264 696 191 129
internal_value=9.30058e-06 -0.00185776 0.0265564 -0.00340946 0.0288221 0.0189402
internal_weight=6054 5686 294 5392 368 320
internal_count=6054 5686 294 5392 368 320
is_linear=0
shrinkage=0.01


Tree=222
num_leaves=8
num_cat=0
split_feature=69 11 63 43 71 21 80
split_gain=3198.98 3271.84 2897.02 1437.46 883.814 965.55 570.359
threshold=10.442456124088496 0.37940952255126054 14.440804597701151 22.893588362068972 2.6442528735632189 5.3708333333333345 53.416666666666679
decision_type=2 2 2 2 2 2 2
left_child=4 2 -2 -3 6 -6 -1
right_child=1 3 -4 -5 5 -7 -8
leaf_value=-0.023883703574252929 0.0059376731108573581 0.012687128279902567 0.030730517104112232 -0.011672468435847272 0.0085491723324082509 -0.010772402305953188 0.017102524380161341
leaf_weight=512 1952 304 621 1185 337 1107 36
leaf_count=512 1952 304 621 1185 337 1107 36
internal_value=9.43043e-06 0.0050999 0.0119265 -0.00669619 -0.0103693 -0.0062614 -0.0211771
internal_weight=6054 4062 2573 1489 1992 1444 548
internal_count=6054 4062 2573 1489 1992 1444 548
is_linear=0
shrinkage=0.01


Tree=223
num_leaves=7
num_cat=0
split_feature=71 77 90 11 12 24
split_gain=3127 2911.12 2619.44 1901.45 1716.4 1572.62
threshold=6.1240740740740742 26.16861079209869 -0.029041877838106463 0.25881904510252091 0.98296291314453421 8.8477011494252888
decision_type=2 2 2 2 2 2
left_child=1 4 5 -4 -1 -2
right_child=2 -3 3 -5 -6 -7
leaf_value=-0.0080469346947574516 0.019185091097200499 0.071346183316455675 0.028030681833773944 0.0036691343025847863 0.02621650664610941 -0.010496984356500337
leaf_weight=3548 235 48 799 535 152 737
leaf_count=3548 235 48 799 535 152 737
internal_value=9.36063e-06 -0.00562765 0.00917078 0.0182659 -0.00663587 -0.00331407
internal_weight=6054 3748 2306 1334 3700 972
internal_count=6054 3748 2306 1334 3700 972
is_linear=0
shrinkage=0.01


Tree=224
num_leaves=7
num_cat=0
split_feature=73 11 29 75 77 44
split_gain=3127.77 2887.23 3222.95 2290.89 1726.11 1725.75
threshold=28.230741731927079 0.12940952255126045 33.056379367412241 6.0678160919540236 26.842677446210999 22.534523809523815
decision_type=2 2 2 2 2 2
left_child=1 2 -1 -2 -5 -3
right_child=3 5 -4 4 -6 -7
leaf_value=0.0014144582030582622 0.092314754900551341 0.011412679917989313 0.036507919099679029 0.040821873927170092 -0.0056090539730482506 -0.012813431059377042
leaf_weight=2818 48 338 288 166 154 2242
leaf_count=2818 48 338 288 166 154 2242
internal_value=9.37598e-06 -0.00182014 0.00467397 0.0282429 0.0185015 -0.00963783
internal_weight=6054 5686 3106 368 320 2580
internal_count=6054 5686 3106 368 320 2580
is_linear=0
shrinkage=0.01


Tree=225
num_leaves=7
num_cat=0
split_feature=72 92 36 63 11 86
split_gain=3091.51 3012.18 2373.98 1648.03 2249.93 1124.7
threshold=36.526666666666678 16.480825925925927 52.31666666666667 4.4500000000000011 0.12940952255126045 10.097515092908678
decision_type=2 2 2 2 2 2
left_child=3 -2 -3 5 -5 -1
right_child=1 2 -4 4 -6 -7
leaf_value=-0.016252257854883698 0.084560731999642022 0.068275177399914955 0.0069870064270874293 0.0071881740938827031 -0.0087815038549591776 0.041766075737234475
leaf_weight=1087 56 66 1280 1818 1713 34
leaf_count=1087 56 66 1280 1818 1713 34
internal_value=9.41933e-06 0.0130238 0.0100168 -0.00391366 -0.000559228 -0.0144743
internal_weight=6054 1402 1346 4652 3531 1121
internal_count=6054 1402 1346 4652 3531 1121
is_linear=0
shrinkage=0.01


Tree=226
num_leaves=8
num_cat=0
split_feature=69 90 75 6 69 39 34
split_gain=3064.95 2348.99 2330.27 2151.2 1961.71 1631.43 1435.67
threshold=28.302128227839706 -0.065948347770292001 11.597290640394091 21.500000000000004 14.932031388152078 63.508620689655181 83.135632183908072
decision_type=2 2 2 2 2 2 2
left_child=1 5 6 -4 -3 -1 -2
right_child=2 4 3 -5 -6 -7 -8
leaf_value=0.0065593001293985497 0.081959000486629616 -0.0017623290208785402 0.022177940800316528 -0.065007211783039032 0.014707816026936823 -0.013122783852518518 0.0062785480411156362
leaf_weight=534 96 2080 182 33 1108 1987 34
leaf_count=534 96 2080 182 33 1108 1987 34
internal_value=9.4785e-06 -0.00174061 0.0289317 0.00867393 0.00396318 -0.00895304 0.0622694
internal_weight=6054 5709 345 215 3188 2521 130
internal_count=6054 5709 345 215 3188 2521 130
is_linear=0
shrinkage=0.01


Tree=227
num_leaves=8
num_cat=0
split_feature=11 17 28 26 34 79 23
split_gain=3011.77 4060.95 2671.06 1897.64 1170.38 695.036 369.627
threshold=0.78656609248549325 18.237356321839084 25.396428571428576 25.542528735632189 88.593103448275869 2.3333333333333335 8.339080459770118
decision_type=2 2 2 2 2 2 2
left_child=1 2 -1 -3 5 -2 -6
right_child=4 3 -4 -5 6 -7 -8
leaf_value=0.023612740258760902 0.0083572861130310622 0.060201591268251108 -0.0043648366489005509 0.015996805401704749 -0.0052259965226366814 -0.012419381861739702 -0.030037551282810632
leaf_weight=380 228 107 3307 1017 71 545 399
leaf_count=380 228 107 3307 1017 71 545 399
internal_value=9.4273e-06 0.0035949 -0.00147839 0.0202303 -0.0138635 -0.00628912 -0.0263
internal_weight=6054 4811 3687 1124 1243 773 470
internal_count=6054 4811 3687 1124 1243 773 470
is_linear=0
shrinkage=0.01


Tree=228
num_leaves=7
num_cat=0
split_feature=63 28 12 34 5 79
split_gain=2965.46 2898.6 3050.32 2767.61 2188.66 1512.4
threshold=11.41666666666667 23.762643678160924 0.78656609248549303 52.712068965517254 5.5000000000000009 5.8296296296296299
decision_type=2 2 2 2 2 2
left_child=3 -2 -3 4 -1 -5
right_child=1 2 -4 5 -6 -7
leaf_value=0.016681973769984221 0.079270930277199309 0.00017489505661691371 0.029384393949127421 -0.005650652748384442 0.1072756272300345 -0.045732900512342009
leaf_weight=215 59 1284 495 3875 30 96
leaf_count=215 59 1284 495 3875 30 96
internal_value=9.37858e-06 0.0106077 0.00830858 -0.00461163 0.027973 -0.00662541
internal_weight=6054 1838 1779 4216 245 3971
internal_count=6054 1838 1779 4216 245 3971
is_linear=0
shrinkage=0.01


Tree=229
num_leaves=8
num_cat=0
split_feature=69 11 63 44 71 21 6
split_gain=2956.38 3141.34 2729.69 1340.81 923.383 893.713 532.063
threshold=10.14152298850575 0.37940952255126054 14.440804597701151 23.037925898829435 2.5166666666666671 4.6159003831417627 4.5000000000000009
decision_type=2 2 2 2 2 2 2
left_child=4 2 -2 -3 6 -6 -1
right_child=1 3 -4 -5 5 -7 -8
leaf_value=0.0057906802184510943 0.0056175598236058669 0.010232772364367423 0.029549728690932808 -0.011732175008146375 0.010317478505604796 -0.010555669140629996 -0.029164528648481708
leaf_weight=50 2046 361 621 1202 247 1199 328
leaf_count=50 2046 361 621 1202 247 1199 328
internal_value=9.43626e-06 0.00459832 0.0111947 -0.00665705 -0.0106306 -0.00698752 -0.024538
internal_weight=6054 4230 2667 1563 1824 1446 378
internal_count=6054 4230 2667 1563 1824 1446 378
is_linear=0
shrinkage=0.01


Tree=230
num_leaves=7
num_cat=0
split_feature=69 44 28 12 79 11
split_gain=2922.67 2405.38 2875.56 2765.94 2178.03 1488.62
threshold=28.302128227839706 25.572807017543862 33.084482758620702 0.91597561503675351 8.8666666666666689 0.25881904510252091
decision_type=2 2 2 2 2 2
left_child=1 2 -1 -3 5 -2
right_child=4 3 -4 -5 -6 -7
leaf_value=0.001316145851179855 0.055979890102348405 -0.012247746172306291 0.035197499386685649 0.019862987979224402 -0.040754095031891334 0.011131565469503403
leaf_weight=2761 178 2371 275 302 40 127
leaf_count=2761 178 2371 275 302 40 127
internal_value=9.35103e-06 -0.00169963 0.00439056 -0.0086166 0.0282522 0.0373558
internal_weight=6054 5709 3036 2673 345 305
internal_count=6054 5709 3036 2673 345 305
is_linear=0
shrinkage=0.01


Tree=231
num_leaves=8
num_cat=0
split_feature=69 44 24 12 77 39 24
split_gain=2875.79 2715.51 2737.95 2371.57 922.477 950.968 711
threshold=10.14152298850575 22.004524886877832 4.4007823647489017 0.91597561503675351 15.813442952217679 65.583333333333343 24.081546481491152
decision_type=2 2 2 2 2 2 2
left_child=4 2 -2 -3 5 -1 -6
right_child=1 3 -4 -5 6 -7 -8
leaf_value=0.007768742102026536 0.1048614300246592 -0.0015135856146178822 0.019209440768535532 0.022579390326620423 -0.062954974262324048 -0.011971775498841222 -0.015108530440651779
leaf_weight=295 40 3240 483 467 56 1403 70
leaf_count=295 40 3240 483 467 56 1403 70
internal_value=9.31741e-06 0.00453522 0.0258551 0.0015241 -0.0104847 -0.00854061 -0.0365424
internal_weight=6054 4230 523 3707 1824 1698 126
internal_count=6054 4230 523 3707 1824 1698 126
is_linear=0
shrinkage=0.01


Tree=232
num_leaves=8
num_cat=0
split_feature=11 63 34 10 34 80 74
split_gain=2869.21 4814.46 2420.43 2316.46 1131.1 810.741 437.191
threshold=0.78656609248549325 11.41666666666667 52.712068965517254 1.0000000180025095e-35 88.593103448275869 47.016666666666673 9.3604694551761209
decision_type=2 2 2 2 2 2 2
left_child=1 2 -1 -3 5 -2 -6
right_child=4 3 -4 -5 6 -7 -8
leaf_value=0.027611740660218265 -0.013120428379408867 -0.0087393242429522691 -0.0049553646129340311 0.025854956289308777 -0.022339498031917735 0.0088023341212054382 -0.053338163723066011
leaf_weight=245 525 235 3240 1091 419 248 51
leaf_count=245 525 235 3240 1091 419 248 51
internal_value=9.2753e-06 0.00350886 -0.00266208 0.0197226 -0.0135314 -0.0060852 -0.0257574
internal_weight=6054 4811 3485 1326 1243 773 470
internal_count=6054 4811 3485 1326 1243 773 470
is_linear=0
shrinkage=0.01


Tree=233
num_leaves=7
num_cat=0
split_feature=73 71 11 75 77 56
split_gain=2815.27 2794.52 2564.93 2256.17 1654.73 448.235
threshold=28.230741731927079 16.06666666666667 0.12940952255126045 6.0678160919540236 26.842677446210999 566.49500000000012
decision_type=2 2 2 2 2 2
left_child=1 2 -1 -2 -5 -3
right_child=3 5 -4 4 -6 -7
leaf_value=0.0036677201536621015 0.090376419518344561 0.09116688973004701 -0.0099006647019811555 0.038984665380941856 -0.0064737129508484524 0.038073575732642653
leaf_weight=3070 48 30 2550 166 154 36
leaf_count=3070 48 30 2550 166 154 36
internal_value=9.14684e-06 -0.00172657 -0.002489 0.0267952 0.0171303 0.0627184
internal_weight=6054 5686 5620 368 320 66
internal_count=6054 5686 5620 368 320 66
is_linear=0
shrinkage=0.01


Tree=234
num_leaves=7
num_cat=0
split_feature=72 92 67 63 62 86
split_gain=2771.47 2890.52 1981.28 1554.73 1543.12 1062.01
threshold=36.526666666666678 16.480825925925927 4.0678160919540236 4.4500000000000011 1.311785691325065 10.097515092908678
decision_type=2 2 2 2 2 2
left_child=3 -2 -3 5 -5 -1
right_child=1 2 -4 4 -6 -7
leaf_value=-0.015690298996084723 0.08240851920473892 0.054578740795672931 0.0061270145507432289 0.015896285808709904 -0.0031204118314321111 0.040687495041584622
leaf_weight=1087 56 90 1256 496 3035 34
leaf_count=1087 56 90 1256 496 3035 34
internal_value=9.26012e-06 0.0123316 0.00938616 -0.00370521 -0.00044712 -0.0139625
internal_weight=6054 1402 1346 4652 3531 1121
internal_count=6054 1402 1346 4652 3531 1121
is_linear=0
shrinkage=0.01


Tree=235
num_leaves=8
num_cat=0
split_feature=11 63 33 34 33 79 75
split_gain=2778.13 4659.27 2524.81 2351.67 1110.05 713.833 299.904
threshold=0.78656609248549325 11.41666666666667 90.152298850574724 52.712068965517254 88.678160919540247 2.3333333333333335 7.0166666666666675
decision_type=2 2 2 2 2 2 2
left_child=1 3 -3 -1 5 -2 -6
right_child=4 2 -4 -5 6 -7 -8
leaf_value=0.027222944635116399 0.0076759792315396922 0.016327662741279277 0.08146485155773163 -0.0048782326026082894 -0.024019555021840899 -0.012639486448320844 -0.052893416251665278
leaf_weight=245 243 1264 62 3240 363 597 40
leaf_count=245 243 1264 62 3240 363 597 40
internal_value=9.31854e-06 0.00345292 0.0194032 -0.00261775 -0.0133147 -0.00676085 -0.0269487
internal_weight=6054 4811 1326 3485 1243 840 403
internal_count=6054 4811 1326 3485 1243 840 403
is_linear=0
shrinkage=0.01


Tree=236
num_leaves=7
num_cat=0
split_feature=28 88 63 27 13 5
split_gain=2714.63 2327.24 1993.48 1199.05 1106.38 729.986
threshold=23.762643678160924 -0.36666666666666686 13.898850574712645 25.227777777777785 0.68301270189221941 2.5000000000000004
decision_type=2 2 2 2 2 2
left_child=3 4 -3 5 -2 -1
right_child=1 2 -4 -5 -6 -7
leaf_value=-0.0072469307689625815 -0.011003738627467301 0.00023896341851815004 0.018259182654921543 0.094704720353925381 0.0040858300488824488 0.057955433768790157
leaf_weight=35 2143 2346 831 38 628 33
leaf_count=35 2143 2346 831 38 628 33
internal_value=9.25612e-06 -0.000886582 0.00495476 0.0500504 -0.00758364 0.0245802
internal_weight=6054 5948 3177 106 2771 68
internal_count=6054 5948 3177 106 2771 68
is_linear=0
shrinkage=0.01


Tree=237
num_leaves=7
num_cat=0
split_feature=73 71 88 79 78 45
split_gain=2695.54 2709.1 2114.42 1542.16 1607.11 494.138
threshold=28.230741731927079 16.06666666666667 -1.0153024601708978 9.0666666666666682 7.9620833958371104 25.033908045977018
decision_type=2 2 2 2 2 2
left_child=1 2 -1 4 -2 -3
right_child=3 5 -4 -5 -6 -7
leaf_value=-0.0097354768757376749 0.088432226255692928 0.089823276798541726 0.0027162444068027599 -0.022451959603541606 0.025168649243676643 0.034420251789300339
leaf_weight=2327 47 32 3293 55 266 34
leaf_count=2327 47 32 3293 55 266 34
internal_value=9.29486e-06 -0.00168911 -0.0024398 0.0262195 0.0347958 0.0617632
internal_weight=6054 5686 5620 368 313 66
internal_count=6054 5686 5620 368 313 66
is_linear=0
shrinkage=0.01


Tree=238
num_leaves=8
num_cat=0
split_feature=73 23 36 23 79 6 76
split_gain=2642.11 2331.66 2455.06 1887.78 2310.55 2112.57 603.663
threshold=28.230741731927079 25.158333333333335 55.983333333333341 33.914285714285718 9.0666666666666682 28.500000000000004 42.917913117461545
decision_type=2 2 2 2 2 2 2
left_child=1 2 -1 5 -5 -2 -3
right_child=3 6 -4 4 -6 -7 -8
leaf_value=0.021919968153318276 0.031322631548464736 -0.013969668565683577 -0.0017616905994857208 0.020799635379901388 -0.073298716271427311 0.12071371971974607 -0.036282258135680229
leaf_weight=483 205 402 4627 98 35 30 174
leaf_count=483 205 402 4627 98 35 30 174
internal_value=9.37561e-06 -0.00167211 0.000478541 0.0259586 -0.00414113 0.0429684 -0.0207364
internal_weight=6054 5686 5110 368 133 235 576
internal_count=6054 5686 5110 368 133 235 576
is_linear=0
shrinkage=0.01


Tree=239
num_leaves=8
num_cat=0
split_feature=11 17 28 6 33 79 75
split_gain=2706.28 3543.35 2558.18 2280.25 1079.21 699.196 294.265
threshold=0.78656609248549325 18.237356321839084 25.396428571428576 7.5000000000000009 88.678160919540247 2.3333333333333335 7.0166666666666675
decision_type=2 2 2 2 2 2 2
left_child=1 2 -1 -3 5 -2 -6
right_child=4 3 -4 -5 6 -7 -8
leaf_value=0.02322433974167501 0.0076089543875543977 -0.016489918879712351 -0.0041556554454273194 0.024664209110455592 -0.023683312651574449 -0.012497131906594754 -0.052283097950028778
leaf_weight=380 243 156 3307 968 363 597 40
leaf_count=380 243 156 3307 968 363 597 40
internal_value=9.33844e-06 0.00340811 -0.00133084 0.0189472 -0.0131412 -0.00667907 -0.0265845
internal_weight=6054 4811 3687 1124 1243 840 403
internal_count=6054 4811 3687 1124 1243 840 403
is_linear=0
shrinkage=0.01


Tree=240
num_leaves=8
num_cat=0
split_feature=11 63 33 35 33 79 74
split_gain=2652.54 4393.04 2487.15 2175.25 1057.83 685.301 345.904
threshold=0.78656609248549325 11.41666666666667 90.152298850574724 52.712068965517254 88.678160919540247 2.3333333333333335 9.3604694551761209
decision_type=2 2 2 2 2 2 2
left_child=1 3 -3 -1 5 -2 -6
right_child=4 2 -4 -5 6 -7 -8
leaf_value=0.026433479114915736 0.0075330209328469799 0.015809636248926718 0.08045810288619995 -0.0046755453670017212 -0.023054314783346765 -0.012372265204971183 -0.053066333055496219
leaf_weight=241 243 1264 62 3244 360 597 43
leaf_count=241 243 1264 62 3244 360 597 43
internal_value=9.19827e-06 0.00337406 0.018862 -0.00252062 -0.0130101 -0.0066123 -0.0263196
internal_weight=6054 4811 1326 3485 1243 840 403
internal_count=6054 4811 1326 3485 1243 840 403
is_linear=0
shrinkage=0.01


Tree=241
num_leaves=8
num_cat=0
split_feature=11 63 33 34 38 44 75
split_gain=2609.97 4279.25 3114.44 2181.98 1243.6 819.441 696.494
threshold=0.60355339059327384 11.41666666666667 90.152298850574724 52.712068965517254 76.283333333333346 23.037925898829435 13.243049470943257
decision_type=2 2 2 2 2 2 2
left_child=1 3 -3 -1 5 -2 -6
right_child=4 2 -4 -5 6 -7 -8
leaf_value=0.026795134537802089 0.019288536753296854 0.017105173167278841 0.096696041037735422 -0.0042472514783162335 -0.017618584903729889 -0.0067441019360396579 0.01721642064974328
leaf_weight=245 187 1102 51 2915 1154 340 60
leaf_count=245 187 1102 51 2915 1154 340 60
internal_value=9.13609e-06 0.00418086 0.0206665 -0.00183647 -0.0103235 0.00250187 -0.0158901
internal_weight=6054 4313 1153 3160 1741 527 1214
internal_count=6054 4313 1153 3160 1741 527 1214
is_linear=0
shrinkage=0.01


Tree=242
num_leaves=7
num_cat=0
split_feature=28 12 1 38 4 5
split_gain=2604.21 2627.84 4304.96 3019.81 1257.21 961.482
threshold=23.762643678160924 0.91597561503675351 75.932183908045985 66.316666666666677 11.500000000000002 2.5000000000000004
decision_type=2 2 2 2 2 2
left_child=4 3 -3 -2 5 -1
right_child=1 2 -4 -5 -6 -7
leaf_value=-0.015524776594092449 0.0082002720853169338 -0.040236489432170529 0.026578160152720569 -0.008413698691889954 0.091224506449348777 0.061620047720485037
leaf_weight=34 1566 113 642 3627 42 30
leaf_count=34 1566 113 642 3627 42 30
internal_value=9.16818e-06 -0.000868259 0.0165574 -0.00340319 0.049022 0.0208265
internal_weight=6054 5948 755 5193 106 64
internal_count=6054 5948 755 5193 106 64
is_linear=0
shrinkage=0.01


Tree=243
num_leaves=8
num_cat=0
split_feature=69 28 11 29 77 39 92
split_gain=2578.66 2826.69 2585.94 1057.35 912.608 898.229 373.741
threshold=10.14152298850575 23.762643678160924 0.12940952255126045 24.483333333333338 15.690846814641374 65.583333333333343 16.956666666666667
decision_type=2 2 2 2 2 2 2
left_child=4 3 -3 -2 5 -1 -6
right_child=1 2 -4 -5 6 -7 -8
leaf_value=0.0079568506057867607 0.1087627074659237 0.01025728645584181 -0.0056184641177552111 0.034558733451838068 -0.063707155830618256 -0.011285663307096142 -0.025075811599768124
leaf_weight=293 30 2284 1862 54 34 1400 97
leaf_count=293 30 2284 1862 54 34 1400 97
internal_value=9.17842e-06 0.0042949 0.00312743 0.0615528 -0.00992794 -0.00795379 -0.0353102
internal_weight=6054 4230 4146 84 1824 1693 131
internal_count=6054 4230 4146 84 1824 1693 131
is_linear=0
shrinkage=0.01


Tree=244
num_leaves=7
num_cat=0
split_feature=72 92 67 63 62 1
split_gain=2529.04 2775.03 1961.04 1467.26 1491.21 939.93
threshold=36.526666666666678 16.480825925925927 4.0678160919540236 4.4500000000000011 1.2784854546781979 50.847126436781615
decision_type=2 2 2 2 2 2
left_child=3 -2 -3 5 -5 -1
right_child=1 2 -4 4 -6 -7
leaf_value=0.02742230388828527 0.080442510528902042 0.053855198716096453 0.0056520612470470624 0.016282344461381756 -0.0029088732405591544 -0.015547102502317533
leaf_weight=53 56 90 1256 466 3065 1068
leaf_count=53 56 90 1256 466 3065 1068
internal_value=9.13193e-06 0.0117802 0.00889433 -0.00353916 -0.000374044 -0.0135038
internal_weight=6054 1402 1346 4652 3531 1121
internal_count=6054 1402 1346 4652 3531 1121
is_linear=0
shrinkage=0.01


Tree=245
num_leaves=8
num_cat=0
split_feature=11 63 33 34 34 71 22
split_gain=2489.67 4158.48 2394.32 2190.96 1027.09 480.653 377.847
threshold=0.78656609248549325 11.41666666666667 90.152298850574724 52.712068965517254 88.593103448275869 14.098788399296827 14.723180076628354
decision_type=2 2 2 2 2 2 2
left_child=1 3 -3 -1 5 -2 -6
right_child=4 2 -4 -5 6 -7 -8
leaf_value=0.02633696374607836 -0.0081909745028133363 0.015343105419518662 0.078773365427970893 -0.0046479366193257852 -0.014135492579819416 0.017626194502811252 -0.032243516775710246
leaf_weight=245 693 1264 62 3240 208 80 262
leaf_count=245 693 1264 62 3240 208 80 262
internal_value=9.17873e-06 0.0032691 0.0183379 -0.00246605 -0.0126041 -0.00550877 -0.0242544
internal_weight=6054 4811 1326 3485 1243 773 470
internal_count=6054 4811 1326 3485 1243 773 470
is_linear=0
shrinkage=0.01


Tree=246
num_leaves=7
num_cat=0
split_feature=28 12 63 38 4 76
split_gain=2492.15 2552.03 2907.14 2899.14 1215.18 616.23
threshold=23.762643678160924 0.91597561503675351 25.550000000000004 66.316666666666677 11.500000000000002 37.32500000000001
decision_type=2 2 2 2 2 2
left_child=4 3 -3 -2 5 -1
right_child=1 2 -4 -5 -6 -7
leaf_value=-0.0098114684181871709 0.0080219784856931757 0.01068410521101556 0.084676686117960059 -0.0082566751414304054 0.089446144380288958 0.051889911092581252
leaf_weight=33 1566 698 57 3627 42 31
leaf_count=33 1566 698 57 3627 42 31
internal_value=9.15126e-06 -0.000849189 0.0163233 -0.00334729 0.047956 0.020238
internal_weight=6054 5948 755 5193 106 64
internal_count=6054 5948 755 5193 106 64
is_linear=0
shrinkage=0.01


Tree=247
num_leaves=8
num_cat=0
split_feature=69 28 11 4 77 52 1
split_gain=2452.32 2705.93 2484.2 1009.91 895.747 760.944 370.26
threshold=10.14152298850575 23.762643678160924 0.12940952255126045 11.500000000000002 15.813442952217679 374.98448275862074 74.601630434782621
decision_type=2 2 2 2 2 2 2
left_child=4 3 -3 -2 5 -1 -6
right_child=1 2 -4 -5 6 -7 -8
leaf_value=-0.012298598481547936 0.030391600373718474 0.010034589251971558 -0.0055257067884039758 0.100925997398269 -0.045107778936156431 0.0021156940447485425 -0.0052215801051684789
leaf_weight=1164 49 2284 1862 35 95 534 31
leaf_count=1164 49 2284 1862 35 95 534 31
internal_value=9.24853e-06 0.00418867 0.0030464 0.0602101 -0.00968137 -0.0077659 -0.0353579
internal_weight=6054 4230 4146 84 1824 1698 126
internal_count=6054 4230 4146 84 1824 1698 126
is_linear=0
shrinkage=0.01


Tree=248
num_leaves=8
num_cat=0
split_feature=39 12 91 29 36 70 83
split_gain=2409.01 3709.9 3395.88 1946.47 1884.49 1487.92 1204.53
threshold=63.508620689655181 0.78656609248549303 11.476868535875893 25.860721982758623 52.712068965517254 7.9872079517927981 21.702325407908827
decision_type=2 2 2 2 2 2 2
left_child=3 4 -3 5 -2 -1 -5
right_child=1 2 -4 6 -6 -7 -8
leaf_value=0.017041851459176301 0.023055805477253694 0.09660183642853748 0.0084918304143251615 0.0006716434179573806 -0.010301966257505509 0.062193779221528488 0.030642261205968403
leaf_weight=203 178 45 1139 903 3315 114 157
leaf_count=203 178 45 1139 903 3315 114 157
internal_value=9.21743e-06 -0.00341366 0.0118804 0.0116324 -0.00859889 0.0333534 0.00512351
internal_weight=6054 4677 1184 1377 3493 317 1060
internal_count=6054 4677 1184 1377 3493 317 1060
is_linear=0
shrinkage=0.01


Tree=249
num_leaves=7
num_cat=0
split_feature=69 44 28 12 8 35
split_gain=2421.98 2139.23 2716.97 2486.72 1560.11 1480.85
threshold=28.302128227839706 25.572807017543862 32.983333333333341 0.91597561503675351 1.0000000180025095e-35 81.728735632183927
decision_type=2 2 2 2 2 2
left_child=1 2 -1 -3 5 -2
right_child=4 3 -4 -5 -6 -7
leaf_value=0.0010791197460091044 0.049029464824003402 -0.011512510405045379 0.032898817313938331 0.018934255826334696 -0.027599270085912002 0.00078330729990392116
leaf_weight=2739 206 2371 297 302 47 92
leaf_count=2739 206 2371 297 302 47 92
internal_value=9.31798e-06 -0.0015464 0.00419699 -0.0080695 0.0257195 0.0341626
internal_weight=6054 5709 3036 2673 345 298
internal_count=6054 5709 3036 2673 345 298
is_linear=0
shrinkage=0.01


Tree=250
num_leaves=7
num_cat=0
split_feature=28 90 71 69 69 4
split_gain=2378.74 2309.11 2493.1 1308.82 1100.52 827.817
threshold=23.762643678160924 -0.073653658593302959 6.3045977011494259 12.342003743982898 34.054583730445806 11.500000000000002
decision_type=2 2 2 2 2 2
left_child=3 4 -3 -1 -2 -5
right_child=1 2 -4 5 -6 -7
leaf_value=-0.0021623489048383008 -0.0087695112149973938 -0.0024906319371571545 0.014992713363744071 0.040415584464993659 0.046541480172170351 0.11023158579970163
leaf_weight=36 2529 2012 1371 39 36 31
leaf_count=36 2529 2012 1371 39 36 31
internal_value=9.27902e-06 -0.000829302 0.00459572 0.0468524 -0.0079841 0.0719037
internal_weight=6054 5948 3383 106 2565 70
internal_count=6054 5948 3383 106 2565 70
is_linear=0
shrinkage=0.01


Tree=251
num_leaves=8
num_cat=0
split_feature=72 36 28 29 4 90 62
split_gain=2338.72 2509.91 2492.87 1456.76 1305.14 1305.03 1177.27
threshold=36.526666666666678 52.31666666666667 23.762643678160924 24.841666666666669 21.500000000000004 0.11971884100877896 1.2596742286114904
decision_type=2 2 2 2 2 2 2
left_child=3 5 -3 6 -5 -2 -1
right_child=1 2 -4 4 -6 -7 -8
leaf_value=0.064223075546107247 0.025942958812782732 0.083654719969104313 0.0058120773120785077 -0.0062551111768687296 0.01297471089365821 0.11376063980615657 0.0086690419508953283
leaf_weight=51 34 42 1292 4067 386 34 148
leaf_count=51 34 42 1292 4067 386 34 148
internal_value=9.35038e-06 0.0113288 0.00829369 -0.00340282 -0.00458683 0.070369 0.0230343
internal_weight=6054 1402 1334 4652 4453 68 199
internal_count=6054 1402 1334 4652 4453 68 199
is_linear=0
shrinkage=0.01


Tree=252
num_leaves=8
num_cat=0
split_feature=69 28 12 51 77 51 24
split_gain=2321.26 2542 1991.25 1202.48 883.98 759.325 687.442
threshold=10.14152298850575 23.762643678160924 0.91597561503675351 505.65877192982458 15.690846814641374 383.51666666666671 24.081546481491152
decision_type=2 2 2 2 2 2 2
left_child=4 3 -3 -2 5 -1 -6
right_child=1 2 -4 -5 6 -7 -8
leaf_value=-0.011908636308613187 0.087832427064010066 0.00030550528078908011 0.021002463033085911 0.0098732722782171704 -0.059569832992653886 0.0026363581821596516 -0.013497673028090905
leaf_weight=1177 52 3613 533 32 59 516 72
leaf_count=1177 52 3613 533 32 59 516 72
internal_value=9.51598e-06 0.00407572 0.00296859 0.0583738 -0.0094186 -0.00747578 -0.0343991
internal_weight=6054 4230 4146 84 1824 1693 131
internal_count=6054 4230 4146 84 1824 1693 131
is_linear=0
shrinkage=0.01


Tree=253
num_leaves=8
num_cat=0
split_feature=39 90 14 80 83 69 75
split_gain=2340.84 1955.22 1883.44 2159.29 1748.28 776.771 659.852
threshold=63.508620689655181 -0.077579990269094498 -0.5 42.769764969313393 8.3776765092057364 27.288454241794451 5.406896551724139
decision_type=2 2 2 2 2 2 2
left_child=2 5 6 -4 -3 -2 -1
right_child=1 4 3 -5 -6 -7 -8
leaf_value=0.0011889102396656635 -0.012150767679972646 -0.019166937244475889 0.060427591560749304 0.014249869790026563 0.0053894962360609526 0.016106643479480976 -0.030427175600297986
leaf_weight=445 1933 331 117 738 2311 102 77
leaf_count=445 1933 331 117 738 2311 102 77
internal_value=9.45194e-06 -0.00336464 0.011467 0.0206011 0.00230974 -0.0107306 -0.00349846
internal_weight=6054 4677 1377 855 2642 2035 522
internal_count=6054 4677 1377 855 2642 2035 522
is_linear=0
shrinkage=0.01


Tree=254
num_leaves=8
num_cat=0
split_feature=11 63 10 36 52 79 23
split_gain=2304.5 3794.75 2161.89 1901.23 882.474 648.398 287.88
threshold=0.78656609248549325 11.41666666666667 1.0000000180025095e-35 52.31666666666667 374.98448275862074 2.4241379310344828 8.410365853610136
decision_type=2 2 2 2 2 2 2
left_child=1 3 -3 -1 6 -6 -2
right_child=4 2 -4 -5 5 -7 -8
leaf_value=0.027965147517602464 -0.0065874324863308053 -0.0099532891565067751 0.023464844783873434 -0.0041327561088653356 0.008678990843277128 -0.011419184089530257 -0.027550942012889591
leaf_weight=195 81 235 1091 3290 220 590 352
leaf_count=195 81 235 1091 3290 220 590 352
internal_value=9.38762e-06 0.00314574 0.0175404 -0.00233285 -0.0121258 -0.00595782 -0.0236426
internal_weight=6054 4811 1326 3485 1243 810 433
internal_count=6054 4811 1326 3485 1243 810 433
is_linear=0
shrinkage=0.01


Tree=255
num_leaves=7
num_cat=0
split_feature=90 71 79 69 12 33
split_gain=2263.28 2444.76 1867.31 1226.96 1140.67 1014.68
threshold=-0.065948347770292001 6.3045977011494259 7.416666666666667 34.054583730445806 0.60355339059327384 57.576436781609203
decision_type=2 2 2 2 2 2
left_child=3 4 -3 5 -2 -1
right_child=1 2 -4 -5 -6 -7
leaf_value=0.00832611085321322 -0.006340170042238579 0.018883830144262141 -0.025082384388982963 0.049101830584662304 0.010336852966089939 -0.010192018305641181
leaf_weight=340 1452 1287 104 38 571 2262
leaf_count=340 1452 1287 104 38 571 2262
internal_value=9.29167e-06 0.00538578 0.0155884 -0.006943 -0.00163137 -0.00777095
internal_weight=6054 3414 1391 2640 2023 2602
internal_count=6054 3414 1391 2640 2023 2602
is_linear=0
shrinkage=0.01


Tree=256
num_leaves=8
num_cat=0
split_feature=11 88 6 67 33 79 74
split_gain=2249.45 2726.41 1994.58 1272 977.586 645.2 344.182
threshold=0.78656609248549325 1.9666666666666675 9.5000000000000018 19.100000000000005 88.678160919540247 2.3333333333333335 9.3604694551761209
decision_type=2 2 2 2 2 2 2
left_child=1 3 -3 -1 5 -2 -6
right_child=4 2 -4 -5 6 -7 -8
leaf_value=-0.0038349772479887184 0.0078943943497466664 -0.0044638666965787369 0.019921916900152166 0.026956055678241615 -0.021521088531398412 -0.011419247398531712 -0.051441475279029758
leaf_weight=2975 243 460 1236 140 360 597 43
leaf_count=2975 243 460 1236 140 360 597 43
internal_value=9.2359e-06 0.00310791 0.0133082 -0.00244685 -0.0119801 -0.00583012 -0.0247746
internal_weight=6054 4811 1696 3115 1243 840 403
internal_count=6054 4811 1696 3115 1243 840 403
is_linear=0
shrinkage=0.01


Tree=257
num_leaves=7
num_cat=0
split_feature=28 12 1 13 4 74
split_gain=2220.68 2354.84 4199.23 2529.24 1114.32 547.494
threshold=23.762643678160924 0.91597561503675351 75.932183908045985 0.68301270189221941 11.500000000000002 7.3265286175475817
decision_type=2 2 2 2 2 2
left_child=4 3 -3 -2 5 -1
right_child=1 2 -4 -5 -6 -7
leaf_value=-0.0087307109167610395 -0.0069540155269597424 -0.040396424457496485 0.025591818594004858 0.0097730505411948252 0.084998120829638313 0.049506780167094998
leaf_weight=34 4028 113 642 1165 42 30
leaf_count=34 4028 113 642 1165 42 30
internal_value=9.10984e-06 -0.000801128 0.0156946 -0.00320078 0.0452692 0.0187325
internal_weight=6054 5948 755 5193 106 64
internal_count=6054 5948 755 5193 106 64
is_linear=0
shrinkage=0.01


Tree=258
num_leaves=8
num_cat=0
split_feature=39 12 91 29 6 40 6
split_gain=2259.69 3450.1 3270.01 1811.21 1782.64 1332.46 1196.13
threshold=63.508620689655181 0.78656609248549303 11.476868535875893 25.860721982758623 28.500000000000004 73.898275862068985 16.500000000000004
decision_type=2 2 2 2 2 2 2
left_child=3 5 -3 4 -1 -2 -5
right_child=1 2 -4 6 -6 -7 -8
leaf_value=0.022853171851803734 -0.00020444572730147223 0.094579120706725903 0.0081177535610516237 0.015076433860697689 0.092541407882466037 -0.013014323751673391 -0.0061872276107261797
leaf_weight=275 1284 45 1139 557 42 2209 503
leaf_count=275 1284 45 1139 557 42 2209 503
internal_value=9.11269e-06 -0.00330598 0.0114428 0.0112664 0.0322191 -0.00830636 0.00498759
internal_weight=6054 4677 1184 1377 317 3493 1060
internal_count=6054 4677 1184 1377 317 3493 1060
is_linear=0
shrinkage=0.01


Tree=259
num_leaves=8
num_cat=0
split_feature=39 14 80 29 6 88 38
split_gain=2214.84 1785.4 2091.46 1782.84 1767.34 1381.57 635.921
threshold=63.508620689655181 -0.5 42.769764969313393 31.525287356321844 8.5000000000000018 3.1666666666666679 51.491379310344833
decision_type=2 2 2 2 2 2 2
left_child=1 6 -3 5 -5 -2 -1
right_child=3 2 -4 4 -6 -7 -8
leaf_value=0.031474634749089417 -0.011033367754642932 0.059242908424265849 0.01379683063128239 -0.013713357665077173 0.014268125380041637 0.0027046887289674903 -0.0068995007767658351
leaf_weight=47 2431 117 738 301 898 1047 475
leaf_count=47 2431 117 738 301 898 1047 475
internal_value=9.1989e-06 0.0111541 0.0200473 -0.00327282 0.00724038 -0.00689779 -0.00341659
internal_weight=6054 1377 855 4677 1199 3478 522
internal_count=6054 1377 855 4677 1199 3478 522
is_linear=0
shrinkage=0.01


Tree=260
num_leaves=7
num_cat=0
split_feature=69 44 28 12 5 35
split_gain=2177.55 1966.49 2634.12 2295.28 1501.87 1409.76
threshold=28.302128227839706 25.572807017543862 33.084482758620702 0.91597561503675351 4.5000000000000009 81.728735632183927
decision_type=2 2 2 2 2 2
left_child=1 2 -1 -3 5 -2
right_child=4 3 -4 -5 -6 -7
leaf_value=0.0010981637529326323 0.047177770835796225 -0.011027964431369273 0.033525935493085107 0.018223341619558943 -0.027921783801128988 0.00010756163709872478
leaf_weight=2761 206 2371 275 302 47 92
leaf_count=2761 206 2371 275 302 47 92
internal_value=9.18193e-06 -0.00146594 0.00404066 -0.00772013 0.0243875 0.0326722
internal_weight=6054 5709 3036 2673 345 298
internal_count=6054 5709 3036 2673 345 298
is_linear=0
shrinkage=0.01


Tree=261
num_leaves=8
num_cat=0
split_feature=39 4 4 33 29 70 71
split_gain=2170.09 2608.42 3050.44 2214.94 1751.32 1415.07 1395.68
threshold=63.508620689655181 1.0000000180025095e-35 20.500000000000004 75.932183908045985 25.860721982758623 7.9872079517927981 19.700000000000006
decision_type=2 2 2 2 2 2 2
left_child=4 3 -3 -2 5 -1 -6
right_child=1 2 -4 -5 6 -7 -8
leaf_value=0.015740096572576051 -0.045068837373153023 -0.0085901655771690871 0.013966044539177727 0.041691039376825466 0.0019944645321951747 0.059768341336317983 0.050709390784323211
leaf_weight=203 34 3727 714 202 998 114 62
leaf_count=203 34 3727 714 202 998 114 62
internal_value=9.14224e-06 -0.00323956 -0.00496242 0.0291208 0.0110409 0.0316444 0.00486686
internal_weight=6054 4677 4441 236 1377 317 1060
internal_count=6054 4677 4441 236 1377 317 1060
is_linear=0
shrinkage=0.01


Tree=262
num_leaves=7
num_cat=0
split_feature=90 71 79 69 28 39
split_gain=2145.75 2304.17 1834.66 1162.03 1066.64 1038
threshold=-0.065948347770292001 6.3045977011494259 7.416666666666667 34.054583730445806 24.991666666666671 63.508620689655181
decision_type=2 2 2 2 2 2
left_child=3 4 -3 5 -2 -1
right_child=1 2 -4 -5 -6 -7
leaf_value=0.0047721917434603283 0.027158096260739943 0.018415659373845289 -0.025163962749488046 0.047781521661715072 -0.0034026159782955764 -0.010797698419391204
leaf_weight=540 121 1287 104 38 1902 2062
leaf_count=540 121 1287 104 38 1902 2062
internal_value=9.16085e-06 0.00524418 0.0151491 -0.00676019 -0.00156821 -0.00756595
internal_weight=6054 3414 1391 2640 2023 2602
internal_count=6054 3414 1391 2640 2023 2602
is_linear=0
shrinkage=0.01


Tree=263
num_leaves=8
num_cat=0
split_feature=29 28 6 71 44 5 81
split_gain=2123.58 2265.2 2025.31 1990.04 1712.68 1008.52 556.357
threshold=24.90454545454546 24.90454545454546 10.500000000000002 19.333333333333339 25.610344827586211 4.5000000000000009 13.509136853065884
decision_type=2 2 2 2 2 2 2
left_child=1 6 -3 4 -2 -5 -1
right_child=3 2 -4 5 -6 -7 -8
leaf_value=0.040890924901962278 0.0026406689616356978 -0.035893013004504197 0.027124751599742793 0.033337537706498332 -0.0085671899221987056 -0.027194092334262909 0.094352207534768612
leaf_weight=37 2862 70 184 223 2603 31 44
leaf_count=37 2862 70 184 223 2603 31 44
internal_value=9.11783e-06 0.0244609 0.00971929 -0.00142511 -0.00269788 0.0259089 0.0703384
internal_weight=6054 335 254 5719 5465 254 81
internal_count=6054 335 254 5719 5465 254 81
is_linear=0
shrinkage=0.01


Tree=264
num_leaves=7
num_cat=0
split_feature=90 29 60 69 69 39
split_gain=2094.25 2217.62 2226.02 1737.02 1129.22 1014.63
threshold=-0.065948347770292001 24.90454545454546 35.609195402298859 23.487164750957859 34.054583730445806 63.508620689655181
decision_type=2 2 2 2 2 2
left_child=4 2 -2 -3 5 -1
right_child=1 3 -4 -5 -6 -7
leaf_value=0.0047256200203842635 0.048157966409568084 0.00035156179609796909 -0.041368380816166214 0.023356850605834062 0.047087619992819699 -0.010667940879016211
leaf_weight=540 194 2817 32 371 38 2062
leaf_count=540 194 2817 32 371 38 2062
internal_value=9.13211e-06 0.00518095 0.0354161 0.00303218 -0.00667849 -0.00747279
internal_weight=6054 3414 226 3188 2640 2602
internal_count=6054 3414 226 3188 2640 2602
is_linear=0
shrinkage=0.01


Tree=265
num_leaves=8
num_cat=0
split_feature=11 88 6 28 33 79 80
split_gain=2078.15 2554.12 1912.8 1213.19 939.589 618.435 255.639
threshold=0.78656609248549325 1.9666666666666675 9.5000000000000018 23.762643678160924 88.678160919540247 2.3333333333333335 34.018390804597708
decision_type=2 2 2 2 2 2 2
left_child=1 3 -3 -1 5 -2 -6
right_child=4 2 -4 -5 6 -7 -8
leaf_value=0.046723022966071809 0.007950977221299612 -0.0045435340406613806 0.019336922465247021 -0.0031814615195400308 -0.011301120383705635 -0.010957657319525548 -0.029060186417320572
leaf_weight=49 243 460 1236 3066 114 597 289
leaf_count=49 243 460 1236 3066 114 597 289
internal_value=9.10158e-06 0.00298746 0.0128602 -0.00238891 -0.0115147 -0.00548559 -0.024058
internal_weight=6054 4811 1696 3115 1243 840 403
internal_count=6054 4811 1696 3115 1243 840 403
is_linear=0
shrinkage=0.01


Tree=266
num_leaves=7
num_cat=0
split_feature=28 12 1 40 83 55
split_gain=2050.98 2201.51 4073.39 2450.64 996.893 606.932
threshold=23.762643678160924 0.91597561503675351 75.932183908045985 75.300362318840584 13.549530335473937 450.87516339869291
decision_type=2 2 2 2 2 2
left_child=4 3 -3 -2 -1 -6
right_child=1 2 -4 -5 5 -7
leaf_value=0.0039920998406768951 0.0039547717489364972 -0.040063735023534768 0.024927951556131069 -0.0097874883829110557 0.094757614110430627 0.033179983373548161
leaf_weight=40 2531 113 642 2662 36 30
leaf_count=40 2531 113 642 2662 36 30
internal_value=9.02044e-06 -0.000769641 0.01518 -0.00308986 0.0435054 0.0672352
internal_weight=6054 5948 755 5193 106 66
internal_count=6054 5948 755 5193 106 66
is_linear=0
shrinkage=0.01


Tree=267
num_leaves=8
num_cat=0
split_feature=69 28 79 71 27 21 92
split_gain=2046.85 2255.28 1895.42 889.537 825.55 795.588 499.576
threshold=10.14152298850575 23.762643678160924 7.2040229885057476 2.5166666666666671 25.227777777777785 4.6159003831417627 17.537800000000004
decision_type=2 2 2 2 2 2 2
left_child=3 4 -3 6 -2 -5 -1
right_child=1 2 -4 5 -6 -7 -8
leaf_value=-0.054026490104332393 0.029271371412637994 0.0045345798765246432 -0.023329021081700207 0.011056856380899746 0.093645542409882612 -0.0086362482750036752 -0.018263427088789037
leaf_weight=44 51 3886 260 247 33 1199 334
leaf_count=44 51 3886 260 247 33 1199 334
internal_value=9.02353e-06 0.00382733 0.0027845 -0.00884429 0.0549716 -0.00526935 -0.0224935
internal_weight=6054 4230 4146 1824 84 1446 378
internal_count=6054 4230 4146 1824 84 1446 378
is_linear=0
shrinkage=0.01


Tree=268
num_leaves=7
num_cat=0
split_feature=90 71 35 72 69 28
split_gain=2016.21 2189.65 1604.54 1226.09 1103.6 905.758
threshold=-0.065948347770292001 6.3045977011494259 50.847126436781615 38.694827586206905 34.054583730445806 23.762643678160924
decision_type=2 2 2 2 2 2
left_child=4 3 -3 -2 5 -1
right_child=1 2 -4 -5 -6 -7
leaf_value=0.045129688780124369 -0.0038951254320090628 0.062310448621820516 0.012308898474991592 0.024354368853524551 0.046599827005491631 -0.0080002735583298221
leaf_weight=32 1856 67 1324 167 38 2570
leaf_count=32 1856 67 1324 167 38 2570
internal_value=8.96074e-06 0.00508351 0.0147392 -0.00155742 -0.00655289 -0.00733813
internal_weight=6054 3414 1391 2023 2640 2602
internal_count=6054 3414 1391 2023 2640 2602
is_linear=0
shrinkage=0.01


Tree=269
num_leaves=8
num_cat=0
split_feature=39 4 4 33 29 71 77
split_gain=2023.99 2519.97 2963.95 2136.15 1638.41 1318.03 1313.84
threshold=63.508620689655181 1.0000000180025095e-35 20.500000000000004 75.932183908045985 25.860721982758623 19.700000000000006 21.935063862287816
decision_type=2 2 2 2 2 2 2
left_child=4 3 -3 -2 6 -6 -1
right_child=1 2 -4 -5 5 -7 -8
leaf_value=0.022872058289082089 -0.044180045779200566 -0.0083977707119138548 0.013836341410823183 0.041023091599382007 0.0018998985810995356 0.049240403807878488 0.084615998920006083
leaf_weight=278 34 3727 714 202 998 62 39
leaf_count=278 34 3727 714 202 998 62 39
internal_value=9.02044e-06 -0.00312841 -0.00482182 0.0286785 0.010663 0.00469125 0.0305912
internal_weight=6054 4677 4441 236 1377 1060 317
internal_count=6054 4677 4441 236 1377 1060 317
is_linear=0
shrinkage=0.01


Tree=270
num_leaves=8
num_cat=0
split_feature=11 63 55 34 34 80 22
split_gain=1979.25 3289.01 2086.65 2008.96 910.705 712.303 365.346
threshold=0.78656609248549325 11.41666666666667 407.23735632183917 52.712068965517254 88.593103448275869 47.016666666666673 14.723180076628354
decision_type=2 2 2 2 2 2 2
left_child=1 3 -3 -1 5 -2 -6
right_child=4 2 -4 -5 6 -7 -8
leaf_value=0.025395925370314352 -0.01115127413897473 0.036465830100763104 0.0085031232630577921 -0.004274098665205197 -0.012264221988127029 0.0093967962385992886 -0.030060729937496641
leaf_weight=245 525 370 956 3240 208 248 262
leaf_count=245 525 370 956 3240 208 248 262
internal_value=9.06562e-06 0.00291568 0.0163169 -0.00218477 -0.0112372 -0.00455642 -0.0222073
internal_weight=6054 4811 1326 3485 1243 773 470
internal_count=6054 4811 1326 3485 1243 773 470
is_linear=0
shrinkage=0.01


Tree=271
num_leaves=7
num_cat=0
split_feature=29 24 4 33 13 60
split_gain=1971.66 2652.01 1959.47 2384.67 2077.45 1574.29
threshold=24.90454545454546 4.3390804597701154 1.0000000180025095e-35 75.932183908045985 0.68301270189221941 35.609195402298859
decision_type=2 2 2 2 2 2
left_child=1 -1 3 -2 -4 -3
right_child=2 5 4 -5 -6 -7
leaf_value=0.11249855250999576 -0.045191991332211065 0.022584277815221373 -0.0059911682988900636 0.039603886637041612 0.0086338301498833855 -0.050080610615103993
leaf_weight=30 39 272 4210 208 1262 33
leaf_count=30 39 272 4210 208 1262 33
internal_value=8.99236e-06 0.02357 -0.00137298 0.0261488 -0.00261765 0.0146514
internal_weight=6054 335 5719 247 5472 305
internal_count=6054 335 5719 247 5472 305
is_linear=0
shrinkage=0.01


Tree=272
num_leaves=8
num_cat=0
split_feature=90 71 23 72 73 76 23
split_gain=1955.35 2096.63 1586.6 1194.37 914.284 1212.5 1142.92
threshold=-0.065948347770292001 6.3045977011494259 23.932647283918214 38.694827586206905 28.700537738005035 42.917913117461545 31.416666666666668
decision_type=2 2 2 2 2 2 2
left_child=4 3 -3 -2 5 -1 -6
right_child=1 2 -4 -5 6 -7 -8
leaf_value=-0.0050429847652016862 -0.0037992897978390617 0.020361440809339576 -0.0048419175540848677 0.024082448405883649 0.047619332149733594 -0.025152178024159616 -0.0093822517154545631
leaf_weight=2152 1856 1065 326 167 68 348 72
leaf_count=2152 1856 1065 326 167 68 348 72
internal_value=8.97018e-06 0.00500634 0.0144547 -0.001492 -0.00645308 -0.00784685 0.0183716
internal_weight=6054 3414 1391 2023 2640 2500 140
internal_count=6054 3414 1391 2023 2640 2500 140
is_linear=0
shrinkage=0.01


Tree=273
num_leaves=8
num_cat=0
split_feature=39 6 11 14 7 11 38
split_gain=1944.85 1591.05 2579.16 1580.32 1674.64 1562.01 620.922
threshold=63.508620689655181 10.500000000000002 0.37940952255126054 -0.5 3.5000000000000004 -0.78656609248549292 51.491379310344833
decision_type=2 2 2 2 2 2 2
left_child=3 5 -3 6 -5 -2 -1
right_child=1 2 -4 4 -6 -7 -8
leaf_value=0.031221277712363941 -0.031129470447307912 0.0089637051935774013 -0.0091786241002421304 0.007041250061247486 0.035453603577851329 -0.0062320435247350519 -0.0066975069539357062
leaf_weight=47 320 1772 1404 501 354 1181 475
leaf_count=47 320 1772 1404 501 354 1181 475
internal_value=8.91415e-06 -0.00306657 0.000943268 0.0104525 0.0188194 -0.0115489 -0.0032558
internal_weight=6054 4677 3176 1377 855 1501 522
internal_count=6054 4677 3176 1377 855 1501 522
is_linear=0
shrinkage=0.01


Tree=274
num_leaves=7
num_cat=0
split_feature=73 71 75 23 23 45
split_gain=1919.48 2335.85 2243.12 2083.24 1691.05 462.257
threshold=28.230741731927079 16.06666666666667 6.0678160919540236 25.158333333333335 32.88333333333334 25.033908045977018
decision_type=2 2 2 2 2 2
left_child=1 3 -2 -1 -4 -3
right_child=2 5 4 -5 -6 -7
leaf_value=-8.3033863841810749e-05 0.085513468953291163 0.084613561505537768 0.031358660534841272 -0.02030586315199424 -0.015435955789012109 0.03110053555170695
leaf_weight=5054 48 32 191 566 129 34
leaf_count=5054 48 32 191 566 129 34
internal_value=8.84855e-06 -0.00142435 0.0221265 -0.00212142 0.0124984 0.0574949
internal_weight=6054 5686 368 5620 320 66
internal_count=6054 5686 368 5620 320 66
is_linear=0
shrinkage=0.01


Tree=275
num_leaves=7
num_cat=0
split_feature=28 90 63 11 24 74
split_gain=1910.59 1851.38 1706.52 1008.68 953.739 503.921
threshold=23.762643678160924 -0.077579990269094498 6.610344827586208 0.25881904510252091 8.281794031486724 7.3265286175475817
decision_type=2 2 2 2 2 2
left_child=3 4 -3 -1 -2 -5
right_child=1 2 -4 5 -6 -7
leaf_value=0.079785689269093907 0.0027441828290547766 -0.0063724670155287646 0.0088702276711634491 -0.0095796006067075598 -0.010971424723572723 0.04628108786168645
leaf_weight=42 699 1071 2335 34 1843 30
leaf_count=42 699 1071 2335 34 1843 30
internal_value=8.92253e-06 -0.000742615 0.00407686 0.0419903 -0.00719991 0.0167531
internal_weight=6054 5948 3406 106 2542 64
internal_count=6054 5948 3406 106 2542 64
is_linear=0
shrinkage=0.01


Tree=276
num_leaves=7
num_cat=0
split_feature=4 33 39 4 29 19
split_gain=1916.48 2540.22 2336.4 2862.51 1527.57 1291.54
threshold=1.0000000180025095e-35 75.932183908045985 63.508620689655181 20.500000000000004 25.860721982758623 13.016666666666667
decision_type=2 2 2 2 2 2
left_child=1 -1 4 -4 -2 -3
right_child=2 5 3 -5 -6 -7
leaf_value=-0.04561978715731773 0.029582925466711377 0.018997483582426814 -0.0081904714622103199 0.013659845382725968 0.0044778066676098918 0.068935616602446598
leaf_weight=40 315 119 3727 714 1047 92
leaf_count=40 315 119 3727 714 1047 92
internal_value=8.92478e-06 0.0270344 -0.00116216 -0.00467624 0.0102931 0.0408853
internal_weight=6054 251 5803 4441 1362 211
internal_count=6054 251 5803 4441 1362 211
is_linear=0
shrinkage=0.01


Tree=277
num_leaves=7
num_cat=0
split_feature=12 39 34 80 12 91
split_gain=1878.45 2289.95 1711.69 1585.39 1539.46 1325.85
threshold=0.98296291314453421 63.508620689655181 73.627011494252898 34.201724137931045 0.78656609248549303 18.682282282282284
decision_type=2 2 2 2 2 2
left_child=1 3 -2 -1 -3 -4
right_child=2 4 5 -5 -6 -7
leaf_value=-0.012941152932634863 -0.043588291723220075 -0.0076966111737539061 0.083273462981926769 0.015217523400053673 0.0066692840564548271 0.023526166028527272
leaf_weight=243 30 3493 47 1119 948 174
leaf_count=243 30 3493 47 1119 948 174
internal_value=8.90479e-06 -0.0011505 0.0267649 0.0101903 -0.00462947 0.0363942
internal_weight=6054 5803 251 1362 4441 221
internal_count=6054 5803 251 1362 4441 221
is_linear=0
shrinkage=0.01


Tree=278
num_leaves=7
num_cat=0
split_feature=28 4 1 35 69 51
split_gain=1862.89 1947.37 2264.79 1958.18 1127.08 734.58
threshold=23.762643678160924 1.0000000180025095e-35 77.80740740740741 55.31666666666667 12.342003743982898 462.22679738562096
decision_type=2 2 2 2 2 2
left_child=4 2 -2 -3 -1 -6
right_child=1 3 -4 -5 5 -7
leaf_value=-0.0039948698584347554 -0.035799976144338906 0.016342064114976133 0.040906424775555693 -0.0038154975271723246 0.10078880038431713 0.035107806301569636
leaf_weight=36 47 531 204 5166 31 39
leaf_count=36 47 531 204 5166 31 39
internal_value=8.86893e-06 -0.000733226 0.0264985 -0.00193532 0.0414628 0.0647107
internal_weight=6054 5948 251 5697 106 70
internal_count=6054 5948 251 5697 106 70
is_linear=0
shrinkage=0.01


Tree=279
num_leaves=8
num_cat=0
split_feature=69 11 28 64 71 22 36
split_gain=1852.77 2150.77 2265.99 1293.55 872.725 615.837 524.337
threshold=10.14152298850575 0.12940952255126045 23.983333333333338 49.533333333333339 2.5166666666666671 7.7626436781609209 84.966091954023014
decision_type=2 2 2 2 2 2 2
left_child=4 2 -2 -3 6 -6 -1
right_child=1 3 -4 -5 5 -7 -8
leaf_value=-0.028986787413486034 0.084265663192595958 -0.0054217556210022283 0.0087939244074640537 0.051702514768382647 0.0015447748844935366 -0.011505298088675134 -0.0022744331176008156
leaf_weight=278 40 1871 2279 40 735 711 100
leaf_count=278 40 1871 2279 40 735 711 100
internal_value=8.90375e-06 0.00364168 0.0101138 -0.00421259 -0.00841422 -0.00487338 -0.0219337
internal_weight=6054 4230 2319 1911 1824 1446 378
internal_count=6054 4230 2319 1911 1824 1446 378
is_linear=0
shrinkage=0.01


Tree=280
num_leaves=7
num_cat=0
split_feature=90 69 68 69 4 39
split_gain=1848.51 1928.44 2715.24 1036.58 920.449 884.797
threshold=-0.065948347770292001 14.932031388152078 19.517357214196782 34.054583730445806 1.0000000180025095e-35 63.508620689655181
decision_type=2 2 2 2 2 2
left_child=3 4 -3 5 -2 -1
right_child=1 2 -4 -5 -6 -7
leaf_value=0.0043560789705535856 0.030039062313611992 0.075113254066851515 0.010901650526998723 0.045239064969412691 -0.0025693328174804771 -0.010018908313082926
leaf_weight=540 90 69 1265 38 1990 2062
leaf_count=540 90 69 1265 38 1990 2062
internal_value=8.89493e-06 0.00486782 0.0142502 -0.00627413 -0.00115127 -0.00703517
internal_weight=6054 3414 1334 2640 2080 2602
internal_count=6054 3414 1334 2640 2080 2602
is_linear=0
shrinkage=0.01


Tree=281
num_leaves=7
num_cat=0
split_feature=29 24 4 33 4 60
split_gain=1836.71 2576.46 1780.05 2208.1 1954.98 1538.43
threshold=24.90454545454546 4.3390804597701154 1.0000000180025095e-35 75.932183908045985 20.500000000000004 35.609195402298859
decision_type=2 2 2 2 2 2
left_child=1 -1 3 -2 -4 -3
right_child=2 5 4 -5 -6 -7
leaf_value=0.11040091122662435 -0.043740572630604609 0.021802306263999795 -0.0048899981160108533 0.037854413017353643 0.012504470590947468 -0.050028592538477766
leaf_weight=30 39 272 4724 208 748 33
leaf_count=30 39 272 4724 208 748 33
internal_value=8.93402e-06 0.0227493 -0.00132491 0.0249066 -0.00251123 0.0139596
internal_weight=6054 335 5719 247 5472 305
internal_count=6054 335 5719 247 5472 305
is_linear=0
shrinkage=0.01


Tree=282
num_leaves=8
num_cat=0
split_feature=39 4 4 1 78 66 58
split_gain=1774.31 2354.56 2588.91 2503.93 1389 1595.66 373.503
threshold=63.508620689655181 21.500000000000004 1.0000000180025095e-35 75.758156498673756 5.9364166257979418 3.461554587320991 1.8580207526618866
decision_type=2 2 2 2 2 2 2
left_child=4 2 -2 -3 6 -6 -1
right_child=1 3 -4 -5 5 -7 -8
leaf_value=-0.0034902924645221103 0.026821714061251344 -0.036048155854077175 -0.0072373021565427511 0.027776282474786761 0.037111557166144164 0.0082498878794361567 -0.0312464674236313
leaf_weight=130 236 72 3964 405 241 929 77
leaf_count=130 236 72 3964 405 241 929 77
internal_value=8.91398e-06 -0.00292863 -0.00532043 0.0181137 0.00998412 0.0142086 -0.0138679
internal_weight=6054 4677 4200 477 1377 1170 207
internal_count=6054 4677 4200 477 1377 1170 207
is_linear=0
shrinkage=0.01


Tree=283
num_leaves=8
num_cat=0
split_feature=44 4 4 55 84 69 42
split_gain=1813.24 2141.46 2370.53 2114.36 1701.97 1300.67 1206.08
threshold=22.676230364304818 1.0000000180025095e-35 21.500000000000004 411.30000000000001 8.5797761951657989 26.746282992762879 24.966091954022989
decision_type=2 2 2 2 2 2 2
left_child=3 6 -3 4 -1 -5 -2
right_child=1 2 -4 5 -6 -7 -8
leaf_value=0.024831430983487165 -0.015837060969054084 -0.0057580571063423104 0.018519672793706424 0.00071025050420156 0.09375510851180914 0.045460761614503527 0.040730148730924461
leaf_weight=132 48 4517 441 624 49 72 171
leaf_count=132 48 4517 441 624 49 72 171
internal_value=8.84214e-06 -0.00224393 -0.00359687 0.0133014 0.0437 0.00536964 0.0283217
internal_weight=6054 5177 4958 877 181 696 219
internal_count=6054 5177 4958 877 181 696 219
is_linear=0
shrinkage=0.01


Tree=284
num_leaves=7
num_cat=0
split_feature=73 75 23 44 23 70
split_gain=1807.8 2213.74 2062.76 2124.96 1626.93 673.424
threshold=28.230741731927079 6.0678160919540236 25.158333333333335 25.610344827586211 32.88333333333334 11.775809553159174
decision_type=2 2 2 2 2 2
left_child=2 -2 3 -1 -3 -4
right_child=1 4 5 -5 -6 -7
leaf_value=0.0067567745313530207 0.084443006022535641 0.030409183332604159 -0.015981283879742663 -0.0061571814381169068 -0.01548903621756921 -0.054616256140398257
leaf_weight=2690 48 191 527 2420 129 49
leaf_count=2690 48 191 527 2420 129 49
internal_value=8.92336e-06 0.0214736 -0.00138196 0.000640866 0.0119096 -0.0193133
internal_weight=6054 368 5686 5110 320 576
internal_count=6054 368 5686 5110 320 576
is_linear=0
shrinkage=0.01


Tree=285
num_leaves=7
num_cat=0
split_feature=90 29 60 12 69 39
split_gain=1795.33 1957.62 2097.03 1588.46 1003.95 849.581
threshold=-0.065948347770292001 24.90454545454546 35.609195402298859 0.60355339059327384 34.054583730445806 63.508620689655181
decision_type=2 2 2 2 2 2
left_child=4 2 -2 -3 5 -1
right_child=1 3 -4 -5 -6 -7
leaf_value=0.0042301689058845508 0.045573517497437398 -0.0018483249061268907 -0.041312103635072706 0.013544553215645088 0.044512808251013232 -0.0098558534460380515
leaf_weight=540 194 2230 32 958 38 2062
leaf_count=540 194 2230 32 958 38 2062
internal_value=8.85672e-06 0.00479739 0.0332049 0.00277851 -0.00618313 -0.0069321
internal_weight=6054 3414 226 3188 2640 2602
internal_count=6054 3414 226 3188 2640 2602
is_linear=0
shrinkage=0.01


Tree=286
num_leaves=8
num_cat=0
split_feature=69 11 79 44 77 52 24
split_gain=1770.93 2012.33 3081.81 1215.14 865.927 713.157 662.207
threshold=10.14152298850575 0.12940952255126045 7.2040229885057476 22.534523809523815 15.690846814641374 374.98448275862074 24.081546481491152
decision_type=2 2 2 2 2 2 2
left_child=4 2 -2 -3 5 -1 -6
right_child=1 3 -4 -5 6 -7 -8
leaf_value=-0.010683793563693906 0.013003080664322686 0.01400014373164773 -0.031904240872269347 -0.0075598148684022891 -0.057651445176421089 0.0033077236681019681 -0.012442006554171959
leaf_weight=1163 2155 312 164 1599 59 530 72
leaf_count=1163 2155 312 164 1599 59 530 72
internal_value=8.81343e-06 0.00356046 0.00982082 -0.00403682 -0.00822617 -0.00630372 -0.0329491
internal_weight=6054 4230 2319 1911 1824 1693 131
internal_count=6054 4230 2319 1911 1824 1693 131
is_linear=0
shrinkage=0.01


Tree=287
num_leaves=7
num_cat=0
split_feature=72 92 36 76 44 51
split_gain=1768.41 2460.58 2132.11 1218.27 1621.52 1360.4
threshold=36.526666666666678 16.480825925925927 52.31666666666667 42.769764969313393 25.271264367816094 389.49195402298852
decision_type=2 2 2 2 2 2
left_child=3 -2 -3 4 -1 -5
right_child=1 2 -4 5 -6 -7
leaf_value=0.0054930116027293932 0.07450548830496527 0.062343637375903316 0.0042644289573250879 0.010030654323512111 -0.0068881288257077334 -0.033423688543284827
leaf_weight=1873 56 66 1280 101 2429 249
leaf_count=1873 56 66 1280 101 2429 249
internal_value=8.64855e-06 0.0098517 0.00713476 -0.00295844 -0.00149751 -0.0208862
internal_weight=6054 1402 1346 4652 4302 350
internal_count=6054 1402 1346 4652 4302 350
is_linear=0
shrinkage=0.01


Tree=288
num_leaves=8
num_cat=0
split_feature=73 71 34 71 69 78 45
split_gain=1751.49 2244.78 1583.21 1433.46 1536.44 1193.34 442.433
threshold=28.230741731927079 16.06666666666667 52.712068965517254 11.559195402298853 34.054583730445806 11.661552335804634 25.033908045977018
decision_type=2 2 2 2 2 2 2
left_child=1 2 -1 5 -5 -2 -3
right_child=3 6 -4 4 -6 -7 -8
leaf_value=0.020017645698398111 0.095005690016660357 0.08293132997842935 -0.0033203663967067117 -0.0072912306804363038 0.042565855340922581 0.022785671761490048 0.030572795508564381
leaf_weight=307 41 32 5313 182 93 52 34
leaf_count=307 41 32 5313 182 93 52 34
internal_value=8.65978e-06 -0.00136038 -0.00204374 0.0211363 0.00961437 0.0549677 0.0563989
internal_weight=6054 5686 5620 368 275 93 66
internal_count=6054 5686 5620 368 275 93 66
is_linear=0
shrinkage=0.01


Tree=289
num_leaves=7
num_cat=0
split_feature=90 29 62 12 69 24
split_gain=1742.53 1900.47 1706.8 1557.65 964.398 833.973
threshold=-0.065948347770292001 24.90454545454546 2.4071760987679789 0.60355339059327384 34.054583730445806 8.281794031486724
decision_type=2 2 2 2 2 2
left_child=4 2 -2 -3 5 -1
right_child=1 3 -4 -5 -6 -7
leaf_value=0.002387709084493594 0.070053786747485594 -0.0018445322626435073 0.012477481646229653 0.013398321286181011 0.043595866602736635 -0.010302990095276847
leaf_weight=713 79 2230 147 958 38 1889
leaf_count=713 79 2230 147 958 38 1889
internal_value=8.80962e-06 0.00472639 0.0327161 0.0027372 -0.00609143 -0.0068255
internal_weight=6054 3414 226 3188 2640 2602
internal_count=6054 3414 226 3188 2640 2602
is_linear=0
shrinkage=0.01


Tree=290
num_leaves=8
num_cat=0
split_feature=69 90 12 68 71 80 21
split_gain=1710.86 1645.13 1683.44 1180.74 857.972 736.369 722.339
threshold=10.14152298850575 -0.073653658593302959 0.91597561503675351 14.66088682188103 2.5166666666666671 53.416666666666679 4.6159003831417627
decision_type=2 2 2 2 2 2 2
left_child=4 3 -3 -2 5 -1 -6
right_child=1 2 -4 -5 6 -7 -8
leaf_value=-0.025665486689130886 0.023884137103194869 0.0056670909050729103 0.03084638517136909 -0.0063430239053808906 0.010981491408068122 0.024899577362078526 -0.0077829064361319387
leaf_weight=347 140 2177 302 1611 247 31 1199
leaf_count=347 140 2177 302 1611 247 31 1199
internal_value=8.83031e-06 0.00349972 0.00874032 -0.00391982 -0.00808528 -0.0214899 -0.00457461
internal_weight=6054 4230 2479 1751 1824 378 1446
internal_count=6054 4230 2479 1751 1824 378 1446
is_linear=0
shrinkage=0.01


Tree=291
num_leaves=7
num_cat=0
split_feature=28 4 1 35 69 4
split_gain=1721.49 1750.47 2145.41 1831.34 1068.33 669.853
threshold=23.762643678160924 1.0000000180025095e-35 77.80740740740741 55.31666666666667 12.342003743982898 11.500000000000002
decision_type=2 2 2 2 2 2
left_child=4 2 -2 -3 -1 -6
right_child=1 3 -4 -5 5 -7
leaf_value=-0.004391769703222464 -0.035516641173864667 0.015831212002805916 0.039137640518416401 -0.0036625577925186981 0.034209286165671253 0.096951032123868422
leaf_weight=36 47 531 204 5166 39 31
leaf_count=36 47 531 204 5166 39 31
internal_value=8.78951e-06 -0.000704582 0.0251137 -0.00184429 0.0398584 0.0624925
internal_weight=6054 5948 251 5697 106 70
internal_count=6054 5948 251 5697 106 70
is_linear=0
shrinkage=0.01


Tree=292
num_leaves=7
num_cat=0
split_feature=69 79 44 28 4 66
split_gain=1693.84 1967.46 1612.35 2542.64 1912.9 1187.76
threshold=28.302128227839706 8.8666666666666689 25.572807017543862 33.084482758620702 21.500000000000004 12.652739415539459
decision_type=2 2 2 2 2 2
left_child=2 5 3 -1 -4 -2
right_child=1 -3 4 -5 -6 -7
leaf_value=0.00080307548530379573 0.023428494930701614 -0.044047579678120431 -0.0093362754468397282 0.032662692060974677 0.023079659527290904 0.088393854786479292
leaf_weight=2761 274 40 2477 275 196 31
leaf_count=2761 274 40 2477 275 196 31
internal_value=8.81932e-06 0.0215097 -0.00129218 0.00369398 -0.00695529 0.030167
internal_weight=6054 345 5709 3036 2673 305
internal_count=6054 345 5709 3036 2673 305
is_linear=0
shrinkage=0.01


Tree=293
num_leaves=6
num_cat=0
split_feature=28 12 91 38 69
split_gain=1684.35 1811.92 2972.36 2212.51 1046.95
threshold=23.762643678160924 0.91597561503675351 18.108299265521069 72.483333333333348 15.089528503770604
decision_type=2 2 2 2 2
left_child=4 3 -3 -2 -1
right_child=1 2 -4 -5 -6
leaf_value=0.0078358450879769358 0.0047481362653823689 0.056012816932175191 0.0044538456493021985 -0.0084438508001562669 0.070638966618297258
leaf_weight=53 2221 136 619 2972 53
leaf_count=53 2221 136 619 2972 53
internal_value=8.82774e-06 -0.000696807 0.0137729 -0.00280174 0.0394263
internal_weight=6054 5948 755 5193 106
internal_count=6054 5948 755 5193 106
is_linear=0
shrinkage=0.01


Tree=294
num_leaves=7
num_cat=0
split_feature=73 71 76 79 71 45
split_gain=1666.64 2180.54 1712.4 1467.98 1537.57 431.964
threshold=28.230741731927079 16.06666666666667 43.981527093596064 9.0666666666666682 11.559195402298853 25.033908045977018
decision_type=2 2 2 2 2 2
left_child=1 2 -1 4 -2 -3
right_child=3 5 -4 -5 -6 -7
leaf_value=-0.00010343670342758962 0.070507230192208462 0.081815721460489127 -0.018064331473056118 -0.026843571963745191 0.017126652044874516 0.030084096689155137
leaf_weight=5027 69 32 593 55 244 34
leaf_count=5027 69 32 593 55 244 34
internal_value=8.85361e-06 -0.00132662 -0.00200013 0.0206185 0.0289895 0.0556002
internal_weight=6054 5686 5620 368 313 66
internal_count=6054 5686 5620 368 313 66
is_linear=0
shrinkage=0.01


Tree=295
num_leaves=8
num_cat=0
split_feature=44 24 12 33 13 52 37
split_gain=1663.35 2952.82 2099.34 2390.29 1868.02 1760.47 1742.84
threshold=22.676230364304818 6.9129629629629639 0.91597561503675351 75.758156498673756 0.68301270189221941 477.51673757277212 77.350000000000009
decision_type=2 2 2 2 2 2 2
left_child=1 5 4 -4 -2 -1 -3
right_child=2 6 3 -5 -6 -7 -8
leaf_value=0.12311675585396048 -0.0078364002975518307 0.00015958387266064799 -0.048291821245674618 0.020298897443504355 0.0081079862384447303 0.031872535417301465 0.041344457788477222
leaf_weight=34 3596 666 55 603 923 56 121
leaf_count=34 3596 666 55 603 923 56 121
internal_value=8.89268e-06 0.0127402 -0.00214876 0.0145326 -0.00457913 0.0668379 0.00651456
internal_weight=6054 877 5177 658 4519 90 787
internal_count=6054 877 5177 658 4519 90 787
is_linear=0
shrinkage=0.01


Tree=296
num_leaves=7
num_cat=0
split_feature=28 88 92 71 69 51
split_gain=1640.12 1597.74 2011.43 1133.93 1026.15 679.745
threshold=23.762643678160924 2.873563218390804 16.315766666666672 19.333333333333339 12.342003743982898 462.22679738562096
decision_type=2 2 2 2 2 2
left_child=4 3 -3 -2 -1 -6
right_child=1 2 -4 -5 5 -7
leaf_value=-0.0044602033768410551 -0.0052039988533792349 0.065839767712671138 0.0052236533504812091 0.02159123249656569 0.095784159824488652 0.032633715342871746
leaf_weight=36 3959 56 1769 164 31 39
leaf_count=36 3959 56 1769 164 31 39
internal_value=8.9456e-06 -0.000687362 0.00710145 -0.00413556 0.0389055 0.0610884
internal_weight=6054 5948 1825 4123 106 70
internal_count=6054 5948 1825 4123 106 70
is_linear=0
shrinkage=0.01


Tree=297
num_leaves=8
num_cat=0
split_feature=39 12 59 36 29 6 71
split_gain=1632.14 2670.69 2295.35 1567.04 1358.24 1502.75 1150.94
threshold=63.508620689655181 0.78656609248549303 23.766021558669312 52.712068965517254 25.860721982758623 13.500000000000002 19.700000000000006
decision_type=2 2 2 2 2 2 2
left_child=4 3 -3 -2 5 -1 -6
right_child=1 2 -4 -5 6 -7 -8
leaf_value=-0.00094448441829804181 0.02165730763450056 0.0049964590272139646 0.047662904552570204 -0.0087609421882597297 0.0015307636241300071 0.044227568657167496 0.045768516113281248
leaf_weight=116 178 1041 143 3315 998 201 62
leaf_count=116 178 1041 143 3315 998 201 62
internal_value=9.03243e-06 -0.00280837 0.010168 -0.00720784 0.00957628 0.0277207 0.00413909
internal_weight=6054 4677 1184 3493 1377 317 1060
internal_count=6054 4677 1184 3493 1377 317 1060
is_linear=0
shrinkage=0.01


Tree=298
num_leaves=7
num_cat=0
split_feature=90 29 58 12 81 12
split_gain=1623.75 1797.27 1651.97 1454.83 794.483 733.081
threshold=-0.065948347770292001 24.90454545454546 2.5260277031217133 0.60355339059327384 4.5742086812438814 -0.78656609248549325
decision_type=2 2 2 2 2 2
left_child=4 2 -2 -3 -1 -6
right_child=1 3 -4 -5 5 -7
leaf_value=-0.054274474893043288 0.056666404840673271 -0.0017993085976365209 0.0024549035245650694 0.012931875689084419 0.0049946426657339572 -0.0079982684915310461
leaf_weight=33 122 2230 104 958 550 2057
leaf_count=33 122 2230 104 958 550 2057
internal_value=9.0735e-06 0.00456304 0.0317822 0.00262862 -0.0058796 -0.00525652
internal_weight=6054 3414 226 3188 2640 2607
internal_count=6054 3414 226 3188 2640 2607
is_linear=0
shrinkage=0.01


Tree=299
num_leaves=8
num_cat=0
split_feature=44 24 12 1 40 3 11
split_gain=1590.15 2880.05 2022.01 2320.61 1815.28 1757.71 844.133
threshold=22.676230364304818 6.9129629629629639 0.91597561503675351 77.132026143790867 73.898275862068985 404.42356321839083 0.25881904510252091
decision_type=2 2 2 2 2 2 2
left_child=1 6 4 -4 -2 -3 -1
right_child=2 5 3 -5 -6 -7 -8
leaf_value=0.089067906678500397 0.0029581292655902307 0.043288246746920889 -0.043216502157956596 0.020389438886004623 -0.0098810230980431232 0.00027189038770610117 0.025091971947630843
leaf_weight=57 1899 110 63 595 2620 677 33
leaf_count=57 1899 110 63 595 2620 677 33
internal_value=8.99351e-06 0.012457 -0.00210065 0.0142706 -0.00448584 0.00630864 0.0658838
internal_weight=6054 877 5177 658 4519 787 90
internal_count=6054 877 5177 658 4519 787 90
is_linear=0
shrinkage=0.01


end of trees

feature_importances:
Column_11=269
Column_69=269
Column_71=138
Column_4=105
Column_63=89
Column_12=87
Column_73=73
Column_92=62
Column_23=46
Column_79=44
Column_35=38
Column_28=37
Column_44=37
Column_34=35
Column_38=32
Column_29=31
Column_75=31
Column_72=30
Column_88=30
Column_6=29
Column_85=29
Column_90=29
Column_91=29
Column_39=27
Column_59=27
Column_1=24
Column_33=21
Column_24=18
Column_3=15
Column_36=14
Column_83=14
Column_53=13
Column_5=12
Column_45=12
Column_80=12
Column_2=11
Column_77=11
Column_51=10
Column_52=10
Column_74=9
Column_81=9
Column_43=8
Column_46=8
Column_10=7
Column_17=7
Column_21=7
Column_27=7
Column_41=7
Column_76=7
Column_78=7
Column_0=6
Column_13=6
Column_42=6
Column_55=6
Column_70=6
Column_40=5
Column_50=5
Column_62=5
Column_66=5
Column_7=4
Column_14=4
Column_60=4
Column_67=4
Column_22=3
Column_26=3
Column_56=3
Column_64=3
Column_86=3
Column_15=2
Column_20=2
Column_32=2
Column_37=2
Column_48=2
Column_49=2
Column_57=2
Column_58=2
Column_68=2
Column_8=1
Column_19=1
Column_25=1
Column_54=1
Column_65=1
Column_84=1

parameters:
[boosting: gbdt]
[objective: regression]
[metric: l2]
[tree_learner: serial]
[device_type: cpu]
[data_sample_strategy: bagging]
[data: ]
[valid: ]
[num_iterations: 300]
[learning_rate: 0.01]
[num_leaves: 64]
[num_threads: 10]
[seed: 0]
[deterministic: 0]
[force_col_wise: 0]
[force_row_wise: 0]
[histogram_pool_size: -1]
[max_depth: 3]
[min_data_in_leaf: 30]
[min_sum_hessian_in_leaf: 0.001]
[bagging_fraction: 0.8]
[pos_bagging_fraction: 1]
[neg_bagging_fraction: 1]
[bagging_freq: 0]
[bagging_seed: 3]
[bagging_by_query: 0]
[feature_fraction: 0.6]
[feature_fraction_bynode: 1]
[feature_fraction_seed: 2]
[extra_trees: 0]
[extra_seed: 6]
[early_stopping_round: 0]
[early_stopping_min_delta: 0]
[first_metric_only: 0]
[max_delta_step: 0]
[lambda_l1: 0.05]
[lambda_l2: 0.5]
[linear_lambda: 0]
[min_gain_to_split: 0]
[drop_rate: 0.1]
[max_drop: 50]
[skip_drop: 0.5]
[xgboost_dart_mode: 0]
[uniform_drop: 0]
[drop_seed: 4]
[top_rate: 0.2]
[other_rate: 0.1]
[min_data_per_group: 100]
[max_cat_threshold: 32]
[cat_l2: 10]
[cat_smooth: 10]
[max_cat_to_onehot: 4]
[top_k: 20]
[monotone_constraints: ]
[monotone_constraints_method: basic]
[monotone_penalty: 0]
[feature_contri: ]
[forcedsplits_filename: ]
[refit_decay_rate: 0.9]
[cegb_tradeoff: 1]
[cegb_penalty_split: 0]
[cegb_penalty_feature_lazy: ]
[cegb_penalty_feature_coupled: ]
[path_smooth: 0]
[interaction_constraints: ]
[verbosity: -1]
[saved_feature_importance_type: 0]
[use_quantized_grad: 0]
[num_grad_quant_bins: 4]
[quant_train_renew_leaf: 0]
[stochastic_rounding: 1]
[linear_tree: 0]
[max_bin: 255]
[max_bin_by_feature: ]
[min_data_in_bin: 3]
[bin_construct_sample_cnt: 200000]
[data_random_seed: 1]
[is_enable_sparse: 1]
[enable_bundle: 1]
[use_missing: 1]
[zero_as_missing: 0]
[feature_pre_filter: 1]
[pre_partition: 0]
[two_round: 0]
[header: 0]
[label_column: ]
[weight_column: ]
[group_column: ]
[ignore_column: ]
[categorical_feature: ]
[forcedbins_filename: ]
[precise_float_parser: 0]
[parser_config_file: ]
[objective_seed: 5]
[num_class: 1]
[is_unbalance: 0]
[scale_pos_weight: 1]
[sigmoid: 1]
[boost_from_average: 1]
[reg_sqrt: 0]
[alpha: 0.9]
[fair_c: 1]
[poisson_max_delta_step: 0.7]
[tweedie_variance_power: 1.5]
[lambdarank_truncation_level: 30]
[lambdarank_norm: 1]
[label_gain: ]
[lambdarank_position_bias_regularization: 0]
[eval_at: ]
[multi_error_top_k: 1]
[auc_mu_weights: ]
[num_machines: 1]
[local_listen_port: 12400]
[time_out: 120]
[machine_list_filename: ]
[machines: ]
[gpu_platform_id: -1]
[gpu_device_id: -1]
[gpu_use_dp: 0]
[num_gpu: 1]

end of parameters

pandas_categorical:null
