tree
version=v4
num_class=1
num_tree_per_iteration=1
label_index=0
max_feature_idx=93
objective=regression
feature_names=Column_0 Column_1 Column_2 Column_3 Column_4 Column_5 Column_6 Column_7 Column_8 Column_9 Column_10 Column_11 Column_12 Column_13 Column_14 Column_15 Column_16 Column_17 Column_18 Column_19 Column_20 Column_21 Column_22 Column_23 Column_24 Column_25 Column_26 Column_27 Column_28 Column_29 Column_30 Column_31 Column_32 Column_33 Column_34 Column_35 Column_36 Column_37 Column_38 Column_39 Column_40 Column_41 Column_42 Column_43 Column_44 Column_45 Column_46 Column_47 Column_48 Column_49 Column_50 Column_51 Column_52 Column_53 Column_54 Column_55 Column_56 Column_57 Column_58 Column_59 Column_60 Column_61 Column_62 Column_63 Column_64 Column_65 Column_66 Column_67 Column_68 Column_69 Column_70 Column_71 Column_72 Column_73 Column_74 Column_75 Column_76 Column_77 Column_78 Column_79 Column_80 Column_81 Column_82 Column_83 Column_84 Column_85 Column_86 Column_87 Column_88 Column_89 Column_90 Column_91 Column_92 Column_93
feature_infos=[21.379060058805386:37.275862068965516] [36.43333333333333:98] [21.091523184506652:28] [74.448275862068968:995.4666666666667] [0:23] [0:6] [1:31] [1:12] [0:1] [0:1] [0:4] [-1:1] [-1:1] [-0.8660254037844386:1] [-1:1] [-0.97492791218182362:0.97492791218182362] [-0.90096886790241903:1] [0.86264113865415681:57.653065105883371] [0.86264113865415681:57.653065105883371] [0.86264113865415681:57.653065105883371] [0.86264113865415681:57.653065105883371] [0.86264113865415681:57.653065105883371] [0.86264113865415681:57.653065105883371] [0.86264113865415681:57.653065105883371] [0.86264113865415681:57.653065105883371] [21.379060058805386:37.275862068965516] [21.379060058805386:37.275862068965516] [21.379060058805386:37.275862068965516] [21.379060058805386:37.275862068965516] [21.379060058805386:37.275862068965516] [21.379060058805386:37.275862068965516] [21.379060058805386:37.275862068965516] [21.379060058805386:37.275862068965516] [36.43333333333333:98] [36.43333333333333:98] [36.43333333333333:98] [36.43333333333333:98] [36.43333333333333:98] [36.43333333333333:98] [36.43333333333333:98] [36.43333333333333:98] [21.091523184506652:28] [21.091523184506652:28] [21.091523184506652:28] [21.091523184506652:28] [21.091523184506652:28] [21.091523184506652:28] [21.091523184506652:28] [21.091523184506652:28] [74.448275862068968:995.4666666666667] [74.448275862068968:995.4666666666667] [74.448275862068968:995.4666666666667] [74.448275862068968:995.4666666666667] [74.448275862068968:995.4666666666667] [74.448275862068968:995.4666666666667] [74.448275862068968:995.4666666666667] [74.448275862068968:995.4666666666667] [1.3944628536403494:54.811368317369379] [0.013151620988325001:21.662934642891383] [0.86264113865415681:52.315789473684212] [1.5714285714285714:57.653065105883371] [1.7174603174603174:51.496070490934962] [0.16264171505449551:19.437242086301204] [0.86264113865415681:48.927304061434306] [2.1333333333333333:57.653065105883371] [2.1021209633278599:50.147338701571989] [0.32390865348086206:18.145627939604065] [0.86264113865415681:45.851851851851855] [3.2000000000000002:57.653065105883371] [2.4805145046524357:40.712792176693036] [0.8803988324151294:17.425221781532425] [0.86264113865415681:29.586206896551722] [5.2999999999999998:57.653065105883371] [4.171914340448823:37.176929236950784] [2.0238494001842824:16.252792767918283] [0.86264113865415681:28.620689655172413] [10.666666666666666:57.653065105883371] [6.8550147261969929:32.843191370069448] [3.2164864885424089:14.801143658847106] [0.86264113865415681:11.266666666666667] [19.37037037037037:57.653065105883371] [2.522922975706039:46.497032154238724] [1.1279880637366753:17.46197065139728] [3.6013723822427113:40.716500887149664] [1.8329056012600575:17.218430166856994] [5.0126481823476956:37.577846191880163] [2.4536670508036873:17.100392921978425] [-37.403512549728546:27.911701804158376] [-43.408866995073886:40.233333333333334] [-0.86481481481481481:5.0462600660874211] [-0.95593220338983054:7.0666666666666664] [3.7812356979405033:445.23957537555282] [12.010855555555555:25.760000000000002] [0:3]
tree_sizes=809 851 850 852 850 853 850 852 850 852 847 851 846 856 853 850 845 850 848 851 847 851 845 851 851 858 851 850 844 850 860 844 846 851 852 850 852 860 855 853 861 865 853 858 854 852 849 858 850 859 857 855 857 855 851 856 845 849 847 855 863 848 855 855 858 855 848 861 849 860 852 854 852 852 852 853 854 852 863 853 852 868 852 861 859 861 853 857 856 849 852 857 864 849 856 851 855 860 852 849 854 861 849 858 860 847 855 853 847 847 861 855 862 855 852 865 852 850 856 850 859 844 859 862 863 851 854 854 856 848 853 859 766 847 859 850 767 858 849 845 859 844 849 857 850 860 861 852 859 854 858 853 857 854 853 860 861 861 853 767 773 848 850 852 854 856 768 852 858 861 849 857 862 851 855 857 853 866 848 860 852 852 760 853 856 854 870 853 852 771 864 848 857 838 860 858 850 772 862 853 859 769 860 859 851 855 855 858 775 854 856 850 857 854 861 855 852 771 855 850 854 852 844 860 768 852 779 849 853 855 856 853 781 832 855 855 853 854 843 769 854 762 852 777 856 849 776 851 769 773 844 852 856 858 856 848 843 849 775 857 855 773 855 841 779 848 848 853 856 768 763 853 848 842 854 762 765 850 850 861 846 845 837 852 851 845 845 853 841 850 841 768 850 838 855 849 848 843 761 850

Tree=0
num_leaves=8
num_cat=0
split_feature=17 17 69 17 69 17 17
split_gain=211082 37745.2 32868.9 11879.5 9059.92 5822.09 5086.59
threshold=18.450000000000003 10.016017232648485 22.557159617135238 32.67816091954024 14.919057776444911 6.1017241379310354 12.607692307692309
decision_type=2 2 2 2 2 2 2
left_child=1 5 4 -4 -2 -1 -3
right_child=2 6 3 -5 -6 -7 -8
leaf_value=14.397100839818968 14.504652060604885 14.453738120101587 14.598923164519251 14.692563148537451 14.565895070112514 14.42847116064523 14.485980280962865
leaf_weight=1037 397 805 337 230 619 1387 1246
leaf_count=1037 397 805 337 230 619 1387 1246
internal_value=14.4769 14.4417 14.5761 14.6371 14.542 14.415 14.4733
internal_weight=6058 4475 1583 567 1016 2424 2051
internal_count=6058 4475 1583 567 1016 2424 2051
is_linear=0
shrinkage=1


Tree=1
num_leaves=8
num_cat=0
split_feature=17 17 69 69 17 17 17
split_gain=206886 36994.4 32237.2 9902.46 9644.45 5706.3 4985.42
threshold=18.450000000000003 10.016017232648485 24.040572356017762 14.919057776444911 31.831761276271752 6.1017241379310354 12.607692307692309
decision_type=2 2 2 2 2 2 2
left_child=1 5 3 -2 -4 -1 -3
right_child=2 6 4 -5 -6 -7 -8
leaf_value=-0.078957964436663211 0.027518478489634381 -0.022886816714838849 0.12298678533850893 0.090412317294209663 0.21105208890377333 -0.04790113729702191 0.0090331028718011949
leaf_weight=1037 397 805 271 680 235 1387 1246
leaf_count=1037 397 805 271 680 235 1387 1246
internal_value=1.76948e-07 -0.0347576 0.0982377 0.0672526 0.164056 -0.0612012 -0.00349747
internal_weight=6058 4475 1583 1077 506 2424 2051
internal_count=6058 4475 1583 1077 506 2424 2051
is_linear=0
shrinkage=0.01


Tree=2
num_leaves=8
num_cat=0
split_feature=17 17 69 17 69 17 22
split_gain=202774 36258.5 31603.1 11443.9 8696.56 5592.81 4991.34
threshold=18.450000000000003 10.016017232648485 22.557159617135238 32.67816091954024 14.919057776444911 6.1017241379310354 10.45552404513815
decision_type=2 2 2 2 2 2 2
left_child=1 5 4 -4 -2 -1 -3
right_child=2 6 3 -5 -6 -7 -8
leaf_value=-0.078168764604832755 0.027243639026503168 -0.024915610216282982 0.1196160715839046 0.21152211572808455 0.087246035477409639 -0.047422298387013846 0.0078761599282087206
leaf_weight=1037 397 709 337 230 619 1387 1342
leaf_count=1037 397 709 337 230 619 1387 1342
internal_value=4.33159e-07 -0.0344102 0.0972567 0.157052 0.0638256 -0.0605894 -0.00346253
internal_weight=6058 4475 1583 567 1016 2424 2051
internal_count=6058 4475 1583 567 1016 2424 2051
is_linear=0
shrinkage=0.01


Tree=3
num_leaves=8
num_cat=0
split_feature=17 17 69 69 17 17 17
split_gain=198744 35560.2 31003.1 9504.63 9271.17 6234.42 4381.89
threshold=18.450000000000003 9.4574712643678183 24.040572356017762 14.919057776444911 31.831761276271752 12.607692307692309 6.1017241379310354
decision_type=2 2 2 2 2 2 2
left_child=1 6 3 -2 -4 -3 -1
right_child=2 5 4 -5 -6 -7 -8
leaf_value=-0.077387454995304708 0.026971546109667368 -0.024573752298994986 0.12056522138453814 0.088589115525544507 0.20690947029228673 0.0089606254761728527 -0.049230762775128181
leaf_weight=1037 397 998 271 680 235 1246 1194
leaf_count=1037 397 998 271 680 235 1246 1194
internal_value=6.79681e-07 -0.0340663 0.0962856 0.0658994 0.160831 -0.00595543 -0.062333
internal_weight=6058 4475 1583 1077 506 2244 2231
internal_count=6058 4475 1583 1077 506 2244 2231
is_linear=0
shrinkage=0.01


Tree=4
num_leaves=8
num_cat=0
split_feature=17 17 69 69 17 17 17
split_gain=194793 34852.9 30387.9 9315.57 9087.12 6110.42 4294.73
threshold=18.450000000000003 9.4574712643678183 24.040572356017762 14.919057776444911 31.831761276271752 12.607692307692309 6.1017241379310354
decision_type=2 2 2 2 2 2 2
left_child=1 6 3 -2 -4 -3 -1
right_child=2 5 4 -5 -6 -7 -8
leaf_value=-0.076613952371310218 0.026702170107040391 -0.024328138345473344 0.11936178800167299 0.087703874941480062 0.20484476977365285 0.0088710549033433356 -0.04873866243594957
leaf_weight=1037 397 998 271 680 235 1246 1194
leaf_count=1037 397 998 271 680 235 1246 1194
internal_value=9.21709e-07 -0.0337258 0.0953241 0.0652409 0.159226 -0.00589591 -0.06171
internal_weight=6058 4475 1583 1077 506 2244 2231
internal_count=6058 4475 1583 1077 506 2244 2231
is_linear=0
shrinkage=0.01


Tree=5
num_leaves=8
num_cat=0
split_feature=17 17 17 73 69 17 22
split_gain=190922 34172.6 29915.8 9147.54 8543.14 5257.62 4864.51
threshold=18.450000000000003 10.016017232648485 30.016666666666669 18.836115387246856 14.518645662287906 6.1017241379310354 10.45552404513815
decision_type=2 2 2 2 2 2 2
left_child=1 5 4 -4 -2 -1 -3
right_child=2 6 3 -5 -6 -7 -8
leaf_value=-0.075848182477890019 0.021976205848960127 -0.024523144887982122 0.092900633886022474 0.18577384364436339 0.083172785460560214 -0.046037158374184955 0.0078493269915493064
leaf_weight=1037 329 709 154 353 747 1387 1342
leaf_count=1037 329 709 154 353 747 1387 1342
internal_value=1.15907e-06 -0.0333887 0.0943723 0.157684 0.0644806 -0.0588037 -0.00334436
internal_weight=6058 4475 1583 507 1076 2424 2051
internal_count=6058 4475 1583 507 1076 2424 2051
is_linear=0
shrinkage=0.01


Tree=6
num_leaves=8
num_cat=0
split_feature=17 17 17 81 22 17 17
split_gain=187126 33509.1 29321.9 6984.5 6288.58 5945.33 4118.87
threshold=18.450000000000003 9.4574712643678183 30.016666666666669 24.97564371230953 18.525287356321844 12.607692307692309 6.1017241379310354
decision_type=2 2 2 2 2 2 2
left_child=1 6 4 -4 -2 -3 -1
right_child=2 5 3 -5 -6 -7 -8
leaf_value=-0.075090066868971628 0.039556845002617948 -0.023948395049685409 0.10015479323284493 0.18102987880578872 0.087965543453316641 0.0087992312899274044 -0.047791300714645935
leaf_weight=1037 537 998 157 350 539 1246 1194
leaf_count=1037 537 998 157 350 539 1246 1194
internal_value=1.35076e-06 -0.0330549 0.0934298 0.15611 0.0638362 -0.00576687 -0.0604944
internal_weight=6058 4475 1583 507 1076 2244 2231
internal_count=6058 4475 1583 507 1076 2244 2231
is_linear=0
shrinkage=0.01


Tree=7
num_leaves=8
num_cat=0
split_feature=17 17 69 17 12 17 17
split_gain=183407 32843.2 28928.2 10479.8 8859.72 5046.75 4558.26
threshold=18.450000000000003 10.016017232648485 22.557159617135238 32.67816091954024 0.1294095225512602 6.1017241379310354 12.607692307692309
decision_type=2 2 2 2 2 2 2
left_child=1 5 4 -4 -2 -1 -3
right_child=2 6 3 -5 -6 -7 -8
leaf_value=-0.074339527312359183 0.025290683393919228 -0.021810521751164137 0.11388291271844395 0.20182895029657832 0.085289818648392551 -0.045132376578885157 0.0087112739058349681
leaf_weight=1037 420 805 337 230 596 1387 1246
leaf_count=1037 420 805 337 230 596 1387 1246
internal_value=1.56158e-06 -0.0327245 0.0924968 0.149705 0.0605122 -0.0576403 -0.00327042
internal_weight=6058 4475 1583 567 1016 2424 2051
internal_count=6058 4475 1583 567 1016 2424 2051
is_linear=0
shrinkage=0.01


Tree=8
num_leaves=8
num_cat=0
split_feature=93 63 83 3 71 62 36
split_gain=152269 54438.7 14249.4 5365.25 3870.55 2464.91 1607.16
threshold=1.0000000180025095e-35 21.898850574712647 16.736856080594396 516.0133838383839 4.741666666666668 4.5964640521094031 58.283333333333339
decision_type=2 2 2 2 2 2 2
left_child=4 2 -2 -3 5 -1 -6
right_child=1 3 -4 -5 6 -7 -8
leaf_value=-0.051808116210662572 0.012898302469817163 0.11014688612047831 0.060969892605218304 0.18077451070194639 0.0017936663779918316 -0.078626666745181512 -0.038171867847702601
leaf_weight=1593 1500 187 1047 265 113 440 913
leaf_count=1593 1500 187 1047 265 113 440 913
internal_value=1.78907e-06 0.0506316 0.0326675 0.15171 -0.049635 -0.0576306 -0.033771
internal_weight=6058 2999 2547 452 3059 2033 1026
internal_count=6058 2999 2547 452 3059 2033 1026
is_linear=0
shrinkage=0.01


Tree=9
num_leaves=8
num_cat=0
split_feature=59 59 93 89 69 22 22
split_gain=152636 34935.3 32313 10023.9 8963.93 7350.45 3880.3
threshold=14.363560799791971 24.016666666666669 1.0000000180025095e-35 -0.0065022341059913771 21.514174435705012 8.8477011494252888 11.571773227977598
decision_type=2 2 2 2 2 2 2
left_child=2 3 5 -2 -3 -1 -4
right_child=1 4 6 -5 -6 -7 -8
leaf_value=-0.064031198069201475 0.018700434656963347 0.08045555404236486 -0.011649108201372634 0.077715957497147312 0.17047778497800437 -0.032982161647456883 0.024032149158485491
leaf_weight=1591 566 155 491 586 399 1468 802
leaf_count=1591 566 155 491 586 399 1468 802
internal_value=1.93546e-06 0.0801596 -0.0314257 0.0487416 0.145387 -0.0491389 0.010483
internal_weight=6058 1706 4352 1152 554 3059 1293
internal_count=6058 1706 4352 1152 554 3059 1293
is_linear=0
shrinkage=0.01


Tree=10
num_leaves=8
num_cat=0
split_feature=17 17 69 69 17 17 69
split_gain=173903 37400.3 23363.2 8010.51 6578.27 6435.11 4177.78
threshold=19.929721478805323 10.912962962962965 24.261317115404449 14.518645662287906 31.831761276271752 6.3557471264367829 13.46636973180077
decision_type=2 2 2 2 2 2 2
left_child=1 5 3 -2 -4 -1 -3
right_child=2 6 4 -5 -6 -7 -8
leaf_value=-0.071270568899999484 0.023451159840451433 -0.01059088672875852 0.11935668573173812 0.08898448686549762 0.19473476190340441 -0.039984523230851332 0.018451841681076785
leaf_weight=1122 267 971 240 622 231 1595 1010
leaf_count=1122 267 971 240 622 231 1595 1010
internal_value=2.13383e-06 -0.0288263 0.0995619 0.0693272 0.156494 -0.0529152 0.00421703
internal_weight=6058 4698 1360 889 471 2717 1981
internal_count=6058 4698 1360 889 471 2717 1981
is_linear=0
shrinkage=0.01


Tree=11
num_leaves=8
num_cat=0
split_feature=17 17 17 73 69 17 17
split_gain=170503 30453.7 27090.1 8192.42 7831.48 5232.47 3820.52
threshold=18.450000000000003 9.4574712643678183 30.016666666666669 18.836115387246856 14.518645662287906 12.607692307692309 6.1017241379310354
decision_type=2 2 2 2 2 2 2
left_child=1 6 4 -4 -2 -3 -1
right_child=2 5 3 -5 -6 -7 -8
leaf_value=-0.07176678778608879 0.020046483913815281 -0.022593954695807932 0.088121935914538818 0.1760149897783784 0.078636526952687025 0.0081277451398022223 -0.045476323416787937
leaf_weight=1037 329 998 154 353 747 1246 1194
leaf_count=1037 329 998 154 353 747 1246 1194
internal_value=2.37984e-06 -0.0315515 0.0891846 0.149432 0.06074 -0.00553724 -0.0577101
internal_weight=6058 4475 1583 507 1076 2244 2231
internal_count=6058 4475 1583 507 1076 2244 2231
is_linear=0
shrinkage=0.01


Tree=12
num_leaves=8
num_cat=0
split_feature=17 17 69 69 17 17 69
split_gain=167169 35927.9 22544.9 7708.5 6323.55 6200.28 4061.37
threshold=19.929721478805323 10.912962962962965 24.261317115404449 14.518645662287906 31.831761276271752 6.9833333333333343 13.46636973180077
decision_type=2 2 2 2 2 2 2
left_child=1 5 3 -2 -4 -1 -3
right_child=2 6 4 -5 -6 -7 -8
leaf_value=-0.066999753112544899 0.022912656347286481 -0.010476031625891662 0.11712982986659863 0.087198545910145739 0.19103527630270173 -0.036758494415537794 0.01815920418520808
leaf_weight=1357 267 971 240 622 231 1360 1010
leaf_count=1357 267 971 240 622 231 1360 1010
internal_value=2.54775e-06 -0.0282623 0.0976157 0.0679154 0.153542 -0.0518722 0.0041241
internal_weight=6058 4698 1360 889 471 2717 1981
internal_count=6058 4698 1360 889 471 2717 1981
is_linear=0
shrinkage=0.01


Tree=13
num_leaves=8
num_cat=0
split_feature=59 59 22 89 69 88 88
split_gain=141040 32411.3 21654.9 9594.15 8385.03 7382.33 6555.65
threshold=14.363560799791971 24.016666666666669 9.7266744786800476 -0.0065022341059913771 21.514174435705012 0.82471264367816099 3.4666666666666663
decision_type=2 2 2 2 2 2 2
left_child=2 3 6 -2 -3 -4 -1
right_child=1 4 5 -5 -6 -7 -8
leaf_value=-0.062723641355338908 0.017404573562700511 0.077086850196602261 -0.01915081500549112 0.075139965475696471 0.16414864445482388 0.022454383087246392 -0.021078509695686424
leaf_weight=1630 566 155 1655 586 399 574 493
leaf_count=1630 566 155 1655 586 399 574 493
internal_value=2.78888e-06 0.0770555 -0.0302074 0.0467937 0.139883 -0.00843401 -0.0530603
internal_weight=6058 1706 4352 1152 554 2229 2123
internal_count=6058 1706 4352 1152 554 2229 2123
is_linear=0
shrinkage=0.01


Tree=14
num_leaves=8
num_cat=0
split_feature=59 59 59 69 87 87 87
split_gain=138236 31803.5 18721.8 9474.83 9401.97 8421.45 7704.71
threshold=14.363560799791971 23.450000000000003 8.3730256836485122 21.514174435705012 1.1000000000000012 -0.13333333333333305 1.1788560904496974
decision_type=2 2 2 2 2 2 2
left_child=2 5 4 -3 -1 -2 -4
right_child=1 3 6 -5 -6 -7 -8
leaf_value=-0.060070474722881385 0.01585446196050656 0.075400774149964378 -0.019811784624697321 0.16048125580246619 -0.017734314405160382 0.071380474468715052 0.023957996917377974
leaf_weight=1777 541 192 1234 421 745 552 596
leaf_count=1777 541 192 1234 421 745 552 596
internal_value=2.97078e-06 0.0762859 -0.0299054 0.133917 -0.0475705 0.0439171 -0.00555378
internal_weight=6058 1706 4352 613 2522 1093 1830
internal_count=6058 1706 4352 613 2522 1093 1830
is_linear=0
shrinkage=0.01


Tree=15
num_leaves=8
num_cat=0
split_feature=17 17 17 73 17 73 17
split_gain=158298 30926.1 22967.9 7834.77 4695.41 4630.47 4521.2
threshold=19.116666666666671 10.016017232648485 32.67816091954024 14.295204691512396 13.948809523809524 18.836115387246856 6.1017241379310354
decision_type=2 2 2 2 2 2 2
left_child=1 6 3 -2 -3 -4 -1
right_child=2 4 5 -5 -6 -7 -8
leaf_value=-0.069294533638838363 0.028318666927047393 -0.015204384031482015 0.099167692307153901 0.085713659907292877 0.014341743606937867 0.18407071545885342 -0.041651642182810353
leaf_weight=1037 341 1156 89 791 1005 252 1387
leaf_count=1037 341 1156 89 791 1005 252 1387
internal_value=3.1479e-06 -0.0289714 0.0901717 0.0684448 -0.00146322 0.16209 -0.0534895
internal_weight=6058 4585 1473 1132 2161 341 2424
internal_count=6058 4585 1473 1132 2161 341 2424
is_linear=0
shrinkage=0.01


Tree=16
num_leaves=8
num_cat=0
split_feature=17 17 17 69 69 17 17
split_gain=155187 27805.7 24859.9 7230.11 7210.13 5805.99 2691.41
threshold=18.450000000000003 8.8783088476650871 30.016666666666669 16.074974058109838 14.518645662287906 12.607692307692309 4.9155172413793116
decision_type=2 2 2 2 2 2 2
left_child=1 6 4 -4 -2 -3 -1
right_child=2 5 3 -5 -6 -7 -8
leaf_value=-0.074743491218973293 0.018792382917518141 -0.023082894317014043 0.041219167899906636 0.15688914950591681 0.0750092259058735 0.0078159738859991824 -0.049694463474832376
leaf_weight=619 329 1187 62 445 747 1246 1423
leaf_count=619 329 1187 62 445 747 1246 1423
internal_value=3.3529e-06 -0.0301 0.0850858 0.1428 0.0578374 -0.00726025 -0.0573044
internal_weight=6058 4475 1583 507 1076 2433 2042
internal_count=6058 4475 1583 507 1076 2433 2042
is_linear=0
shrinkage=0.01


Tree=17
num_leaves=8
num_cat=0
split_feature=59 59 22 69 89 88 88
split_gain=130222 30127.4 20629.6 9090.3 8199.06 6884 6832.28
threshold=14.363560799791971 23.450000000000003 10.776600294642074 21.884576833607007 -0.020694171377877376 0.054300760046190895 3.5252873563218396
decision_type=2 2 2 2 2 2 2
left_child=2 4 6 -3 -2 -4 -1
right_child=1 3 5 -5 -6 -7 -8
leaf_value=-0.057534808933540446 0.012468709548479482 0.074303405898016289 -0.016493219925018749 0.15684675279867233 0.067487713962026463 0.025445582803254801 -0.016974851646168739
leaf_weight=1877 496 199 1398 414 597 543 534
leaf_count=1877 496 199 1398 414 597 543 534
internal_value=3.44575e-06 0.074042 -0.029025 0.130134 0.0425378 -0.00475694 -0.048557
internal_weight=6058 1706 4352 613 1093 1941 2411
internal_count=6058 1706 4352 613 1093 1941 2411
is_linear=0
shrinkage=0.01


Tree=18
num_leaves=8
num_cat=0
split_feature=17 17 69 12 17 17 69
split_gain=149554 32225.5 20301.7 8046.78 5731.98 5668.54 3799.91
threshold=19.929721478805323 10.912962962962965 24.261317115404449 0.1294095225512602 31.831761276271752 6.3557471264367829 13.46636973180077
decision_type=2 2 2 2 2 2 2
left_child=1 5 3 -2 -4 -1 -3
right_child=2 6 4 -5 -6 -7 -8
leaf_value=-0.066318095852816297 0.029902487823988362 -0.010180627175857593 0.11073841284924882 0.090610558984375908 0.18109558443773385 -0.036955219048040062 0.017517532525627738
leaf_weight=1122 388 971 240 501 231 1595 1010
leaf_count=1122 388 971 240 501 231 1595 1010
internal_value=3.61487e-06 -0.0267306 0.0923308 0.0641471 0.145401 -0.0490909 0.0039417
internal_weight=6058 4698 1360 889 471 2717 1981
internal_count=6058 4698 1360 889 471 2717 1981
is_linear=0
shrinkage=0.01


Tree=19
num_leaves=8
num_cat=0
split_feature=59 59 59 69 29 12 69
split_gain=125195 29025.2 17070.4 8749.53 5748.99 4392.54 4297.14
threshold=14.363560799791971 23.450000000000003 8.3730256836485122 21.514174435705012 23.762643678160924 -0.60355339059327384 12.949885131330083
decision_type=2 2 2 2 2 2 2
left_child=2 4 5 -3 -2 -1 -4
right_child=1 3 6 -5 -6 -7 -8
leaf_value=-0.060996826830911753 0.17073875155377746 0.071428575484628803 -0.019901258140999686 0.15318180677404325 0.0375798830145119 -0.034186669073165123 0.010764531878810749
leaf_weight=1047 33 192 953 421 1060 1475 877
leaf_count=1047 33 192 953 421 1060 1475 877
internal_value=3.84042e-06 0.0725994 -0.0284588 0.127655 0.0416769 -0.0453269 -0.00520594
internal_weight=6058 1706 4352 613 1093 2522 1830
internal_count=6058 1706 4352 613 1093 2522 1830
is_linear=0
shrinkage=0.01


Tree=20
num_leaves=8
num_cat=0
split_feature=17 17 17 69 17 69 17
split_gain=144259 25942.2 23289.8 9164.17 5401.85 5275.88 2567.55
threshold=18.450000000000003 8.8783088476650871 32.67816091954024 14.919057776444911 12.607692307692309 16.074974058109838 4.9155172413793116
decision_type=2 2 2 2 2 2 2
left_child=1 6 3 -2 -3 -4 -1
right_child=2 4 5 -5 -6 -7 -8
leaf_value=-0.072329099012296755 0.020473161244782333 -0.022220931992019476 0.038243555858101644 0.07971644390135077 0.0075831489027655252 0.1684966096519257 -0.047864956761288109
leaf_weight=619 374 1187 35 868 1246 306 1423
leaf_count=619 374 1187 35 868 1246 306 1423
internal_value=4.07412e-06 -0.02902 0.0820362 0.0618925 -0.00695889 0.155205 -0.055297
internal_weight=6058 4475 1583 1242 2433 341 2042
internal_count=6058 4475 1583 1242 2433 341 2042
is_linear=0
shrinkage=0.01


Tree=21
num_leaves=8
num_cat=0
split_feature=59 59 22 69 89 57 59
split_gain=120293 27979.4 19575.2 8500.79 7898.31 5295.47 4411
threshold=14.363560799791971 23.450000000000003 10.776600294642074 21.514174435705012 -0.020694171377877376 10.423180076628347 7.1500000000000012
decision_type=2 2 2 2 2 2 2
left_child=2 4 6 -3 -2 -4 -1
right_child=1 3 5 -5 -6 -7 -8
leaf_value=-0.0585573846414209 0.011292609400041816 0.069800297605759148 -0.023911513820179295 0.15037956578303063 0.065291771575205312 0.0096173943635542557 -0.03116727968181782
leaf_weight=1386 496 192 803 421 597 1138 1025
leaf_count=1386 496 192 803 421 597 1138 1025
internal_value=4.17618e-06 0.0711642 -0.0278957 0.125219 0.0408039 -0.00425599 -0.046922
internal_weight=6058 1706 4352 613 1093 1941 2411
internal_count=6058 1706 4352 613 1093 1941 2411
is_linear=0
shrinkage=0.01


Tree=22
num_leaves=8
num_cat=0
split_feature=17 17 69 12 17 17 69
split_gain=139046 29983.3 18846.6 7847.18 5363.52 5322.79 3539.79
threshold=19.929721478805323 10.912962962962965 24.261317115404449 0.1294095225512602 31.831761276271752 6.1017241379310354 13.46636973180077
decision_type=2 2 2 2 2 2 2
left_child=1 5 3 -2 -4 -1 -3
right_child=2 6 4 -5 -6 -7 -8
leaf_value=-0.06516290721700134 0.0280594401528227 -0.0098180582981040911 0.10663445822680814 0.088006316403448873 0.1746886929326065 -0.036325440351581958 0.016915289736307241
leaf_weight=1037 388 971 240 501 231 1680 1010
leaf_count=1037 388 971 240 501 231 1680 1010
internal_value=4.29441e-06 -0.0257736 0.0890289 0.0618738 0.140162 -0.047342 0.00381234
internal_weight=6058 4698 1360 889 471 2717 1981
internal_count=6058 4698 1360 889 471 2717 1981
is_linear=0
shrinkage=0.01


Tree=23
num_leaves=8
num_cat=0
split_feature=17 17 17 69 22 69 22
split_gain=136324 24580.9 22167.3 8763.29 5315.53 5039.04 2460.37
threshold=18.450000000000003 8.8783088476650871 32.67816091954024 14.518645662287906 12.446451586374714 16.074974058109838 11.142504508441752
decision_type=2 2 2 2 2 2 2
left_child=1 6 3 -2 -3 -4 -1
right_child=2 4 5 -5 -6 -7 -8
leaf_value=-0.060169452953387409 0.017487756010724855 -0.021028626105526301 0.03683570502425583 0.076662876027368126 0.0085440161650413814 0.16412167192079113 -0.034826975116370722
leaf_weight=1527 348 1257 35 894 1176 306 515
leaf_count=1527 348 1257 35 894 1176 306 515
internal_value=4.50246e-06 -0.0282101 0.0797486 0.0600965 -0.00673555 0.151132 -0.0537883
internal_weight=6058 4475 1583 1242 2433 341 2042
internal_count=6058 4475 1583 1242 2433 341 2042
is_linear=0
shrinkage=0.01


Tree=24
num_leaves=8
num_cat=0
split_feature=17 17 83 12 17 12 22
split_gain=133678 28880.3 17889.7 6574.79 5148.59 4797.46 3502.75
threshold=19.929721478805323 10.912962962962965 26.477672987358172 0.1294095225512602 6.9833333333333343 -0.3794095225512602 13.305172413793105
decision_type=2 2 2 2 2 2 2
left_child=1 4 3 -2 -1 -4 -3
right_child=2 6 5 -5 -6 -7 -8
leaf_value=-0.060223487954605956 0.035265485388995883 -0.0093224495557158588 0.09146643180073577 0.08754033373362953 -0.032667036723523502 0.16910855647791986 0.017268742172624144
leaf_weight=1357 430 1006 117 549 1360 264 975
leaf_count=1357 430 1006 117 549 1360 264 975
internal_value=4.61301e-06 -0.0252708 0.0872938 0.0646102 -0.0464388 0.145418 0.00376589
internal_weight=6058 4698 1360 979 2717 381 1981
internal_count=6058 4698 1360 979 2717 381 1981
is_linear=0
shrinkage=0.01


Tree=25
num_leaves=8
num_cat=0
split_feature=93 69 69 93 22 88 89
split_gain=110540 40403.7 10727.8 9536.66 6083.27 1630.54 1574.86
threshold=1.0000000180025095e-35 22.557159617135238 14.919057776444911 1.5000000000000002 8.5425287356321853 1.1333333333333333 -0.16210943840285666
decision_type=2 2 2 2 2 2 2
left_child=4 2 -2 -3 5 -1 -6
right_child=1 3 -4 -5 6 -7 -8
leaf_value=-0.06470501857530675 0.0029569524390576671 0.089537668306909027 0.045970969677390575 0.17684569997467212 -0.04372890033646528 -0.043354753259877477 -0.021604895064964231
leaf_weight=933 1222 507 1103 167 460 589 1077
leaf_count=933 1222 507 1103 167 460 589 1077
internal_value=4.81404e-06 0.043143 0.0233689 0.111286 -0.0422872 -0.0564599 -0.0282387
internal_weight=6058 2999 2325 674 3059 1522 1537
internal_count=6058 2999 2325 674 3059 1522 1537
is_linear=0
shrinkage=0.01


Tree=26
num_leaves=8
num_cat=0
split_feature=59 59 22 69 88 22 88
split_gain=109324 25695.6 18069.8 7811.87 6183.91 5291.15 5252.04
threshold=14.363560799791971 23.450000000000003 9.7266744786800476 21.514174435705012 0.66744903141556799 17.850000000000005 3.4666666666666663
decision_type=2 2 2 2 2 2 2
left_child=2 5 6 -3 -4 -2 -1
right_child=1 3 4 -5 -6 -7 -8
leaf_value=-0.056117502186018998 0.01818231632771573 0.066520727724843215 -0.016753524880135758 0.14376375913718983 0.020887044341011737 0.062303080470905332 -0.018842109159403223
leaf_weight=1630 584 192 1634 421 595 509 493
leaf_count=1630 584 192 1634 421 595 509 493
internal_value=4.88211e-06 0.067843 -0.0265925 0.119645 -0.00670325 0.0387485 -0.0474682
internal_weight=6058 1706 4352 613 2229 1093 2123
internal_count=6058 1706 4352 613 2229 1093 2123
is_linear=0
shrinkage=0.01


Tree=27
num_leaves=8
num_cat=0
split_feature=17 17 17 69 69 17 17
split_gain=126895 24819.1 18987.4 8178.55 4741.02 4652.09 3040.8
threshold=19.116666666666671 9.4574712643678183 32.67816091954024 14.919057776444911 16.074974058109838 13.948809523809524 6.1017241379310354
decision_type=2 2 2 2 2 2 2
left_child=1 6 3 -2 -4 -3 -1
right_child=2 5 4 -5 -6 -7 -8
leaf_value=-0.062371059240461831 0.01867897223200829 -0.015416131442298862 0.035268469704918461 0.07806967774301915 0.15872486712015424 0.012998560529945058 -0.038919383376630944
leaf_weight=1037 326 1349 35 806 306 1005 1194
leaf_count=1037 326 1349 35 806 306 1005 1194
internal_value=5.01573e-06 -0.0259369 0.0807361 0.0609822 0.146125 -0.00328457 -0.0498318
internal_weight=6058 4585 1473 1132 341 2354 2231
internal_count=6058 4585 1473 1132 341 2354 2231
is_linear=0
shrinkage=0.01


Tree=28
num_leaves=8
num_cat=0
split_feature=17 17 69 12 17 17 69
split_gain=124397 26690.6 16979 7501.98 4855.77 4812.01 3238.91
threshold=19.929721478805323 10.912962962962965 24.261317115404449 0.1294095225512602 6.1017241379310354 31.831761276271752 13.46636973180077
decision_type=2 2 2 2 2 2 2
left_child=1 4 3 -2 -1 -4 -3
right_child=2 6 5 -5 -6 -7 -8
leaf_value=-0.061747649546387687 0.02537703407774446 -0.0095010678044070238 0.10098569084651256 0.08398573054494346 -0.034204915853593539 0.16544649436316788 0.01607087016557722
leaf_weight=1037 388 971 240 501 1680 231 1010
leaf_count=1037 388 971 240 501 1680 231 1010
internal_value=5.1206e-06 -0.0243771 0.0842097 0.0584354 -0.0447268 0.132743 0.00353713
internal_weight=6058 4698 1360 889 2717 471 1981
internal_count=6058 4698 1360 889 2717 471 1981
is_linear=0
shrinkage=0.01


Tree=29
num_leaves=8
num_cat=0
split_feature=17 17 17 69 69 17 17
split_gain=122003 21246.5 21020.8 6073.98 5907.46 4437.95 2216.46
threshold=18.237356321839084 8.8245073891625641 30.016666666666669 14.518645662287906 16.074974058109838 12.607692307692309 4.9155172413793116
decision_type=2 2 2 2 2 2 2
left_child=1 6 3 -2 -4 -3 -1
right_child=2 5 4 -5 -6 -7 -8
leaf_value=-0.067013466318508519 0.01480222016969812 -0.0206774175461228 0.035629753113508224 0.065297313427280679 0.14016814577899764 0.0063913691138327003 -0.044199400003703218
leaf_weight=619 344 1221 62 777 445 1201 1389
leaf_count=619 344 1221 62 777 445 1201 1389
internal_value=5.30665e-06 -0.0271998 0.0740198 0.0498159 0.127433 -0.00725603 -0.0512474
internal_weight=6058 4430 1628 1121 507 2422 2008
internal_count=6058 4430 1628 1121 507 2422 2008
is_linear=0
shrinkage=0.01


Tree=30
num_leaves=8
num_cat=0
split_feature=93 69 69 57 22 87 87
split_gain=100406 36994.9 9850.55 9664.86 5697.45 1765.65 1398.7
threshold=1.0000000180025095e-35 22.557159617135238 14.919057776444911 27.88246389625699 8.5425287356321853 0.50229885057471313 1.1000000000000012
decision_type=2 2 2 2 2 2 2
left_child=4 2 -2 -3 5 -1 -6
right_child=1 3 -4 -5 6 -7 -8
leaf_value=-0.060578530480169361 0.0026376336286282609 0.064255414281964088 0.043855322632467691 0.14054759017573631 -0.031952206029703827 -0.036227613193106321 -0.009344164849963638
leaf_weight=1111 1222 303 1103 371 1180 411 357
leaf_count=1111 1222 303 1103 371 1180 411 357
internal_value=5.36206e-06 0.0411186 0.0221971 0.106324 -0.0403015 -0.0540172 -0.0267061
internal_weight=6058 2999 2325 674 3059 1522 1537
internal_count=6058 2999 2325 674 3059 1522 1537
is_linear=0
shrinkage=0.01


Tree=31
num_leaves=8
num_cat=0
split_feature=17 17 69 12 17 1 89
split_gain=117755 25054.5 16045.9 7331 4657.79 4638.19 3248.6
threshold=19.929721478805323 10.912962962962965 24.261317115404449 0.1294095225512602 6.9833333333333343 85.406896551724159 -0.16529536757585159
decision_type=2 2 2 2 2 2 2
left_child=1 4 3 -2 -1 -4 -3
right_child=2 6 5 -5 -6 -7 -8
leaf_value=-0.056544000671499346 0.024197094751459619 -0.022768149425552966 0.11441654227637664 0.08213205656832584 -0.030334731811352926 0.19770545225576922 0.0096085874225017333
leaf_weight=1357 388 384 389 501 1360 82 1597
leaf_count=1357 388 384 389 501 1360 82 1597
internal_value=5.40103e-06 -0.0237169 0.0819311 0.056875 -0.0434331 0.129112 0.00332822
internal_weight=6058 4698 1360 889 2717 471 1981
internal_count=6058 4698 1360 889 2717 471 1981
is_linear=0
shrinkage=0.01


Tree=32
num_leaves=8
num_cat=0
split_feature=63 18 85 72 36 4 23
split_gain=89118.2 18518.8 16277.8 8592.9 4349.49 3407.85 3174.45
threshold=14.350985221674879 10.016017232648485 26.871229101790103 37.675925925925931 84.271264367816102 5.5000000000000009 9.2833333333333368
decision_type=2 2 2 2 2 2 2
left_child=1 6 5 -3 -4 -2 -1
right_child=2 3 4 -5 -6 -7 -8
leaf_value=-0.049546378801709937 0.079319861411026607 -0.0082592716106165073 0.15396313331469033 0.0413159076084142 0.067142796573259972 0.038248227250157738 -0.02659801724918982
leaf_weight=1276 324 2004 268 423 75 541 1147
leaf_count=1276 324 2004 268 423 75 541 1147
internal_value=5.61065e-06 -0.0191374 0.0768395 0.000387673 0.135106 0.0536698 -0.038691
internal_weight=6058 4850 1208 2427 343 865 2423
internal_count=6058 4850 1208 2427 343 865 2423
is_linear=0
shrinkage=0.01


Tree=33
num_leaves=8
num_cat=0
split_feature=17 17 17 69 22 69 17
split_gain=113849 20431.3 19043.2 7398.03 5022.95 4325.38 2117.88
threshold=18.450000000000003 8.8245073891625641 32.67816091954024 14.518645662287906 12.446451586374714 16.074974058109838 4.9155172413793116
decision_type=2 2 2 2 2 2 2
left_child=1 6 3 -2 -3 -4 -1
right_child=2 4 5 -5 -6 -7 -8
leaf_value=-0.064868495303990137 0.015517873267463353 -0.020201836206212662 0.033164561153927317 0.069887471969048362 0.0083538620046384356 0.15107617066297407 -0.042569223332863275
leaf_weight=619 348 1283 35 894 1184 306 1389
leaf_count=619 348 1283 35 894 1184 306 1389
internal_value=5.79927e-06 -0.0257782 0.0728803 0.0546663 -0.00649783 0.139042 -0.049458
internal_weight=6058 4475 1583 1242 2467 341 2008
internal_count=6058 4475 1583 1242 2467 341 2008
is_linear=0
shrinkage=0.01


Tree=34
num_leaves=8
num_cat=0
split_feature=17 17 17 69 22 69 17
split_gain=111617 21735.4 17033.6 7283.27 4304.85 4239.13 2723.99
threshold=19.116666666666671 9.4574712643678183 32.67816091954024 14.240221243409387 13.305172413793105 16.074974058109838 6.1017241379310354
decision_type=2 2 2 2 2 2 2
left_child=1 6 3 -2 -3 -4 -1
right_child=2 4 5 -5 -6 -7 -8
leaf_value=-0.058553242848120537 0.013557411195216394 -0.015531629639350996 0.032837585953707012 0.071822202924919101 0.011608891132101245 0.14956787497962279 -0.036357642649657719
leaf_weight=1037 288 1278 35 844 1076 306 1194
leaf_count=1037 288 1278 35 844 1076 306 1194
internal_value=5.86625e-06 -0.0243243 0.075721 0.0570116 -0.00312581 0.137654 -0.0466855
internal_weight=6058 4585 1473 1132 2354 341 2231
internal_count=6058 4585 1473 1132 2354 341 2231
is_linear=0
shrinkage=0.01


Tree=35
num_leaves=8
num_cat=0
split_feature=59 59 93 22 22 29 22
split_gain=91980.8 22034.6 20536.2 6770.1 5360.46 5346.15 2990.5
threshold=14.363560799791971 23.450000000000003 1.0000000180025095e-35 25.593103448275865 8.5425287356321853 23.762643678160924 11.571773227977598
decision_type=2 2 2 2 2 2 2
left_child=2 5 4 -3 -1 -2 -4
right_child=1 3 6 -5 -6 -7 -8
leaf_value=-0.051815614872428854 0.15972730471482918 0.073738132794206684 -0.010410430465412771 0.14070186157379372 -0.025325046342014962 0.031341017488792852 0.02091359837971558
leaf_weight=1522 33 280 491 333 1537 1060 802
leaf_count=1522 33 280 491 333 1537 1060 802
internal_value=5.94777e-06 0.062231 -0.0243907 0.110201 -0.0385119 0.035289 0.00901889
internal_weight=6058 1706 4352 613 3059 1093 1293
internal_count=6058 1706 4352 613 3059 1093 1293
is_linear=0
shrinkage=0.01


Tree=36
num_leaves=8
num_cat=0
split_feature=17 17 17 71 17 36 89
split_gain=107584 22873.2 14745.1 6638.71 4307.38 3889.6 3220.25
threshold=19.929721478805323 10.912962962962965 32.67816091954024 5.4408045977011499 6.3557471264367829 83.271264367816102 -0.16529536757585159
decision_type=2 2 2 2 2 2 2
left_child=1 4 3 -2 -1 -4 -3
right_child=2 6 5 -5 -6 -7 -8
leaf_value=-0.056523242288091136 0.020297916231383155 -0.022809716838023228 0.15456478909427679 0.075967586106974294 -0.030928864878902066 0.075449650183231881 0.0094254210704987126
leaf_weight=1122 307 384 257 712 1595 84 1597
leaf_count=1122 307 384 257 712 1595 84 1597
internal_value=6.16879e-06 -0.0226685 0.0783138 0.0592143 -0.0415068 0.135216 0.00317248
internal_weight=6058 4698 1360 1019 2717 341 1981
internal_count=6058 4698 1360 1019 2717 341 1981
is_linear=0
shrinkage=0.01


Tree=37
num_leaves=8
num_cat=0
split_feature=93 63 22 22 1 87 89
split_gain=88154.7 31442 10381.5 5213.74 4686.99 1692.5 1494.42
threshold=1.0000000180025095e-35 21.898850574712647 13.305172413793105 8.5425287356321853 85.406896551724159 0.50229885057471313 -0.057895331683014244
decision_type=2 2 2 2 2 2 2
left_child=3 2 -2 5 -3 -1 -5
right_child=1 4 -4 6 -6 -7 -8
leaf_value=-0.057304393449060041 -0.00023461268517351163 0.098585214520639619 0.041104919322814813 -0.035695136788921826 0.17831952116918312 -0.033470585699559824 -0.015852349625315638
leaf_weight=1111 1000 358 1547 689 94 411 848
leaf_count=1111 1000 358 1547 689 94 411 848
internal_value=6.29397e-06 0.0385296 0.0248772 -0.0377614 0.115347 -0.0508818 -0.0247564
internal_weight=6058 2999 2547 3059 452 1522 1537
internal_count=6058 2999 2547 3059 452 1522 1537
is_linear=0
shrinkage=0.01


Tree=38
num_leaves=8
num_cat=0
split_feature=93 69 4 57 12 69 4
split_gain=86402.1 32370.6 8826.27 8380.75 3223.88 3243.83 1712.08
threshold=1.0000000180025095e-35 22.557159617135238 5.5000000000000009 27.88246389625699 -0.60355339059327384 11.259361803018718 12.500000000000002
decision_type=2 2 2 2 2 2 2
left_child=4 2 -2 -3 6 -6 -1
right_child=1 3 -4 -5 5 -7 -8
leaf_value=-0.05979862129154296 0.050799175606737176 0.059963987176216024 0.0079381919042372656 0.13100819043456144 -0.038427512811169129 -0.010030032140272005 -0.036320136407090135
leaf_weight=716 678 303 1647 371 1176 612 555
leaf_count=716 678 303 1647 371 1176 612 555
internal_value=6.3734e-06 0.0381449 0.0204455 0.0991388 -0.037384 -0.0287134 -0.0495651
internal_weight=6058 2999 2325 674 3059 1788 1271
internal_count=6058 2999 2325 674 3059 1788 1271
is_linear=0
shrinkage=0.01


Tree=39
num_leaves=8
num_cat=0
split_feature=17 17 17 69 22 89 17
split_gain=102360 18041.4 17618.7 6868.49 4404.54 3972.1 1984.94
threshold=18.237356321839084 27.627011494252876 8.8245073891625641 16.496888578305885 12.446451586374714 -0.16529536757585159 4.9155172413793116
decision_type=2 2 2 2 2 2 2
left_child=2 5 6 -3 -4 -2 -1
right_child=1 3 4 -5 -6 -7 -8
leaf_value=-0.061728554027974364 -0.0050042846932493411 0.032820438486895538 -0.019591425669153388 0.12278786444729441 0.007406286917345694 0.049577574678136768 -0.04014319288027119
leaf_weight=619 159 101 1270 546 1152 822 1389
leaf_count=619 159 101 1270 546 1152 822 1389
internal_value=6.39561e-06 0.0678015 -0.0249126 0.10878 -0.00675115 0.0407324 -0.0468112
internal_weight=6058 1628 4430 647 2422 981 2008
internal_count=6058 1628 4430 647 2422 981 2008
is_linear=0
shrinkage=0.01


Tree=40
num_leaves=8
num_cat=0
split_feature=93 69 69 93 89 60 18
split_gain=83141.3 31249.4 8647.06 7595.96 3148.96 2343.96 1313.59
threshold=1.0000000180025095e-35 22.557159617135238 14.919057776444911 1.5000000000000002 -0.06051608971061772 7.5764367816091962 9.4574712643678183
decision_type=2 2 2 2 2 2 2
left_child=4 2 -2 -3 6 -6 -1
right_child=1 3 -4 -5 5 -7 -8
leaf_value=-0.056834588132312874 0.0017026840182070777 0.077940523134311435 0.040320159692862456 0.15585077190336896 -0.041759208454881666 -0.017058549004206031 -0.037773298548384071
leaf_weight=728 1222 507 1103 167 642 959 730
leaf_count=728 1222 507 1103 167 642 959 730
internal_value=6.40191e-06 0.0374183 0.0200281 0.0973467 -0.0366716 -0.0269738 -0.0473074
internal_weight=6058 2999 2325 674 3059 1601 1458
internal_count=6058 2999 2325 674 3059 1601 1458
is_linear=0
shrinkage=0.01


Tree=41
num_leaves=8
num_cat=0
split_feature=93 69 69 57 22 87 89
split_gain=81488.4 30628.9 8475.06 7966.44 4972.69 1617.13 1426.22
threshold=1.0000000180025095e-35 22.557159617135238 14.919057776444911 27.88246389625699 8.5425287356321853 0.50229885057471313 -0.16210943840285666
decision_type=2 2 2 2 2 2 2
left_child=4 2 -2 -3 5 -1 -6
right_child=1 3 -4 -5 6 -7 -8
leaf_value=-0.055396070044010114 0.0016856642201344783 0.058181495130013014 0.039917140889659655 0.12744631708673079 -0.038342558404408499 -0.032101164481180521 -0.017294724780580421
leaf_weight=1111 1222 303 1103 371 460 411 1077
leaf_count=1111 1222 303 1103 371 460 411 1077
internal_value=6.43805e-06 0.0370446 0.0198279 0.0963749 -0.0363052 -0.0491185 -0.0236048
internal_weight=6058 2999 2325 674 3059 1522 1537
internal_count=6058 2999 2325 674 3059 1522 1537
is_linear=0
shrinkage=0.01


Tree=42
num_leaves=8
num_cat=0
split_feature=59 59 59 69 29 19 35
split_gain=80972.5 19573.9 10971.1 6105.35 5136.94 3399.75 2911.52
threshold=14.363560799791971 23.450000000000003 8.3730256836485122 21.514174435705012 23.762643678160924 15.45647793619821 57.576436781609203
decision_type=2 2 2 2 2 2 2
left_child=2 4 6 -3 -2 -4 -1
right_child=1 3 5 -5 -6 -7 -8
leaf_value=-0.0097547934378301032 0.15496974592689258 0.056646525847080902 0.0029802445250108251 0.12492136753107445 0.029127288214793188 -0.029953106238083411 -0.040740735488907484
leaf_weight=353 33 192 1429 421 1060 401 2169
leaf_count=353 33 192 1429 421 1060 401 2169
internal_value=6.44228e-06 0.0583893 -0.0228838 0.103601 0.0329963 -0.00424224 -0.0364067
internal_weight=6058 1706 4352 613 1093 1830 2522
internal_count=6058 1706 4352 613 1093 1830 2522
is_linear=0
shrinkage=0.01


Tree=43
num_leaves=8
num_cat=0
split_feature=59 59 22 87 22 90 87
split_gain=79363.4 19184.8 14323.5 6891.97 6154.98 4961.22 4540.38
threshold=14.363560799791971 23.450000000000003 11.571773227977598 -0.52161568754862164 25.593103448275865 -0.089913815682520257 1.2638264201232703
decision_type=2 2 2 2 2 2 2
left_child=2 3 6 -2 -3 -4 -1
right_child=1 4 5 -5 -6 -7 -8
leaf_value=-0.044618815076347434 0.0045407674706144877 0.06780918785869916 -0.012500872694824115 0.05508059775664631 0.13164514144356998 0.023154021438505559 -0.013007346318437066
leaf_weight=2019 485 280 1158 608 333 588 587
leaf_count=2019 485 280 1158 608 333 588 587
internal_value=6.61646e-06 0.0578065 -0.0226551 0.0326672 0.102567 -0.000489905 -0.0375024
internal_weight=6058 1706 4352 1093 613 1746 2606
internal_count=6058 1706 4352 1093 613 1746 2606
is_linear=0
shrinkage=0.01


Tree=44
num_leaves=8
num_cat=0
split_feature=17 17 22 12 17 17 17
split_gain=94134.2 19589.1 13289.5 5702.9 4047.53 3858.52 2441.11
threshold=19.929721478805323 9.4574712643678183 25.593103448275865 0.1294095225512602 13.948809523809524 27.627011494252876 6.1017241379310354
decision_type=2 2 2 2 2 2 2
left_child=1 6 3 -2 -3 -4 -1
right_child=2 4 5 -5 -6 -7 -8
leaf_value=-0.053905869846937349 0.022383228746876212 -0.013441715293328571 0.072936029358793758 0.073866938267872315 0.012283726239905835 0.13344097577267369 -0.032897133539990991
leaf_weight=1037 409 1349 156 455 1118 340 1194
leaf_count=1037 409 1349 156 455 1118 340 1194
internal_value=6.72616e-06 -0.0212033 0.0732561 0.0495232 -0.00178308 0.114505 -0.0426724
internal_weight=6058 4698 1360 864 2467 496 2231
internal_count=6058 4698 1360 864 2467 496 2231
is_linear=0
shrinkage=0.01


Tree=45
num_leaves=8
num_cat=0
split_feature=17 17 22 12 17 17 22
split_gain=92263.3 19207.1 13025.6 5589.53 4593.4 3781.67 1974.72
threshold=19.929721478805323 8.8783088476650871 25.593103448275865 0.1294095225512602 13.948809523809524 27.627011494252876 11.142504508441752
decision_type=2 2 2 2 2 2 2
left_child=1 6 3 -2 -3 -4 -1
right_child=2 4 5 -5 -6 -7 -8
leaf_value=-0.049762425517049388 0.022159670102126872 -0.014470661683500219 0.072208999161903098 0.073129079563229352 0.012160943913170682 0.13210852673036017 -0.027069288627137037
leaf_weight=1527 409 1538 156 455 1118 340 515
leaf_count=1527 409 1538 156 455 1118 340 515
internal_value=6.83698e-06 -0.0209914 0.0725247 0.0490285 -0.00326015 0.113362 -0.0440474
internal_weight=6058 4698 1360 864 2656 496 2042
internal_count=6058 4698 1360 864 2656 496 2042
is_linear=0
shrinkage=0.01


Tree=46
num_leaves=8
num_cat=0
split_feature=59 59 22 22 29 88 88
split_gain=74778.1 18211.6 13717.5 5746.31 4985.1 4792.61 3784.92
threshold=14.363560799791971 23.450000000000003 9.7266744786800476 25.593103448275865 23.762643678160924 5.9926769523489165 3.4666666666666663
decision_type=2 2 2 2 2 2 2
left_child=2 4 6 -3 -2 -4 -1
right_child=1 3 5 -5 -6 -7 -8
leaf_value=-0.047521502896302574 0.1517731259687623 0.066136139768755167 -0.0085620617939648983 0.1278199541469564 0.027808073988961533 0.050424462647559287 -0.015877797724062007
leaf_weight=1630 33 280 2082 333 1060 147 493
leaf_count=1630 33 280 2082 333 1060 147 493
internal_value=6.95139e-06 0.0561122 -0.0219903 0.0997223 0.031619 -0.00466131 -0.040179
internal_weight=6058 1706 4352 613 1093 2229 2123
internal_count=6058 1706 4352 613 1093 2229 2123
is_linear=0
shrinkage=0.01


Tree=47
num_leaves=8
num_cat=0
split_feature=59 59 59 12 29 72 12
split_gain=73292.2 17858.3 10123.5 5387.25 5086.39 3369.41 3213.07
threshold=14.363560799791971 24.016666666666669 8.3730256836485122 -0.12940952255126037 23.762643678160924 37.499259259259269 -0.60355339059327384
decision_type=2 2 2 2 2 2 2
left_child=2 4 6 -3 -2 -4 -1
right_child=1 3 5 -5 -6 -7 -8
leaf_value=-0.048160144633040504 0.15273466835332955 0.057726724688761284 -0.0098257364917718124 0.12418834890021004 0.029384551921705339 0.02699797535072667 -0.025235464979789995
leaf_weight=1047 34 184 1534 370 1118 296 1475
leaf_count=1047 34 184 1534 370 1118 296 1475
internal_value=7.17312e-06 0.0555522 -0.0217704 0.102187 0.0330902 -0.00386353 -0.0347604
internal_weight=6058 1706 4352 554 1152 1830 2522
internal_count=6058 1706 4352 554 1152 1830 2522
is_linear=0
shrinkage=0.01


Tree=48
num_leaves=8
num_cat=0
split_feature=17 17 17 22 22 36 17
split_gain=87515.3 15542.1 15170.9 5526.82 4110.94 3643.25 1842.29
threshold=18.450000000000003 8.8245073891625641 32.67816091954024 25.944353457436108 13.305172413793105 83.271264367816102 4.9155172413793116
decision_type=2 2 2 2 2 2 2
left_child=1 6 3 -2 -3 -4 -1
right_child=2 4 5 -5 -6 -7 -8
leaf_value=-0.057620644260975108 0.035443796825031411 -0.017012663426663958 0.14166352692726744 0.084205842508977932 0.0090500394862607567 0.06519815082610006 -0.036829960505889291
leaf_weight=619 932 1404 257 310 1063 84 1389
leaf_count=619 932 1404 257 310 1063 84 1389
internal_value=7.35636e-06 -0.0225989 0.0639004 0.0476441 -0.0057828 0.122952 -0.043252
internal_weight=6058 4475 1583 1242 2467 341 2008
internal_count=6058 4475 1583 1242 2467 341 2008
is_linear=0
shrinkage=0.01


Tree=49
num_leaves=8
num_cat=0
split_feature=93 59 89 12 87 59 39
split_gain=70597.3 30052.8 6816.11 5220.99 3124.12 2799.68 858.148
threshold=1.0000000180025095e-35 23.450000000000003 -0.098462296970539417 -0.12940952255126037 0.50229885057471313 7.1500000000000012 93.683333333333351
decision_type=2 2 2 2 2 2 2
left_child=4 2 -2 -3 5 -1 -6
right_child=1 3 -4 -5 6 -7 -8
leaf_value=-0.050799650312950979 -0.011908143077200489 0.055826034871336215 0.027839548498423804 0.11775641333911599 -0.02069673188441298 -0.027635619977873657 0.024823482059027957
leaf_weight=1178 565 207 1821 406 897 941 43
leaf_count=1178 565 207 1821 406 897 941 43
internal_value=7.46842e-06 0.0344818 0.0184266 0.0969069 -0.0337906 -0.0405222 -0.0186018
internal_weight=6058 2999 2386 613 3059 2119 940
internal_count=6058 2999 2386 613 3059 2119 940
is_linear=0
shrinkage=0.01


Tree=50
num_leaves=8
num_cat=0
split_feature=17 17 22 9 17 4 17
split_gain=84485.8 17542.2 12079.1 5670.62 3464.91 3418.01 2786.48
threshold=19.929721478805323 10.016017232648485 25.593103448275865 1.0000000180025095e-35 27.627011494252876 5.5000000000000009 6.1017241379310354
decision_type=2 2 2 2 2 2 2
left_child=1 6 3 -2 -4 -3 -1
right_child=2 5 4 -5 -6 -7 -8
leaf_value=-0.05120507130993418 0.064175801240605249 0.020380227838686538 0.069333313588136311 0.0090565556877818792 0.12667158854725427 -0.0074581138060527919 -0.029508616233400932
leaf_weight=1037 591 598 156 273 340 1676 1387
leaf_count=1037 591 598 156 273 340 1676 1387
internal_value=7.48798e-06 -0.0200862 0.0694015 0.0467755 0.108727 -0.000134298 -0.0387993
internal_weight=6058 4698 1360 864 496 2274 2424
internal_count=6058 4698 1360 864 496 2274 2424
is_linear=0
shrinkage=0.01


Tree=51
num_leaves=8
num_cat=0
split_feature=17 17 17 22 22 12 27
split_gain=82835.9 14961.2 14143.8 5536.88 4373.75 3298.71 1390.12
threshold=18.237356321839084 32.67816091954024 8.1017241379310363 18.525287356321844 12.446451586374714 -0.12940952255126037 33.305172413793109
decision_type=2 2 2 2 2 2 2
left_child=2 3 6 -2 -4 -3 -1
right_child=1 5 4 -5 -6 -7 -8
leaf_value=-0.047935135342614184 0.023511469618323656 0.064435986578107604 -0.019702791511493727 0.065071782124021593 0.0059423857803513397 0.13752622451600069 -0.021338289583400713
leaf_weight=1525 611 83 1451 676 1227 258 227
leaf_count=1525 611 83 1451 676 1227 258 227
internal_value=7.58026e-06 0.0609952 -0.0224093 0.0453583 -0.00795364 0.119858 -0.0444964
internal_weight=6058 1628 4430 1287 2678 341 1752
internal_count=6058 1628 4430 1287 2678 341 1752
is_linear=0
shrinkage=0.01


Tree=52
num_leaves=8
num_cat=0
split_feature=17 17 22 9 17 4 22
split_gain=81235.8 16888.5 11691.3 5539.37 3352.69 3343.28 2709.3
threshold=19.929721478805323 10.016017232648485 25.593103448275865 1.0000000180025095e-35 27.627011494252876 5.5000000000000009 8.8477011494252888
decision_type=2 2 2 2 2 2 2
left_child=1 6 3 -2 -4 -3 -1
right_child=2 5 4 -5 -6 -7 -8
leaf_value=-0.047163266019927777 0.062992007916590112 0.020169890904421558 0.067993556696005153 0.0085153400022434361 0.12439396123432728 -0.0073624405464157265 -0.025756460610779845
leaf_weight=1392 591 598 156 273 340 1676 1032
leaf_count=1392 591 598 156 273 340 1676 1032
internal_value=7.67652e-06 -0.0196957 0.0680539 0.0457944 0.106742 -0.000119126 -0.0380569
internal_weight=6058 4698 1360 864 496 2274 2424
internal_count=6058 4698 1360 864 496 2274 2424
is_linear=0
shrinkage=0.01


Tree=53
num_leaves=8
num_cat=0
split_feature=93 69 4 93 12 73 4
split_gain=65477.3 25404.5 8166.54 6293.21 2780.6 2890.14 1637.89
threshold=1.0000000180025095e-35 22.557159617135238 5.5000000000000009 1.5000000000000002 -0.60355339059327384 10.442593305281884 12.500000000000002
decision_type=2 2 2 2 2 2 2
left_child=4 2 -2 -3 6 -6 -1
right_child=1 3 -4 -5 5 -7 -8
leaf_value=-0.05385770209108668 0.046725814358511933 0.069580989345482416 0.0054988128798182812 0.14048984876568638 -0.036441448845728454 -0.010958448844133674 -0.030908689624295445
leaf_weight=716 678 507 1647 167 949 839 555
leaf_count=716 678 507 1647 167 949 839 555
internal_value=7.76874e-06 0.0332084 0.0175288 0.0872423 -0.0325416 -0.0244905 -0.0438532
internal_weight=6058 2999 2325 674 3059 1788 1271
internal_count=6058 2999 2325 674 3059 1788 1271
is_linear=0
shrinkage=0.01


Tree=54
num_leaves=8
num_cat=0
split_feature=17 17 22 9 17 72 87
split_gain=78536.5 17061 10798.3 5021.24 3416.74 3077.03 3061.98
threshold=20.660919540229887 10.912962962962965 25.593103448275865 1.0000000180025095e-35 6.1017241379310354 42.884579784128206 -1.632758620689654
decision_type=2 2 2 2 2 2 2
left_child=1 4 3 -2 -1 -4 -3
right_child=2 6 5 -5 -6 -7 -8
leaf_value=-0.049465355829658789 0.06370563524933022 -0.017198870739815377 0.075750696535328871 0.010308923971664512 -0.026364250702666531 0.12764837684167871 0.01043206886046949
leaf_weight=1037 556 547 196 258 1680 285 1499
leaf_count=1037 556 547 196 258 1680 285 1499
internal_value=7.79762e-06 -0.0187676 0.0690445 0.0467987 -0.0351889 0.106603 0.00304227
internal_weight=6058 4763 1295 814 2717 481 2046
internal_count=6058 4763 1295 814 2717 481 2046
is_linear=0
shrinkage=0.01


Tree=55
num_leaves=8
num_cat=0
split_feature=59 22 93 69 57 22 4
split_gain=63323.2 15815.5 14034 5316.8 4455.39 4202.64 2439.58
threshold=14.363560799791971 25.593103448275865 1.0000000180025095e-35 15.786931725515938 27.611111111111111 8.5425287356321853 5.5000000000000009
decision_type=2 2 2 2 2 2 2
left_child=2 3 5 -2 -3 -1 -4
right_child=1 4 6 -5 -6 -7 -8
leaf_value=-0.043687129551979398 0.0026791968925916937 0.062696410499594665 0.030874245892978405 0.047047136557080184 0.12118409276550902 -0.020233233590828691 -0.00064413354544576404
leaf_weight=1522 424 228 329 744 310 1537 964
leaf_count=1522 424 228 329 744 310 1537 964
internal_value=7.88127e-06 0.0516374 -0.0202346 0.0309494 0.0964796 -0.0319081 0.00738407
internal_weight=6058 1706 4352 1168 538 3059 1293
internal_count=6058 1706 4352 1168 538 3059 1293
is_linear=0
shrinkage=0.01


Tree=56
num_leaves=8
num_cat=0
split_feature=17 17 17 73 35 73 27
split_gain=75797.6 13880 12931.9 4559.38 3355.04 2533.47 1349.13
threshold=18.237356321839084 32.67816091954024 8.1017241379310363 28.230741731927079 59.783333333333339 14.4162674966518 33.305172413793109
decision_type=2 2 2 2 2 2 2
left_child=2 3 6 -2 -4 -3 -1
right_child=1 5 4 -5 -6 -7 -8
leaf_value=-0.0459423559464524 0.035738755382090689 0.028295039987753307 0.016919669065245085 0.090379712724601727 -0.012717124487057309 0.12365623883545494 -0.019745963396475864
leaf_weight=1525 1110 31 461 177 2217 310 227
leaf_count=1525 1110 31 461 177 2217 310 227
internal_value=7.96828e-06 0.0583472 -0.0214354 0.043286 -0.00761295 0.115043 -0.0425551
internal_weight=6058 1628 4430 1287 2678 341 1752
internal_count=6058 1628 4430 1287 2678 341 1752
is_linear=0
shrinkage=0.01


Tree=57
num_leaves=8
num_cat=0
split_feature=17 17 22 36 17 87 68
split_gain=74335.6 16095.7 10219.7 4920.37 3274.45 3005.8 2783.78
threshold=20.660919540229887 10.912962962962965 25.593103448275865 81.429629629629645 6.1017241379310354 -1.632758620689654 39.334952279267675
decision_type=2 2 2 2 2 2 2
left_child=1 4 3 -2 -1 -3 -4
right_child=2 5 6 -5 -6 -7 -8
leaf_value=-0.048184123289610248 0.06400531789207943 -0.017129003923723143 0.078358669879820125 0.012801621937311564 -0.025569439219761163 0.010247290424442975 0.12693130193255142
leaf_weight=1037 520 547 231 294 1680 1499 250
leaf_count=1037 520 547 231 294 1680 1499 250
internal_value=8.06811e-06 -0.0182583 0.067173 0.0455314 -0.0342083 0.00292557 0.103711
internal_weight=6058 4763 1295 814 2717 2046 481
internal_count=6058 4763 1295 814 2717 2046 481
is_linear=0
shrinkage=0.01


Tree=58
num_leaves=8
num_cat=0
split_feature=17 17 17 69 4 87 27
split_gain=72945.7 14308.7 11821 5412.5 3922.91 3713.34 1323
threshold=17.81379310344828 27.627011494252876 8.1017241379310363 16.496888578305885 5.5000000000000009 -4.9195402298850563 33.305172413793109
decision_type=2 2 2 2 2 2 2
left_child=2 5 6 -3 -4 -2 -1
right_child=1 3 4 -5 -6 -7 -8
leaf_value=-0.045094497155797393 -0.016326222979280141 0.02516868302358195 0.012866292963722405 0.10500605124916818 -0.015308677833406392 0.039971477749583574 -0.019154638229508036
leaf_weight=1525 134 101 662 546 1945 918 227
leaf_count=1525 134 101 662 546 1945 918 227
internal_value=8.15456e-06 0.0555804 -0.0216559 0.0925729 -0.00815287 0.0327957 -0.0417403
internal_weight=6058 1699 4359 647 2607 1052 1752
internal_count=6058 1699 4359 647 2607 1052 1752
is_linear=0
shrinkage=0.01


Tree=59
num_leaves=8
num_cat=0
split_feature=17 17 17 89 22 12 17
split_gain=71512.8 13676 11736.6 4410.86 3965.08 3155.37 1653.05
threshold=19.116666666666671 8.8245073891625641 32.67816091954024 -0.17060523315027795 13.305172413793105 -0.12940952255126037 4.9155172413793116
decision_type=2 2 2 2 2 2 2
left_child=1 6 3 -2 -3 -4 -1
right_child=2 4 5 -5 -6 -7 -8
leaf_value=-0.052636374831226698 -0.0063937095967969539 -0.015187238910549017 0.057873486808317151 0.052647339733046819 0.0098037624469608647 0.1292918134945043 -0.032947012482684869
leaf_weight=619 145 1446 83 987 1131 258 1389
leaf_count=619 145 1446 83 987 1131 258 1389
internal_value=8.14414e-06 -0.0194666 0.0606134 0.0450847 -0.00421916 0.11202 -0.0390284
internal_weight=6058 4585 1473 1132 2577 341 2008
internal_count=6058 4585 1473 1132 2577 341 2008
is_linear=0
shrinkage=0.01


Tree=60
num_leaves=8
num_cat=0
split_feature=59 59 93 89 12 89 4
split_gain=57667.1 14202.7 12799.4 6701.89 4773.48 2777.77 2367.44
threshold=14.363560799791971 24.016666666666669 1.0000000180025095e-35 -0.020694171377877376 -0.12940952255126037 -0.06051608971061772 5.5000000000000009
decision_type=2 2 2 2 2 2 2
left_child=2 3 5 -2 -3 -1 -4
right_child=1 4 6 -5 -6 -7 -8
leaf_value=-0.04044485571750344 0.0025541752528115431 0.049041813179426567 0.030207001712501094 0.051035122101326519 0.11157073468313768 -0.02135169522612217 -0.00084177019423732765
leaf_weight=1458 518 184 329 634 370 1601 964
leaf_count=1458 518 184 329 634 370 1601 964
internal_value=8.1793e-06 0.0492779 -0.0193091 0.0292465 0.0908669 -0.0304573 0.00706673
internal_weight=6058 1706 4352 1152 554 3059 1293
internal_count=6058 1706 4352 1152 554 3059 1293
is_linear=0
shrinkage=0.01


Tree=61
num_leaves=8
num_cat=0
split_feature=17 17 71 17 4 4 22
split_gain=68940.5 14958.4 9755.61 6501.46 4463.06 3232.54 2485.74
threshold=20.660919540229887 10.016017232648485 5.4408045977011499 33.75833333333334 5.5000000000000009 5.5000000000000009 8.8477011494252888
decision_type=2 2 2 2 2 2 2
left_child=1 6 4 -4 -2 -3 -1
right_child=2 5 3 -5 -6 -7 -8
leaf_value=-0.043710128196614961 0.083704669518581284 0.020241221911747567 0.064318433974369982 0.12210532903976999 -0.0043084516413280363 -0.006524370130792316 -0.023207670059950784
leaf_weight=1392 75 610 707 270 243 1729 1032
leaf_count=1392 75 610 707 270 243 1729 1032
internal_value=8.24843e-06 -0.0175827 0.06469 0.080343 0.0165466 0.000458589 -0.0349882
internal_weight=6058 4763 1295 977 318 2339 2424
internal_count=6058 4763 1295 977 318 2339 2424
is_linear=0
shrinkage=0.01


Tree=62
num_leaves=8
num_cat=0
split_feature=59 22 22 69 85 59 36
split_gain=55463.5 14375.4 11201 4901.45 3808.39 2335.64 2277.32
threshold=14.363560799791971 25.593103448275865 11.571773227977598 15.786931725515938 26.871229101790103 7.1500000000000012 64.232051282051302
decision_type=2 2 2 2 2 2 2
left_child=2 3 5 -2 -3 -1 -4
right_child=1 4 6 -5 -6 -7 -8
leaf_value=-0.040468647782145178 0.001462334086708242 0.064264991884052422 0.018334982224217859 0.044060635449821375 0.11772237463641033 -0.021380594294130618 -0.0067129253809293079
leaf_weight=1458 424 269 514 744 269 1148 1232
leaf_count=1458 424 269 514 744 269 1148 1232
internal_value=8.34062e-06 0.0483276 -0.0189362 0.0286045 0.0910791 -0.0320658 0.000663709
internal_weight=6058 1706 4352 1168 538 2606 1746
internal_count=6058 1706 4352 1168 538 2606 1746
is_linear=0
shrinkage=0.01


Tree=63
num_leaves=8
num_cat=0
split_feature=59 93 85 12 4 1 12
split_gain=54368.1 18871.4 9232.75 5332.44 4322.65 3385.31 2535.29
threshold=17.949425287356323 1.0000000180025095e-35 26.871229101790103 -0.12940952255126037 5.5000000000000009 85.406896551724159 -0.60355339059327384
decision_type=2 2 2 2 2 2 2
left_child=1 6 3 -2 -3 -4 -1
right_child=2 4 5 -5 -6 -7 -8
leaf_value=-0.040438158618848051 0.0061843452601463003 0.03591159525626398 0.090872320146786464 0.061686358655269842 0.0015208317992555717 0.17299529345703124 -0.021950892377348871
leaf_weight=1271 256 498 278 535 1370 62 1788
leaf_count=1271 256 498 278 535 1370 62 1788
internal_value=8.40425e-06 -0.0143459 0.0625196 0.0437395 0.0106967 0.106081 -0.0296378
internal_weight=6058 4927 1131 791 1868 340 3059
internal_count=6058 4927 1131 791 1868 340 3059
is_linear=0
shrinkage=0.01


Tree=64
num_leaves=8
num_cat=0
split_feature=59 22 22 89 57 88 88
split_gain=53336.4 13909.5 10882.7 7155.01 3742 3732.74 3477.69
threshold=14.363560799791971 25.593103448275865 11.571773227977598 -0.09160529586836845 27.611111111111111 0.054300760046190895 2.5425287356321848
decision_type=2 2 2 2 2 2 2
left_child=2 3 6 -2 -3 -4 -1
right_child=1 4 5 -5 -6 -7 -8
leaf_value=-0.039115779722328117 -0.0072308193123278922 0.058479463215216312 -0.0079177007315453414 0.045371619067405354 0.11208760907584965 0.025400226990554001 -0.013951315881484811
leaf_weight=1818 386 228 1292 782 310 454 788
leaf_count=1818 386 228 1292 782 310 454 788
internal_value=8.57592e-06 0.0473922 -0.0185692 0.0279915 0.0894452 0.000750229 -0.0315109
internal_weight=6058 1706 4352 1168 538 1746 2606
internal_count=6058 1706 4352 1168 538 1746 2606
is_linear=0
shrinkage=0.01


Tree=65
num_leaves=8
num_cat=0
split_feature=17 17 17 69 22 69 36
split_gain=64365.4 12813.1 10558 4957.54 3348.91 3115.53 1310.21
threshold=17.81379310344828 27.627011494252876 8.1017241379310363 16.496888578305885 10.571794871794873 11.752464118469867 58.712068965517254
decision_type=2 2 2 2 2 2 2
left_child=2 5 6 -3 -4 -2 -1
right_child=1 3 4 -5 -6 -7 -8
leaf_value=-0.0048674510573371178 -0.0088018915232282013 0.022715670831684992 -0.021074020989491366 0.099114826239556017 0.001936919347625579 0.0381482196900048 -0.041494458098424392
leaf_weight=104 168 101 1078 546 1529 884 1648
leaf_count=104 168 101 1078 546 1529 884 1648
internal_value=8.63224e-06 0.0522103 -0.0203415 0.0872161 -0.00758018 0.0306494 -0.0393225
internal_weight=6058 1699 4359 647 2607 1052 1752
internal_count=6058 1699 4359 647 2607 1052 1752
is_linear=0
shrinkage=0.01


Tree=66
num_leaves=8
num_cat=0
split_feature=59 87 69 59 69 87 1
split_gain=51266.6 12379.3 9303.65 7093.3 6205.6 5127.03 3193.7
threshold=17.949425287356323 1.1000000000000012 28.302128227839706 10.048218603592824 11.298686040044496 -3.7839080459770105 85.518589106631723
decision_type=2 2 2 2 2 2 2
left_child=1 3 5 -1 -3 -2 -4
right_child=2 4 6 -5 -6 -7 -8
leaf_value=-0.035261500814033377 -0.0032631352737928971 -0.012447218781538545 0.092410133192737498 -0.0047988087883669489 0.027670496068153649 0.056585371346972016 0.17705683350777843
leaf_weight=2202 184 707 249 1171 847 643 55
leaf_count=2202 184 707 249 1171 847 643 55
internal_value=8.61576e-06 -0.0139303 0.0607107 -0.0246882 0.00942029 0.0432751 0.107992
internal_weight=6058 4927 1131 3373 1554 827 304
internal_count=6058 4927 1131 3373 1554 827 304
is_linear=0
shrinkage=0.01


Tree=67
num_leaves=8
num_cat=0
split_feature=59 69 89 89 60 89 59
split_gain=50316.6 13227.6 7964.68 7120.94 6874.63 3407.64 1883.46
threshold=14.363560799791971 28.302128227839706 -0.06051608971061772 -0.096264586504312563 12.542528735632185 -0.14405436369762994 9.9686733347436363
decision_type=2 2 2 2 2 2 2
left_child=2 3 6 -2 -4 -3 -1
right_child=1 5 4 -5 -6 -7 -8
leaf_value=-0.041001828256319095 -0.0026061803785034456 0.022169421401586425 -0.020190587490423212 0.047212227788384027 0.012926203611318918 0.11726506474717283 -0.017580374056511729
leaf_weight=1264 405 44 1574 983 1041 274 473
leaf_count=1264 405 44 1574 983 1041 274 473
internal_value=8.7747e-06 0.0460315 -0.0180354 0.0326798 -0.00700705 0.104164 -0.0346311
internal_weight=6058 1706 4352 1388 2615 318 1737
internal_count=6058 1706 4352 1388 2615 318 1737
is_linear=0
shrinkage=0.01


Tree=68
num_leaves=8
num_cat=0
split_feature=59 69 89 72 89 4 36
split_gain=49371 11975.3 9749.47 7218.26 7210.28 3771.31 1375.79
threshold=17.949425287356323 11.752464118469867 -0.14405436369762994 42.884579784128206 -0.06051608971061772 5.5000000000000009 88.81379310344829
decision_type=2 2 2 2 2 2 2
left_child=1 5 6 -4 -3 -1 -2
right_child=2 4 3 -5 -6 -7 -8
leaf_value=-0.0066939244390475296 0.010780764131379343 -0.019403242374816065 0.051465720851751912 0.10909612869869734 0.016600755777730087 -0.035216902662171326 -0.052457600701557493
leaf_weight=606 164 906 572 352 1439 1976 43
leaf_count=606 164 906 572 352 1439 1976 43
internal_value=8.7837e-06 -0.01367 0.059578 0.0734678 0.00268908 -0.0285253 -0.00244805
internal_weight=6058 4927 1131 924 2345 2582 207
internal_count=6058 4927 1131 924 2345 2582 207
is_linear=0
shrinkage=0.01


Tree=69
num_leaves=8
num_cat=0
split_feature=93 69 4 93 22 87 35
split_gain=48850.2 19734.3 7328.35 4978.52 3616.6 1339.93 1223.72
threshold=1.0000000180025095e-35 22.557159617135238 5.5000000000000009 1.5000000000000002 8.5425287356321853 0.30000000000000032 65.81379310344829
decision_type=2 2 2 2 2 2 2
left_child=4 2 -2 -3 5 -1 -6
right_child=1 3 -4 -5 6 -7 -8
leaf_value=-0.045376991192050839 0.042524397834534246 0.060603046161986036 0.0034711218100020665 0.12366609808740331 -0.0028840673616580799 -0.025098510796190555 -0.022808575170001417
leaf_weight=1045 678 507 1647 167 427 477 1110
leaf_count=1045 678 507 1647 167 427 477 1110
internal_value=8.75625e-06 0.0286858 0.0148665 0.0763093 -0.0281058 -0.0390323 -0.0172763
internal_weight=6058 2999 2325 674 3059 1522 1537
internal_count=6058 2999 2325 674 3059 1522 1537
is_linear=0
shrinkage=0.01


Tree=70
num_leaves=8
num_cat=0
split_feature=93 59 89 36 87 59 23
split_gain=47879 20812.3 5776.8 4696.45 2635.78 2087.81 960.6
threshold=1.0000000180025095e-35 23.450000000000003 -0.098462296970539417 82.847701149425305 0.50229885057471313 7.1500000000000012 21.016666666666669
decision_type=2 2 2 2 2 2 2
left_child=4 2 -2 -3 5 -1 -6
right_child=1 3 -4 -5 6 -7 -8
leaf_value=-0.042882128835945145 -0.01288671750878828 0.096723402184588941 0.023704409918274126 0.033431972549299839 -0.017325936366102551 -0.022880096184696153 0.015691933791573881
leaf_weight=1178 565 454 1821 159 842 941 98
leaf_count=1178 565 454 1821 159 842 941 98
internal_value=8.7785e-06 0.0283993 0.0150386 0.0803483 -0.0278249 -0.0340074 -0.0138766
internal_weight=6058 2999 2386 613 3059 2119 940
internal_count=6058 2999 2386 613 3059 2119 940
is_linear=0
shrinkage=0.01


Tree=71
num_leaves=8
num_cat=0
split_feature=17 17 71 17 89 9 17
split_gain=58315.8 12646.8 8628.39 5717.81 3529.25 3104.3 1529.19
threshold=20.660919540229887 8.8245073891625641 5.4408045977011499 33.75833333333334 -0.16529536757585159 1.0000000180025095e-35 4.9155172413793116
decision_type=2 2 2 2 2 2 2
left_child=1 6 5 -4 -3 -2 -1
right_child=2 4 3 -5 -6 -7 -8
leaf_value=-0.048338489515464857 0.039164600223532679 -0.024283894124671454 0.059192414398286028 0.11338108986470841 0.003556830205681899 -0.024793137471105561 -0.029406307662548325
leaf_weight=619 194 575 707 270 2180 124 1389
leaf_count=619 194 575 707 270 2180 124 1389
internal_value=8.75061e-06 -0.01617 0.0594979 0.0742186 -0.00225702 0.0142238 -0.0352533
internal_weight=6058 4763 1295 977 2755 318 2008
internal_count=6058 4763 1295 977 2755 318 2008
is_linear=0
shrinkage=0.01


Tree=72
num_leaves=8
num_cat=0
split_feature=17 17 71 17 17 12 17
split_gain=57156.6 12395.2 8456.88 5604.37 3298.55 2815.41 1498.8
threshold=20.660919540229887 8.8245073891625641 5.4408045977011499 33.75833333333334 13.948809523809524 0.25881904510252057 4.9155172413793116
decision_type=2 2 2 2 2 2 2
left_child=1 6 5 -4 -3 -2 -1
right_child=2 4 3 -5 -6 -7 -8
leaf_value=-0.047855494777970409 -0.010501178510644346 -0.011725238397816974 0.058600908524104045 0.11224937492636566 0.010376272116360039 0.050003912106904295 -0.029112350368787916
leaf_weight=619 189 1572 707 270 1183 129 1389
leaf_count=619 189 1572 707 270 1183 129 1389
internal_value=8.7353e-06 -0.0160084 0.0589036 0.0734773 -0.00223448 0.0140817 -0.034901
internal_weight=6058 4763 1295 977 2755 318 2008
internal_count=6058 4763 1295 977 2755 318 2008
is_linear=0
shrinkage=0.01


Tree=73
num_leaves=8
num_cat=0
split_feature=17 17 17 69 22 36 36
split_gain=56046.5 10413.1 10001.4 4566.33 3594.16 3167.83 1258.06
threshold=18.450000000000003 32.67816091954024 8.1017241379310363 14.518645662287906 12.446451586374714 83.271264367816102 58.712068965517254
decision_type=2 2 2 2 2 2 2
left_child=2 3 6 -2 -4 -3 -1
right_child=1 5 4 -5 -6 -7 -8
leaf_value=-0.0029637510722333731 0.006925248027589424 0.11748823906715634 -0.016739722275152549 0.049630619129929186 0.0062993913511507175 0.046359597685774405 -0.038844491702909809
leaf_weight=104 348 257 1464 894 1259 84 1648
leaf_count=104 348 257 1464 894 1259 84 1648
internal_value=8.75611e-06 0.05114 -0.0180821 0.0376729 -0.00608803 0.100062 -0.0367163
internal_weight=6058 1583 4475 1242 2723 341 1752
internal_count=6058 1583 4475 1242 2723 341 1752
is_linear=0
shrinkage=0.01


Tree=74
num_leaves=8
num_cat=0
split_feature=17 17 69 17 4 89 22
split_gain=54963.8 12930.8 7961.89 4782.36 4592.08 3355.86 2732.04
threshold=21.728735632183913 10.912962962962965 16.275254462145501 32.67816091954024 5.5000000000000009 -0.16529536757585159 8.8477011494252888
decision_type=2 2 2 2 2 2 2
left_child=1 6 4 -4 -2 -3 -1
right_child=2 5 3 -5 -6 -7 -8
leaf_value=-0.038448488222907799 0.079817666728696432 -0.021982585226304679 0.05927280787633759 0.10837216946233082 -0.0073235915361443251 0.0095597428787780377 -0.018283963620230628
leaf_weight=1491 83 418 579 304 219 1738 1226
leaf_count=1491 83 418 579 304 219 1738 1226
internal_value=8.80814e-06 -0.014846 0.0610761 0.0762291 0.0167165 0.00344048 -0.0293548
internal_weight=6058 4873 1185 883 302 2156 2717
internal_count=6058 4873 1185 883 302 2156 2717
is_linear=0
shrinkage=0.01


Tree=75
num_leaves=8
num_cat=0
split_feature=17 17 17 69 4 87 36
split_gain=53955.9 10953.1 8888.04 4332.82 3525.71 3352.07 1229.74
threshold=17.81379310344828 27.627011494252876 8.1017241379310363 16.496888578305885 5.5000000000000009 -4.9195402298850563 58.712068965517254
decision_type=2 2 2 2 2 2 2
left_child=2 5 6 -3 -4 -2 -1
right_child=1 3 4 -5 -6 -7 -8
leaf_value=-0.0026693169969405858 -0.018794063072166921 0.019877299058319899 0.0130118430622465 0.091292065319679289 -0.013698468093410916 0.034687423394776977 -0.038142619904812873
leaf_weight=104 134 101 662 546 1945 918 1648
leaf_count=104 134 101 662 546 1945 918 1648
internal_value=8.86032e-06 0.0478033 -0.0186231 0.0801686 -0.00691449 0.027869 -0.0360385
internal_weight=6058 1699 4359 647 2607 1052 1752
internal_count=6058 1699 4359 647 2607 1052 1752
is_linear=0
shrinkage=0.01


Tree=76
num_leaves=8
num_cat=0
split_feature=17 17 69 17 4 22 27
split_gain=52883.9 10175.3 9245.84 6379.6 5450.49 3636.95 1234.08
threshold=19.116666666666671 8.1017241379310363 15.676919618322517 32.67816091954024 5.5000000000000009 12.446451586374714 33.305172413793109
decision_type=2 2 2 2 2 2 2
left_child=1 6 4 -4 -2 -3 -1
right_child=2 5 3 -5 -6 -7 -8
leaf_value=-0.038916776819542288 0.072759462494665472 -0.015661999222557409 0.051849059700838356 0.10574933889685813 -0.010573995866006243 0.007039380217599517 -0.013881947094791538
leaf_weight=1525 106 1505 759 310 298 1328 227
leaf_count=1525 106 1505 759 310 298 1328 227
internal_value=8.84152e-06 -0.0167383 0.0521259 0.0675222 0.0113524 -0.00502094 -0.0356783
internal_weight=6058 4585 1473 1069 404 2833 1752
internal_count=6058 4585 1473 1069 404 2833 1752
is_linear=0
shrinkage=0.01


Tree=77
num_leaves=8
num_cat=0
split_feature=17 17 17 73 4 89 17
split_gain=51880.6 10555.3 8529.34 3780.64 3448.76 3223.95 1075.16
threshold=17.81379310344828 27.627011494252876 8.1017241379310363 14.4162674966518 5.5000000000000009 -0.17060523315027795 4.9155172413793116
decision_type=2 2 2 2 2 2 2
left_child=2 5 6 -3 -4 -2 -1
right_child=1 3 4 -5 -6 -7 -8
leaf_value=-0.045937095507269814 -0.014296174232809796 0.016372040138280357 0.012916336886009096 0.088042209430051643 -0.013500855245255627 0.034663211469900312 -0.029503892861839291
leaf_weight=619 158 85 662 562 1945 894 1133
leaf_count=619 158 85 662 562 1945 894 1133
internal_value=8.88295e-06 0.0468752 -0.0182613 0.0786472 -0.00679131 0.0273062 -0.0353217
internal_weight=6058 1699 4359 647 2607 1052 1752
internal_count=6058 1699 4359 647 2607 1052 1752
is_linear=0
shrinkage=0.01


Tree=78
num_leaves=8
num_cat=0
split_feature=93 59 89 36 22 87 35
split_gain=41246.5 17754 5326.69 4486.16 3260.56 1239.35 1183.44
threshold=1.0000000180025095e-35 23.450000000000003 -0.098462296970539417 82.847701149425305 8.5425287356321853 0.30000000000000032 65.629084967320281
decision_type=2 2 2 2 2 2 2
left_child=4 2 -2 -3 5 -1 -6
right_child=1 3 -4 -5 6 -7 -8
leaf_value=-0.042300825300275041 -0.012795538115505359 0.090342280927926663 0.022340960307321845 0.028506123492990542 -0.0012993414709883289 -0.02280213246460985 -0.020948098261833539
leaf_weight=1045 565 454 1821 159 423 477 1114
leaf_count=1045 565 454 1821 159 423 477 1114
internal_value=8.83355e-06 0.0263597 0.0140196 0.0743403 -0.0258251 -0.0361997 -0.015543
internal_weight=6058 2999 2386 613 3059 1522 1537
internal_count=6058 2999 2386 613 3059 1522 1537
is_linear=0
shrinkage=0.01


Tree=79
num_leaves=8
num_cat=0
split_feature=69 89 18 4 4 4 4
split_gain=41251.3 11412.6 12559.8 8164.56 6598.34 5018.49 1714.25
threshold=15.676919618322517 -0.14120055844096666 20.120689655172416 5.5000000000000009 13.500000000000002 3.5000000000000004 13.500000000000002
decision_type=2 2 2 2 2 2 2
left_child=3 6 -3 5 -5 -1 -2
right_child=1 2 -4 4 -6 -7 -8
leaf_value=-0.0095007508408669356 -0.020498383532950283 0.021625789546674445 0.07833277811119134 -0.04298312637479669 -0.013355518171618883 0.037721944534373532 0.023014014746394813
leaf_weight=671 312 787 776 1350 1697 338 127
leaf_count=671 312 787 776 1350 1697 338 127
internal_value=8.77664e-06 0.0371459 0.0497961 -0.0183239 -0.0264874 0.0063285 -0.00789752
internal_weight=6058 2002 1563 4056 3047 1009 439
internal_count=6058 2002 1563 4056 3047 1009 439
is_linear=0
shrinkage=0.01


Tree=80
num_leaves=8
num_cat=0
split_feature=17 17 17 69 35 89 36
split_gain=49329.6 10389.7 7906.54 3970.63 3225.73 3165.26 1180.59
threshold=17.516666666666669 27.627011494252876 8.1017241379310363 16.496888578305885 59.783333333333339 -0.17060523315027795 58.712068965517254
decision_type=2 2 2 2 2 2 2
left_child=2 5 6 -3 -4 -2 -1
right_child=1 3 4 -5 -6 -7 -8
leaf_value=-0.0017933830473411596 -0.014778734350352095 0.01897404770553112 0.017909639531461432 0.0873387540096838 -0.011986580955772786 0.0331928883301175 -0.0365463845679228
leaf_weight=104 161 101 434 546 2131 933 1648
leaf_count=104 161 101 434 546 2131 933 1648
internal_value=8.74938e-06 0.0449359 -0.0181129 0.0766903 -0.00692542 0.0261291 -0.0344848
internal_weight=6058 1741 4317 647 2565 1094 1752
internal_count=6058 1741 4317 647 2565 1094 1752
is_linear=0
shrinkage=0.01


Tree=81
num_leaves=8
num_cat=0
split_feature=59 22 22 89 90 90 89
split_gain=38924.7 11309.6 8816.71 5881.21 3534.09 3098.34 2450.59
threshold=14.363560799791971 25.593103448275865 11.571773227977598 -0.09160529586836845 -0.12037012644889365 -0.089913815682520257 -0.06051608971061772
decision_type=2 2 2 2 2 2 2
left_child=2 3 6 -2 -3 -4 -1
right_child=1 4 5 -5 -6 -7 -8
leaf_value=-0.038138773336950156 -0.0089356936149993117 0.046202601834950244 -0.0079647484730714507 0.038752717637963383 0.098921461998418392 0.020211916273597471 -0.018650575623973903
leaf_weight=1184 386 210 1158 782 328 588 1422
leaf_count=1184 386 210 1158 782 328 588 1422
internal_value=8.73726e-06 0.0404877 -0.0158619 0.0229952 0.0784064 0.00152708 -0.0275106
internal_weight=6058 1706 4352 1168 538 1746 2606
internal_count=6058 1706 4352 1168 538 1746 2606
is_linear=0
shrinkage=0.01


Tree=82
num_leaves=8
num_cat=0
split_feature=17 17 71 17 17 9 29
split_gain=47598.1 11365.5 7747.02 3991.95 3322.75 3030.74 2448.05
threshold=21.728735632183913 12.607692307692309 5.4408045977011499 33.75833333333334 6.9833333333333343 1.0000000180025095e-35 24.001830120549666
decision_type=2 2 2 2 2 2 2
left_child=1 4 5 -4 -1 -2 -3
right_child=2 6 3 -5 -6 -7 -8
leaf_value=-0.036624827321878127 0.037038977330201645 0.058444755807935199 0.057303300784889023 0.10334261927301969 -0.016066629628406721 -0.03015746672444692 0.0046575855702624012
leaf_weight=1357 173 89 633 270 1872 109 1555
leaf_count=1357 173 89 633 270 1872 109 1555
internal_value=8.7567e-06 -0.0138149 0.0568371 0.0711193 -0.0247108 0.0110567 0.00758661
internal_weight=6058 4873 1185 903 3229 282 1644
internal_count=6058 4873 1185 903 3229 282 1644
is_linear=0
shrinkage=0.01


Tree=83
num_leaves=8
num_cat=0
split_feature=69 91 4 36 4 93 93
split_gain=38615.2 11212.3 7950.64 7217.7 6404.99 4985.38 2392.16
threshold=15.676919618322517 20.678026810109291 5.5000000000000009 84.271264367816102 12.500000000000002 1.0000000180025095e-35 1.0000000180025095e-35
decision_type=2 2 2 2 2 2 2
left_child=2 3 5 -2 -4 -1 -3
right_child=1 6 4 -5 -6 -7 -8
leaf_value=-0.011228142431233172 0.078129494551348155 -0.0084520920181161904 -0.044055443925048357 0.013107976717030715 -0.014275166669103174 0.034289779525608126 0.023933816603596839
leaf_weight=614 682 324 1177 228 1870 395 768
leaf_count=614 682 324 1177 228 1870 395 768
internal_value=8.81682e-06 0.0359398 -0.0177285 0.0618551 -0.0257842 0.00659873 0.0143249
internal_weight=6058 2002 4056 910 3047 1009 1092
internal_count=6058 2002 4056 910 3047 1009 1092
is_linear=0
shrinkage=0.01


Tree=84
num_leaves=8
num_cat=0
split_feature=69 59 4 4 89 93 36
split_gain=37847.2 12285.4 7792.53 6277.59 5702.45 4886.29 3375.66
threshold=15.676919618322517 23.450000000000003 5.5000000000000009 12.500000000000002 -0.1127423201011447 1.0000000180025095e-35 82.847701149425305
decision_type=2 2 2 2 2 2 2
left_child=2 4 5 -4 -2 -1 -3
right_child=1 6 3 -5 -6 -7 -8
leaf_value=-0.011115952453537381 -0.01173338746572147 0.088063108932027248 -0.043615076535599276 -0.014132453139741966 0.032471413399009906 0.033947315457261693 0.032099304372773453
leaf_weight=614 410 438 1177 1870 1010 395 144
leaf_count=614 410 438 1177 1870 1010 395 144
internal_value=8.78678e-06 0.0355807 -0.0175512 -0.0255265 0.0197081 0.00653285 0.0742567
internal_weight=6058 2002 4056 3047 1420 1009 582
internal_count=6058 2002 4056 3047 1420 1009 582
is_linear=0
shrinkage=0.01


Tree=85
num_leaves=8
num_cat=0
split_feature=17 17 17 89 36 89 27
split_gain=45354.4 8927.02 7967.96 3951.59 2857.24 2470.32 1160.48
threshold=18.237356321839084 32.67816091954024 8.1017241379310363 -0.17060523315027795 83.271264367816102 -0.098462296970539417 33.305172413793109
decision_type=2 2 2 2 2 2 2
left_child=2 3 6 -2 -3 -4 -1
right_child=1 4 5 -5 -6 -7 -8
leaf_value=-0.036296547959331252 -0.010650952771838222 0.10714789849971106 -0.020129473901764089 0.040076461313345267 0.039643812583924749 0.00067531893123368115 -0.012024796894814942
leaf_weight=1525 178 257 824 1109 84 1854 227
leaf_count=1525 178 257 824 1109 84 1854 227
internal_value=8.78556e-06 0.0451364 -0.0165785 0.0330587 0.0906032 -0.00572853 -0.0331564
internal_weight=6058 1628 4430 1287 341 2678 1752
internal_count=6058 1628 4430 1287 341 2678 1752
is_linear=0
shrinkage=0.01


Tree=86
num_leaves=8
num_cat=0
split_feature=17 17 75 9 29 17 29
split_gain=44475.4 10633.5 6684.53 4600.72 3492.04 3150.96 2387.75
threshold=21.728735632183913 12.607692307692309 5.4741379310344831 1.0000000180025095e-35 23.983333333333338 6.1017241379310354 24.001830120549666
decision_type=2 2 2 2 2 2 2
left_child=1 5 3 -2 -4 -1 -3
right_child=2 6 4 -5 -6 -7 -8
leaf_value=-0.038254159168116302 0.047215459479302571 0.057574977655484035 0.17554016369108172 -0.022896430166012293 0.067651570873783581 -0.017091417032038259 0.0044544785540273739
leaf_weight=1037 259 89 31 146 749 2192 1555
leaf_count=1037 259 89 31 146 749 2192 1555
internal_value=8.78636e-06 -0.0133537 0.0549413 0.0219423 0.0720498 -0.0238929 0.00734716
internal_weight=6058 4873 1185 405 780 3229 1644
internal_count=6058 4873 1185 405 780 3229 1644
is_linear=0
shrinkage=0.01


Tree=87
num_leaves=8
num_cat=0
split_feature=93 59 29 12 87 59 39
split_gain=35264.1 15010.9 4639.89 4070.59 2282.66 1597.98 790.084
threshold=1.0000000180025095e-35 23.450000000000003 24.001830120549666 -0.12940952255126037 0.50229885057471313 7.1500000000000012 93.683333333333351
decision_type=2 2 2 2 2 2 2
left_child=4 2 -2 -3 5 -1 -6
right_child=1 3 -4 -5 6 -7 -8
leaf_value=-0.037395533698010366 0.072214320149495317 0.032290982771925186 0.0097394342430784982 0.086886419133744841 -0.012912251452516382 -0.019896497043276496 0.030739624700412669
leaf_weight=1178 125 207 2261 406 897 941 43
leaf_count=1178 125 207 2261 406 897 941 43
internal_value=8.92557e-06 0.024374 0.0130271 0.0684926 -0.0238782 -0.0296314 -0.0108996
internal_weight=6058 2999 2386 613 3059 2119 940
internal_count=6058 2999 2386 613 3059 2119 940
is_linear=0
shrinkage=0.01


Tree=88
num_leaves=8
num_cat=0
split_feature=17 69 17 12 4 30 11
split_gain=42957.6 8381.15 7754.04 5616.59 3185.97 2345.08 1093.82
threshold=18.450000000000003 28.302128227839706 8.1017241379310363 0.1294095225512602 5.5000000000000009 27.334523809523812 -0.60355339059327362
decision_type=2 2 2 2 2 2 2
left_child=2 3 6 -2 -4 -3 -1
right_child=1 5 4 -5 -6 -7 -8
leaf_value=-0.018196190444125827 0.0095714248331449613 0.13119966769811525 0.013202253723317538 0.051935608504146871 -0.011600160960191831 0.072045994355520782 -0.036696761201480112
leaf_weight=423 558 100 695 713 2028 212 1329
leaf_count=423 558 100 695 713 2028 212 1329
internal_value=8.97056e-06 0.0447733 -0.0158292 0.0333482 -0.00526832 0.0911867 -0.0322368
internal_weight=6058 1583 4475 1271 2723 312 1752
internal_count=6058 1583 4475 1271 2723 312 1752
is_linear=0
shrinkage=0.01


Tree=89
num_leaves=8
num_cat=0
split_feature=17 17 71 4 17 17 89
split_gain=42173.1 10241.8 7232.86 3823.75 3471.86 2989.63 2428.29
threshold=21.898850574712647 12.607692307692309 5.4408045977011499 5.5000000000000009 33.75833333333334 6.1017241379310354 -0.16529536757585159
decision_type=2 2 2 2 2 2 2
left_child=1 5 3 -2 -4 -1 -3
right_child=2 6 4 -5 -6 -7 -8
leaf_value=-0.037220704067191447 0.075636853768625334 -0.017803490881310505 0.05484889664719237 -0.012005591419796987 0.09793663009487491 -0.016606879760689836 0.0130800608911079
leaf_weight=1037 65 313 619 207 270 2192 1355
leaf_count=1037 65 313 619 207 270 2192 1355
internal_value=9.05627e-06 -0.012839 0.0541836 0.00903689 0.0679834 -0.0232319 0.00728087
internal_weight=6058 4897 1161 272 889 3229 1668
internal_count=6058 4897 1161 272 889 3229 1668
is_linear=0
shrinkage=0.01


Tree=90
num_leaves=8
num_cat=0
split_feature=69 59 4 4 87 4 12
split_gain=34543.7 10822.8 7450.94 6079.01 5327.87 4776.6 3429.28
threshold=15.676919618322517 23.450000000000003 5.5000000000000009 12.500000000000002 1.1000000000000012 2.5000000000000004 -0.12940952255126037
decision_type=2 2 2 2 2 2 2
left_child=2 4 5 -4 -2 -1 -3
right_child=1 6 3 -5 -6 -7 -8
leaf_value=-0.015031806347164759 0.0052231152409874994 0.036093114190808392 -0.042365642108610831 -0.01335341755758231 0.046140645250794109 0.028463074661445643 0.087590030717717676
leaf_weight=503 939 196 1177 1870 481 506 386
leaf_count=503 939 196 1177 1870 481 506 386
internal_value=9.09515e-06 0.0339931 -0.0167671 -0.0245656 0.0190949 0.00678309 0.0702942
internal_weight=6058 2002 4056 3047 1420 1009 582
internal_count=6058 2002 4056 3047 1420 1009 582
is_linear=0
shrinkage=0.01


Tree=91
num_leaves=8
num_cat=0
split_feature=17 17 17 87 34 68 11
split_gain=40796.8 8763.77 6626.37 3803.98 2319.98 2127.01 1061.42
threshold=17.516666666666669 32.67816091954024 8.1017241379310363 -5.0695402298850567 59.783333333333339 50.385662431941931 -0.60355339059327362
decision_type=2 2 2 2 2 2 2
left_child=2 3 6 -2 -4 -3 -1
right_child=1 5 4 -5 -6 -7 -8
leaf_value=-0.017628511324929517 -0.014528274936781776 0.074273550987456902 0.015435730282860709 0.035899659889699093 -0.010401720386000868 0.13937883578491211 -0.035852206853280374
leaf_weight=423 170 279 414 1230 2151 62 1329
leaf_count=423 170 279 414 1230 2151 62 1329
internal_value=9.11456e-06 0.0408663 -0.0164708 0.0297729 -0.00622907 0.0862991 -0.0314589
internal_weight=6058 1741 4317 1400 2565 341 1752
internal_count=6058 1741 4317 1400 2565 341 1752
is_linear=0
shrinkage=0.01


Tree=92
num_leaves=8
num_cat=0
split_feature=59 89 81 89 57 9 59
split_gain=31909.7 8751.22 8022.17 5994.65 4621.06 1966.29 1211.8
threshold=14.363560799791971 -0.14405436369762994 24.97564371230953 -0.06051608971061772 9.8944444444444297 1.0000000180025095e-35 9.9686733347436363
decision_type=2 2 2 2 2 2 2
left_child=3 5 -3 6 -5 -2 -1
right_child=1 2 -4 4 -6 -7 -8
leaf_value=-0.033868406727428357 0.010384996479484694 0.031146617581387284 0.082964089895838034 -0.016798504045980517 0.0099207761911053408 -0.038643522323537689 -0.01507904029169652
leaf_weight=1264 216 915 444 1440 1175 131 473
leaf_count=1264 216 915 444 1440 1175 131 473
internal_value=9.17659e-06 0.0366595 0.0481006 -0.0143603 -0.00479292 -0.00815186 -0.028758
internal_weight=6058 1706 1359 4352 2615 347 1737
internal_count=6058 1706 1359 4352 2615 347 1737
is_linear=0
shrinkage=0.01


Tree=93
num_leaves=8
num_cat=0
split_feature=17 17 75 4 29 17 29
split_gain=39358.4 9583.52 6275.21 5339.97 3322.26 2838.81 2250.86
threshold=21.898850574712647 12.607692307692309 5.4741379310344831 5.5000000000000009 23.983333333333338 6.1017241379310354 24.001830120549666
decision_type=2 2 2 2 2 2 2
left_child=1 5 3 -2 -4 -1 -3
right_child=2 6 4 -5 -6 -7 -8
leaf_value=-0.036087457520405208 0.081698084503848384 0.055846679660278328 0.16980705206734795 -0.0023053097088848581 0.06456007238902578 -0.016000443602270927 0.0042927225613491934
leaf_weight=1037 102 89 31 289 739 2192 1579
leaf_count=1037 102 89 31 289 739 2192 1579
internal_value=9.10877e-06 -0.0124028 0.0523446 0.0196837 0.0689054 -0.0224562 0.00705971
internal_weight=6058 4897 1161 391 770 3229 1668
internal_count=6058 4897 1161 391 770 3229 1668
is_linear=0
shrinkage=0.01


Tree=94
num_leaves=8
num_cat=0
split_feature=69 93 4 4 93 4 48
split_gain=32401.9 9384.23 7247.27 5913.19 4946.52 4648.93 2201.68
threshold=15.676919618322517 1.5000000000000002 5.5000000000000009 12.500000000000002 1.0000000180025095e-35 2.5000000000000004 23.067816091954025
decision_type=2 2 2 2 2 2 2
left_child=2 4 5 -4 -2 -1 -3
right_child=1 6 3 -5 -6 -7 -8
leaf_value=-0.014534079154848854 -0.0078310734072434794 0.13390897566254376 -0.041485217253950817 -0.012871598576196283 0.033624372489113284 0.028375652290112546 0.068899280252352729
leaf_weight=503 361 85 1177 1870 1416 506 140
leaf_count=503 361 85 1177 1870 1416 506 140
internal_value=9.28406e-06 0.0329229 -0.0162385 -0.0239297 0.0252025 0.00698748 0.0937032
internal_weight=6058 2002 4056 3047 1777 1009 225
internal_count=6058 2002 4056 3047 1777 1009 225
is_linear=0
shrinkage=0.01


Tree=95
num_leaves=8
num_cat=0
split_feature=17 17 17 36 4 36 27
split_gain=38097.6 7469.21 6845.39 3750.13 3132.42 2651.79 1107.8
threshold=19.116666666666671 8.1017241379310363 32.67816091954024 81.271264367816102 5.5000000000000009 83.271264367816102 33.305172413793109
decision_type=2 2 2 2 2 2 2
left_child=1 6 3 -2 -3 -4 -1
right_child=2 4 5 -5 -6 -7 -8
leaf_value=-0.033499910639575158 0.045808250464219658 0.013724481824603688 0.099437115610669397 0.0077015321837162346 -0.010343844907544419 0.034444323382786746 -0.0097922343787256172
leaf_weight=1525 733 727 257 399 2106 84 227
leaf_count=1525 733 727 257 399 2106 84 227
internal_value=9.34565e-06 -0.014205 0.0442445 0.0323864 -0.00416596 0.0835025 -0.0304322
internal_weight=6058 4585 1473 1132 2833 341 1752
internal_count=6058 4585 1473 1132 2833 341 1752
is_linear=0
shrinkage=0.01


Tree=96
num_leaves=8
num_cat=0
split_feature=17 17 71 89 89 12 22
split_gain=37371.6 8926.8 6481.96 3391.22 2832 2323.87 2229.68
threshold=21.728735632183913 10.912962962962965 5.4408045977011499 -0.14405436369762994 -0.16529536757585159 0.25881904510252057 13.388413861008791
decision_type=2 2 2 2 2 2 2
left_child=1 6 5 -4 -3 -2 -1
right_child=2 4 3 -5 -6 -7 -8
leaf_value=-0.028899318095252417 -0.01531879955384491 -0.020400355618593942 0.0078363905376967451 0.070186246379405196 0.0085755853326804875 0.042989022845055631 -0.0064672714392408634
leaf_weight=2159 167 418 98 805 1738 115 558
leaf_count=2159 167 418 98 805 1738 115 558
internal_value=9.37474e-06 -0.0122395 0.0503642 0.0634282 0.00295414 0.00849145 -0.0242946
internal_weight=6058 4873 1185 903 2156 282 2717
internal_count=6058 4873 1185 903 2156 282 2717
is_linear=0
shrinkage=0.01


Tree=97
num_leaves=8
num_cat=0
split_feature=17 17 22 22 89 35 17
split_gain=36696.4 8018.21 6087.12 3218.14 2742.68 2144.88 1630.07
threshold=17.516666666666669 27.627011494252876 10.209334032253059 30.491379310344829 -0.17060523315027795 58.283333333333339 7.2373563218390808
decision_type=2 2 2 2 2 2 2
left_child=2 4 6 -3 -2 -4 -1
right_child=1 3 5 -5 -6 -7 -8
leaf_value=-0.035851921512975872 -0.015837289548695271 0.049817010349622139 0.020178302512983168 0.09639936542153614 0.028813517567149428 -0.0076076554080741626 -0.018864586236052409
leaf_weight=1072 161 414 331 233 933 1715 1199
leaf_count=1072 161 414 331 233 933 1715 1199
internal_value=9.32845e-06 0.0387589 -0.0156205 0.0666547 0.0222377 -0.00310839 -0.0268896
internal_weight=6058 1741 4317 647 1094 2046 2271
internal_count=6058 1741 4317 647 1094 2046 2271
is_linear=0
shrinkage=0.01


Tree=98
num_leaves=8
num_cat=0
split_feature=17 69 17 4 35 1 27
split_gain=35966.8 8112.25 5914.55 4679.7 2989.65 2780.36 1078.23
threshold=17.516666666666669 28.302128227839706 8.1017241379310363 5.5000000000000009 59.783333333333339 85.518589106631723 33.305172413793109
decision_type=2 2 2 2 2 2 2
left_child=2 3 6 -2 -4 -3 -1
right_child=1 5 4 -5 -6 -7 -8
leaf_value=-0.032650995814856552 0.056802528182447166 0.070432950392163698 0.018120300396179442 0.016761757120194325 -0.010660899550385197 0.14895044274373098 -0.0092630839428403874
leaf_weight=1525 409 258 434 1019 2131 55 227
leaf_count=1525 409 258 434 1019 2131 55 227
internal_value=9.33091e-06 0.0383718 -0.0154644 0.0282462 -0.00578832 0.0844471 -0.0296245
internal_weight=6058 1741 4317 1428 2565 313 1752
internal_count=6058 1741 4317 1428 2565 313 1752
is_linear=0
shrinkage=0.01


Tree=99
num_leaves=8
num_cat=0
split_feature=17 17 71 29 17 87 9
split_gain=35352.4 10067.2 5405.38 3065.01 2610 2358.93 2084.99
threshold=23.559195402298855 12.607692307692309 5.4408045977011499 23.983333333333338 6.1017241379310354 -1.8109195402298848 1.0000000180025095e-35
decision_type=2 2 2 2 2 2 2
left_child=1 4 6 -4 -1 -3 -2
right_child=2 5 3 -5 -6 -7 -8
leaf_value=-0.034392584190147825 0.033548060446116898 -0.011006656919533498 0.16538809211918565 0.062737841817417844 -0.015132207386740648 0.014764188173151378 -0.030967784591920813
leaf_weight=1037 138 481 30 748 2192 1354 78
leaf_count=1037 138 481 30 748 2192 1354 78
internal_value=9.45176e-06 -0.0106944 0.0545194 0.0668004 -0.0213222 0.00800757 0.0102306
internal_weight=6058 5064 994 778 3229 1835 216
internal_count=6058 5064 994 778 3229 1835 216
is_linear=0
shrinkage=0.01


Tree=100
num_leaves=8
num_cat=0
split_feature=17 17 85 9 17 1 89
split_gain=34653.6 8507.4 5168.46 4330.67 2558.1 2438.84 2197.45
threshold=21.898850574712647 12.607692307692309 26.871229101790103 1.0000000180025095e-35 6.1017241379310354 85.406896551724159 -0.16529536757585159
decision_type=2 2 2 2 2 2 2
left_child=1 4 3 -2 -1 -4 -3
right_child=2 6 5 -5 -6 -7 -8
leaf_value=-0.034048824265552571 0.05042852647541661 -0.017161849006808453 0.069502683812942584 0.00023294713135276526 -0.01498091976722233 0.13959033244323732 0.012217020726668928
leaf_weight=1037 599 313 259 241 2192 62 1355
leaf_count=1037 599 313 259 241 2192 62 1355
internal_value=9.50908e-06 -0.0116369 0.0491175 0.0360365 -0.0211091 0.0832375 0.00670029
internal_weight=6058 4897 1161 840 3229 321 1668
internal_count=6058 4897 1161 840 3229 321 1668
is_linear=0
shrinkage=0.01


Tree=101
num_leaves=8
num_cat=0
split_feature=22 93 81 89 89 88 22
split_gain=28235.5 8566.16 7264.48 3689.39 3172.83 2627.16 1579.11
threshold=18.525287356321844 1.0000000180025095e-35 22.442788305004171 -0.09160529586836845 -0.14405436369762994 -2.3390804597701149 7.8399848123159339
decision_type=2 2 2 2 2 2 2
left_child=1 6 5 -3 -4 -2 -1
right_child=2 3 4 -5 -6 -7 -8
leaf_value=-0.031396595967523075 0.0073864792895495393 -0.01936693957586123 0.0058656497508561695 0.013902055877966047 0.073279541803348766 0.04119488206150717 -0.016316198288597209
leaf_weight=1345 629 456 81 1235 510 362 1440
leaf_count=1345 629 456 81 1235 510 362 1440
internal_value=9.58465e-06 -0.0128254 0.036317 0.00492727 0.0640537 0.0197513 -0.0236037
internal_weight=6058 4476 1582 1691 591 991 2785
internal_count=6058 4476 1582 1691 591 991 2785
is_linear=0
shrinkage=0.01


Tree=102
num_leaves=8
num_cat=0
split_feature=17 17 71 29 41 17 1
split_gain=33464.1 9456.01 5209.02 3004.45 2487.84 2486.48 1569.85
threshold=23.559195402298855 12.607692307692309 5.4408045977011499 23.983333333333338 26.050276903609795 6.1017241379310354 90.550000000000011
decision_type=2 2 2 2 2 2 2
left_child=1 5 6 -4 -3 -1 -2
right_child=2 4 3 -5 -6 -7 -8
leaf_value=-0.033461952731110245 -0.002746757628193805 0.013808947187645035 0.16269797683152995 0.061078397587658408 -0.014533440886091334 -0.014662932277489516 0.068401051089366269
leaf_weight=1037 179 1441 30 748 394 2192 37
leaf_count=1037 179 1441 30 748 394 2192 37
internal_value=9.55109e-06 -0.0104045 0.0530437 0.0650995 0.00772087 -0.0207047 0.00956811
internal_weight=6058 5064 994 778 1835 3229 216
internal_count=6058 5064 994 778 1835 3229 216
is_linear=0
shrinkage=0.01


Tree=103
num_leaves=8
num_cat=0
split_feature=71 93 59 9 29 36 23
split_gain=26617.4 8020.13 7907.51 4408.86 2448.39 2305.73 1770.73
threshold=8.5080459770114967 1.0000000180025095e-35 23.766021558669312 1.0000000180025095e-35 23.762643678160924 82.847701149425305 9.8643678160919563
decision_type=2 2 2 2 2 2 2
left_child=1 6 4 -3 -2 -4 -1
right_child=2 3 5 -5 -6 -7 -8
leaf_value=-0.028345118599236736 0.10118842537720997 0.016451178435548944 0.085834132725193954 -0.017276810076824977 0.018638645122031863 0.032066915984826062 -0.012659633485377937
leaf_weight=1640 37 1195 343 573 880 105 1285
leaf_count=1640 37 1195 343 573 880 105 1285
internal_value=9.6533e-06 -0.0112955 0.0388682 0.00551803 0.0220233 0.0732834 -0.0214577
internal_weight=6058 4693 1365 1768 917 448 2925
internal_count=6058 4693 1365 1768 917 448 2925
is_linear=0
shrinkage=0.01


Tree=104
num_leaves=8
num_cat=0
split_feature=17 22 22 9 72 35 87
split_gain=32337.9 7169.77 6192.36 3805.65 2267.35 1957.52 1666.4
threshold=18.237356321839084 25.593103448275865 10.209334032253059 1.0000000180025095e-35 42.884579784128206 58.283333333333339 0.30000000000000032
decision_type=2 2 2 2 2 2 2
left_child=2 3 6 -2 -3 -4 -1
right_child=1 4 5 -5 -6 -7 -8
leaf_value=-0.031812245013532289 0.036118580798140537 0.045384543064854281 0.019832875919503137 -0.0039859502123270598 0.086613881707166163 -0.0059857268284491697 -0.014063591257868503
leaf_weight=1465 738 248 351 348 294 1784 830
leaf_count=1465 738 248 351 348 294 1784 830
internal_value=9.71926e-06 0.0381153 -0.0139965 0.023271 0.0678089 -0.00173719 -0.025398
internal_weight=6058 1628 4430 1086 542 2135 2295
internal_count=6058 1628 4430 1086 542 2135 2295
is_linear=0
shrinkage=0.01


Tree=105
num_leaves=8
num_cat=0
split_feature=17 17 71 29 4 17 29
split_gain=31760.8 8942.47 4978.48 2920.71 2622.64 2396.98 2297.69
threshold=23.559195402298855 12.607692307692309 5.4408045977011499 23.983333333333338 5.5000000000000009 6.1017241379310354 24.001830120549666
decision_type=2 2 2 2 2 2 2
left_child=1 5 4 -4 -2 -1 -3
right_child=2 6 3 -5 -6 -7 -8
leaf_value=-0.032677921242969761 0.070697250981557935 0.055249688486446735 0.15968420300718214 0.059498672292604339 -0.010485441693600188 -0.014220466071577526 0.0048675357169276449
leaf_weight=1037 52 95 30 748 164 2192 1740
leaf_count=1037 52 95 30 748 164 2192 1740
internal_value=9.73029e-06 -0.0101358 0.0516766 0.0634626 0.00917437 -0.0201524 0.00749049
internal_weight=6058 5064 994 778 216 3229 1835
internal_count=6058 5064 994 778 216 3229 1835
is_linear=0
shrinkage=0.01


Tree=106
num_leaves=8
num_cat=0
split_feature=71 4 4 93 93 12 71
split_gain=25268.1 7663.86 8368.85 5829.81 5031.77 2755.78 2591.29
threshold=8.5080459770114967 5.5000000000000009 12.500000000000002 1.5000000000000002 1.0000000180025095e-35 -0.12940952255126037 16.31666666666667
decision_type=2 2 2 2 2 2 2
left_child=1 4 -3 6 -1 -5 -2
right_child=3 2 -4 5 -6 -7 -8
leaf_value=-0.0070773701857939674 0.022704213124485929 -0.037638901686868724 -0.0060781679207598414 0.021616496050095822 0.035040367993086755 0.11182855390017567 0.061300635428323473
leaf_weight=646 968 1370 2172 45 505 140 212
leaf_count=646 968 1370 2172 45 505 140 212
internal_value=9.87529e-06 -0.011005 -0.0182892 0.0378707 0.0114085 0.0900052 0.0296619
internal_weight=6058 4693 3542 1365 1151 185 1180
internal_count=6058 4693 3542 1365 1151 185 1180
is_linear=0
shrinkage=0.01


Tree=107
num_leaves=8
num_cat=0
split_feature=17 17 17 87 35 72 27
split_gain=30749.2 6839.14 5273.28 3329.54 2746.6 2194.88 1036.73
threshold=17.81379310344828 32.67816091954024 8.1017241379310363 -5.0695402298850567 59.783333333333339 50.385662431941931 33.305172413793109
decision_type=2 2 2 2 2 2 2
left_child=2 3 6 -2 -4 -3 -1
right_child=1 5 4 -5 -6 -7 -8
leaf_value=-0.030437430633735663 -0.015615568249268064 0.062647961622454382 0.017666322284150281 0.031900522857836372 -0.009675141822257604 0.12473755981605882 -0.0075091002726292867
leaf_weight=1525 168 268 442 1190 2165 73 227
leaf_count=1525 168 268 442 1190 2165 73 227
internal_value=9.94385e-06 0.0360906 -0.0140556 0.0260183 -0.00503688 0.0761045 -0.02747
internal_weight=6058 1699 4359 1358 2607 341 1752
internal_count=6058 1699 4359 1358 2607 341 1752
is_linear=0
shrinkage=0.01


Tree=108
num_leaves=8
num_cat=0
split_feature=17 17 71 29 4 41 17
split_gain=30217.4 8491.41 4762.62 2851.37 2533.32 2394.78 2296.15
threshold=23.559195402298855 12.607692307692309 5.4408045977011499 23.983333333333338 5.5000000000000009 26.050276903609795 6.1017241379310354
decision_type=2 2 2 2 2 2 2
left_child=1 6 4 -4 -2 -3 -1
right_child=2 5 3 -5 -6 -7 -8
leaf_value=-0.031905897810478881 0.0693020318371909 0.013263224834045819 0.15699865832094287 0.058017714478800275 -0.01048604343872302 -0.014543907535936406 -0.013840872652205545
leaf_weight=1037 52 1441 30 748 164 394 2192
leaf_count=1037 52 1441 30 748 164 394 2192
internal_value=9.98691e-06 -0.00988599 0.0504059 0.0619335 0.00883558 0.00729004 -0.0196467
internal_weight=6058 5064 994 778 216 1835 3229
internal_count=6058 5064 994 778 216 1835 3229
is_linear=0
shrinkage=0.01


Tree=109
num_leaves=8
num_cat=0
split_feature=17 22 71 89 35 29 4
split_gain=29617.5 8655.64 4667.85 2972.14 2819.61 2796.08 2483.34
threshold=23.559195402298855 13.305172413793105 5.4408045977011499 -0.1540858147595314 63.237356321839087 23.983333333333338 5.5000000000000009
decision_type=2 2 2 2 2 2 2
left_child=1 4 6 -3 -1 -4 -2
right_child=2 3 5 -5 -6 -7 -8
leaf_value=-0.0015376717775604251 0.068615611907414026 -0.015340705875907046 0.15545440883323794 0.014886983042427564 -0.02433257675484957 0.057437924969859257 -0.010381501720850228
leaf_weight=688 52 425 30 1381 2570 748 164
leaf_count=688 52 425 30 1381 2570 748 164
internal_value=1.00735e-05 -0.00978718 0.0499032 0.00777105 -0.01952 0.0613155 0.00874856
internal_weight=6058 5064 994 1806 3258 778 216
internal_count=6058 5064 994 1806 3258 778 216
is_linear=0
shrinkage=0.01


Tree=110
num_leaves=8
num_cat=0
split_feature=17 22 22 87 90 4 87
split_gain=29108.3 6794.09 5195.97 3417.71 2253.58 2130.08 1346.86
threshold=17.516666666666669 25.593103448275865 8.5425287356321853 -5.0695402298850567 -0.10283055866068873 5.5000000000000009 0.30000000000000032
decision_type=2 2 2 2 2 2 2
left_child=2 3 6 -2 -3 -4 -1
right_child=1 4 5 -5 -6 -7 -8
leaf_value=-0.033349396285221003 -0.023359980947463239 0.037151541813717173 0.010241212526110733 0.027393071412691424 0.078567381927500485 -0.010332920198840759 -0.01495780435232944
leaf_weight=1165 152 212 690 1025 352 1855 607
leaf_count=1165 152 212 690 1025 352 1855 607
internal_value=1.01739e-05 0.0345216 -0.0139102 0.0208312 0.0630473 -0.00475375 -0.0270556
internal_weight=6058 1741 4317 1177 564 2545 1772
internal_count=6058 1741 4317 1177 564 2545 1772
is_linear=0
shrinkage=0.01


Tree=111
num_leaves=8
num_cat=0
split_feature=69 89 57 4 4 4 4
split_gain=25069 8011.37 7050.24 6551.97 5462.91 4350.6 1486.21
threshold=15.676919618322517 -0.14120055844096666 25.916010086125024 5.5000000000000009 12.500000000000002 2.5000000000000004 13.500000000000002
decision_type=2 2 2 2 2 2 2
left_child=3 6 -3 5 -5 -1 -2
right_child=1 2 -4 4 -6 -7 -8
leaf_value=-0.013018276643248455 -0.020507953846120835 0.024780038177687983 0.070109236687875123 -0.038467979960097494 -0.010966151717648934 0.028492151837013591 0.020008341507935054
leaf_weight=503 312 1054 509 1177 1870 506 127
leaf_count=503 312 1054 509 1177 1870 506 127
internal_value=1.01302e-05 0.0289608 0.0395598 -0.0142813 -0.0215943 0.00780195 -0.00877627
internal_weight=6058 2002 1563 4056 3047 1009 439
internal_count=6058 2002 1563 4056 3047 1009 439
is_linear=0
shrinkage=0.01


Tree=112
num_leaves=8
num_cat=0
split_feature=69 93 87 36 1 12 12
split_gain=24570.5 7123.82 4964.32 4202.33 2320.49 2168.7 2008.13
threshold=15.676919618322517 1.5000000000000002 0.81160134218605073 83.01666666666668 93.745977011494276 -0.12940952255126037 -0.12940952255126037
decision_type=2 2 2 2 2 2 2
left_child=2 3 6 -2 -4 -3 -1
right_child=1 5 4 -5 -6 -7 -8
leaf_value=-0.031067463759301864 0.030684105204909093 0.026064004112821105 -0.0027842152235986219 -0.0051016484867948591 0.047016726172584761 0.099044627660043738 -0.013483499775890305
leaf_weight=1320 1343 54 1355 434 100 171 1281
leaf_count=1320 1343 54 1355 434 100 171 1281
internal_value=1.0078e-05 0.0286714 -0.0141385 0.0219448 0.000653162 0.0816281 -0.0224118
internal_weight=6058 2002 4056 1777 1455 225 2601
internal_count=6058 2002 4056 1777 1455 225 2601
is_linear=0
shrinkage=0.01


Tree=113
num_leaves=8
num_cat=0
split_feature=17 22 22 12 17 29 87
split_gain=27822.2 5850.37 5833.57 4029.69 1936.71 1912.61 1573.98
threshold=19.116666666666671 10.209334032253059 25.593103448275865 0.1294095225512602 12.607692307692309 24.483333333333338 0.30000000000000032
decision_type=2 2 2 2 2 2 2
left_child=1 6 3 -2 -3 -4 -1
right_child=2 4 5 -5 -6 -7 -8
leaf_value=-0.029448586573108462 0.0016614101263566958 -0.0087627377256558302 0.13717526697075885 0.042740396202917939 0.0099392879956825917 0.059666883759177412 -0.012358469601321044
leaf_weight=1484 456 1275 34 501 978 482 848
leaf_count=1484 456 1275 34 501 978 482 848
internal_value=1.01005e-05 -0.012137 0.0378121 0.0231783 -0.000643789 0.0649028 -0.0232382
internal_weight=6058 4585 1473 957 2253 516 2332
internal_count=6058 4585 1473 957 2253 516 2332
is_linear=0
shrinkage=0.01


Tree=114
num_leaves=8
num_cat=0
split_feature=71 87 59 73 87 3 1
split_gain=22236.6 6958.49 6592.17 2887.14 2495.65 2314.49 2010.76
threshold=8.5080459770114967 1.1000000000000012 23.766021558669312 13.283669437602628 -0.098275862068964312 204.5086206896552 85.406896551724159
decision_type=2 2 2 2 2 2 2
left_child=1 5 4 -3 -2 -1 -4
right_child=2 3 6 -5 -6 -7 -8
leaf_value=-0.033977785116795486 0.0029611515956566108 -0.0021301937962498515 0.055518518691751922 0.027572431266871048 0.035978907540648766 -0.013917978385116226 0.10676261954990464
leaf_weight=752 440 1008 349 484 477 2449 99
leaf_count=752 440 1008 349 484 477 2449 99
internal_value=1.01658e-05 -0.0103229 0.0355272 0.00751092 0.0201469 -0.0186353 0.0669501
internal_weight=6058 4693 1365 1492 917 3201 448
internal_count=6058 4693 1365 1492 917 3201 448
is_linear=0
shrinkage=0.01


Tree=115
num_leaves=8
num_cat=0
split_feature=17 22 22 9 17 90 87
split_gain=26874.3 5668.98 5638.42 3568.44 1873.97 1733.73 1517.84
threshold=19.116666666666671 10.209334032253059 25.593103448275865 1.0000000180025095e-35 12.607692307692309 -0.089913815682520257 0.30000000000000032
decision_type=2 2 2 2 2 2 2
left_child=1 6 3 -2 -3 -4 -1
right_child=2 4 5 -5 -6 -7 -8
leaf_value=-0.028954565431657926 0.036070140772944369 -0.0086009030626369009 0.039615296032172176 -0.005248746007095231 0.0097956860439873776 0.077805995095834982 -0.012171940442409013
leaf_weight=1484 649 1275 190 308 978 326 848
leaf_count=1484 649 1275 190 308 978 326 848
internal_value=1.02125e-05 -0.0119282 0.0371627 0.0227758 -0.000614543 0.0637965 -0.0228559
internal_weight=6058 4585 1473 957 2253 516 2332
internal_count=6058 4585 1473 957 2253 516 2332
is_linear=0
shrinkage=0.01


Tree=116
num_leaves=8
num_cat=0
split_feature=71 4 4 59 57 12 89
split_gain=21459.3 7077.2 7816.02 6357.96 5132.6 3204.82 2544.35
threshold=8.5080459770114967 5.5000000000000009 12.500000000000002 23.766021558669312 12.38045977011493 -0.12940952255126037 -0.096264586504312563
decision_type=2 2 2 2 2 2 2
left_child=1 4 -3 6 -1 -5 -2
right_child=3 2 -4 5 -6 -7 -8
leaf_value=-0.0054303678456003824 -0.0086464148806229321 -0.03584012020743068 -0.0053397886974662035 0.028118155565002176 0.037878877337601598 0.084817513916322154 0.02954094527832668
leaf_weight=704 234 1370 2172 151 447 297 683
leaf_count=704 234 1370 2172 151 447 297 683
internal_value=1.0199e-05 -0.0101406 -0.0171405 0.034901 0.0113978 0.0657606 0.0197964
internal_weight=6058 4693 3542 1365 1151 448 917
internal_count=6058 4693 3542 1365 1151 448 917
is_linear=0
shrinkage=0.01


Tree=117
num_leaves=8
num_cat=0
split_feature=17 17 71 4 4 89 35
split_gain=26008.8 6519.35 4927.32 3034.25 3009.7 2914.49 1138.88
threshold=21.728735632183913 8.8783088476650871 5.4408045977011499 5.5000000000000009 5.5000000000000009 -0.14405436369762994 64.90000000000002
decision_type=2 2 2 2 2 2 2
left_child=1 6 4 -3 -2 -4 -1
right_child=2 3 5 -5 -6 -7 -8
leaf_value=-0.010355196318750657 0.063776297235488888 0.017204728680394986 0.0019012753110246609 -0.006475519339548921 -0.012745699679422819 0.059672731541598953 -0.027970498119491049
leaf_weight=481 67 728 98 2103 215 805 1561
leaf_count=481 67 728 98 2103 215 805 1561
internal_value=1.01993e-05 -0.0102083 0.042018 -0.000383934 0.00551399 0.053408 -0.0238249
internal_weight=6058 4873 1185 2831 282 903 2042
internal_count=6058 4873 1185 2831 282 903 2042
is_linear=0
shrinkage=0.01


Tree=118
num_leaves=8
num_cat=0
split_feature=17 22 22 12 35 90 87
split_gain=25556 6001.42 4663.48 3372.24 2088.49 2064.39 1196.66
threshold=17.516666666666669 25.593103448275865 8.5425287356321853 0.1294095225512602 60.019934640522884 -0.10283055866068873 0.30000000000000032
decision_type=2 2 2 2 2 2 2
left_child=2 3 6 -2 -4 -3 -1
right_child=1 5 4 -5 -6 -7 -8
leaf_value=-0.031419274651754286 0.001585729429854778 0.0343774829512484 0.014253505129057629 0.035486787878908965 -0.0087655803287662332 0.074010203993299328 -0.014083433327828765
leaf_weight=1165 556 212 487 621 2058 352 607
leaf_count=1165 556 212 487 621 2058 352 607
internal_value=1.01668e-05 0.0323473 -0.0130332 0.0194803 -0.00435862 0.0591573 -0.0254868
internal_weight=6058 1741 4317 1177 2545 564 1772
internal_count=6058 1741 4317 1177 2545 564 1772
is_linear=0
shrinkage=0.01


Tree=119
num_leaves=8
num_cat=0
split_feature=17 17 71 35 4 12 17
split_gain=25096.9 7217.1 4112.79 2384.28 2285.27 2208.66 2089.09
threshold=23.559195402298855 12.607692307692309 5.4408045977011499 56.457471264367825 5.5000000000000009 -0.12940952255126037 5.5764367816091962
decision_type=2 2 2 2 2 2 2
left_child=1 6 4 -3 -2 -4 -1
right_child=2 3 5 -5 -6 -7 -8
leaf_value=-0.031580883961141233 0.064741547155380247 0.038158150283103084 0.031991438343254984 0.0026792341479896639 -0.011038454247281906 0.068215009074811178 -0.013236123977636903
leaf_weight=839 52 214 249 1621 164 529 2390
leaf_count=839 52 214 249 1621 164 529 2390
internal_value=1.01529e-05 -0.00900845 0.045938 0.00682637 0.00730996 0.0566502 -0.018007
internal_weight=6058 5064 994 1835 216 778 3229
internal_count=6058 5064 994 1835 216 778 3229
is_linear=0
shrinkage=0.01


Tree=120
num_leaves=8
num_cat=0
split_feature=22 93 57 89 89 35 72
split_gain=21318.6 6120.72 5977.3 3754.71 3226.7 1673.3 1196.71
threshold=18.525287356321844 1.0000000180025095e-35 20.516858237547893 -0.14405436369762994 -0.09160529586836845 66.830459770114956 30.517857142857146
decision_type=2 2 2 2 2 2 2
left_child=1 5 6 -4 -3 -1 -2
right_child=2 4 3 -5 -6 -7 -8
leaf_value=-0.0077849712765832527 -0.0025848902111244498 -0.0188556673459521 0.00081075333480341014 0.060571885752014394 0.012257223832526913 -0.02507450782745763 0.022373489824515765
leaf_weight=777 324 456 125 662 1235 2008 471
leaf_count=777 324 456 125 662 1235 2008 471
internal_value=1.0176e-05 -0.0111425 0.0315586 0.0510871 0.00386384 -0.0202533 0.0122059
internal_weight=6058 4476 1582 787 1691 2785 795
internal_count=6058 4476 1582 787 1691 2785 795
is_linear=0
shrinkage=0.01


Tree=121
num_leaves=8
num_cat=0
split_feature=17 17 71 29 35 4 17
split_gain=24188.4 6931.15 4002.51 2683.7 2327.65 2232.38 2042.07
threshold=23.559195402298855 12.607692307692309 5.4408045977011499 23.983333333333338 56.457471264367825 5.5000000000000009 5.5764367816091962
decision_type=2 2 2 2 2 2 2
left_child=1 6 5 -4 -3 -2 -1
right_child=2 4 3 -5 -6 -7 -8
leaf_value=-0.031082476115993549 0.063756496959640863 0.03763159438782309 0.14785306248899366 0.051872437391800925 0.0025766254091009874 -0.011141228477280916 -0.012945417293931125
leaf_weight=839 52 214 30 748 1621 164 2390
leaf_count=839 52 214 30 748 1621 164 2390
internal_value=1.01078e-05 -0.00884377 0.0450991 0.0556667 0.00667419 0.006993 -0.0176623
internal_weight=6058 5064 994 778 1835 216 3229
internal_count=6058 5064 994 778 1835 216 3229
is_linear=0
shrinkage=0.01


Tree=122
num_leaves=8
num_cat=0
split_feature=69 89 4 57 4 4 4
split_gain=21013.9 7076.27 6058.58 5857.24 5073.26 4149.93 1389.33
threshold=15.676919618322517 -0.14120055844096666 5.5000000000000009 25.916010086125024 12.500000000000002 2.5000000000000004 13.500000000000002
decision_type=2 2 2 2 2 2 2
left_child=2 6 5 -3 -4 -1 -2
right_child=1 3 4 -5 -6 -7 -8
leaf_value=-0.012173836377594536 -0.020292062597894671 0.023005703450591716 -0.036367326492430234 0.064322756509979775 -0.0098648184443824258 0.028368101217316029 0.018881861581288132
leaf_weight=503 312 1054 1177 509 1870 506 127
leaf_count=503 312 1054 1177 509 1870 506 127
internal_value=1.02126e-05 0.0265162 -0.0130744 0.0364774 -0.0201067 0.00816089 -0.00894956
internal_weight=6058 2002 4056 1563 3047 1009 439
internal_count=6058 2002 4056 1563 3047 1009 439
is_linear=0
shrinkage=0.01


Tree=123
num_leaves=8
num_cat=0
split_feature=71 87 59 12 12 3 87
split_gain=19125.9 6270.52 5627.06 3050.6 2765.93 2604.9 2276.02
threshold=8.5080459770114967 1.1000000000000012 23.766021558669312 -0.12940952255126037 -0.12940952255126037 231.68333333333337 -0.098275862068964312
decision_type=2 2 2 2 2 2 2
left_child=1 4 6 -4 -1 -3 -2
right_child=2 5 3 -5 -6 -7 -8
leaf_value=-0.026571024995310163 0.0023278518943930051 -0.015720941711798452 0.025266300809462079 0.080572209736279085 -0.0079731779895217576 0.014915872068727028 0.033858641083109445
leaf_weight=1633 440 368 151 297 1568 1124 477
leaf_count=1633 440 368 151 297 1568 1124 477
internal_value=1.01558e-05 -0.00957291 0.0329495 0.0619812 -0.0174638 0.00735627 0.0187394
internal_weight=6058 4693 1365 448 3201 1492 917
internal_count=6058 4693 1365 448 3201 1492 917
is_linear=0
shrinkage=0.01


Tree=124
num_leaves=8
num_cat=0
split_feature=22 90 93 89 22 22 34
split_gain=20039.2 6120.78 5716.97 3082.45 2647.62 2436.42 1282.44
threshold=18.525287356321844 -0.098818879330388285 1.0000000180025095e-35 -0.09160529586836845 30.491379310344829 36.276854925394737 64.450000000000017
decision_type=2 2 2 2 2 2 2
left_child=2 5 6 -4 -3 -2 -1
right_child=1 4 3 -5 -6 -7 -8
leaf_value=-0.0082873629197200479 0.0031558568664991626 0.039717171317954394 -0.018505570032330883 0.011903882192296267 0.082102426866890496 0.049144326246473746 -0.023678428726824543
leaf_weight=737 662 583 456 1235 198 139 2048
leaf_count=737 662 583 456 1235 198 139 2048
internal_value=1.01431e-05 0.0305973 -0.0108027 0.00370024 0.050509 0.0111627 -0.0196079
internal_weight=6058 1582 4476 1691 781 801 2785
internal_count=6058 1582 4476 1691 781 801 2785
is_linear=0
shrinkage=0.01


Tree=125
num_leaves=8
num_cat=0
split_feature=17 69 17 12 4 1 36
split_gain=22707.3 5278.34 4390.62 4124.56 2677.7 2452.43 953.54
threshold=18.237356321839084 28.302128227839706 8.1017241379310363 0.1294095225512602 5.5000000000000009 85.518589106631723 58.712068965517254
decision_type=2 2 2 2 2 2 2
left_child=2 3 6 -2 -4 -3 -1
right_child=1 5 4 -5 -6 -7 -8
leaf_value=0.0053076654887227927 0.0031763697228650786 0.055725445421170264 0.013427339970783055 0.038840137921157529 -0.0095174372016547642 0.12937728685516495 -0.025885517915224809
leaf_weight=104 579 257 682 737 1996 55 1648
leaf_count=104 579 257 682 737 1996 55 1648
internal_value=1.01544e-05 0.0319414 -0.0117266 0.0231567 -0.00367254 0.0688968 -0.0240326
internal_weight=6058 1628 4430 1316 2678 312 1752
internal_count=6058 1628 4430 1316 2678 312 1752
is_linear=0
shrinkage=0.01


Tree=126
num_leaves=8
num_cat=0
split_feature=17 69 12 17 1 54 36
split_gain=22262.6 5496.49 4200.97 3988.85 2410.26 1597.4 934.587
threshold=17.516666666666669 28.302128227839706 0.1294095225512602 8.1017241379310363 85.518589106631723 220.55000000000004 58.712068965517254
decision_type=2 2 2 2 2 2 2
left_child=3 2 -2 6 -3 -5 -1
right_child=1 4 -4 5 -6 -7 -8
leaf_value=0.0052548426778978143 0.0024108917965746514 0.055106208175305475 0.036982443120615702 -0.020529567379278552 0.12809516978908231 -0.00040008843230967216 -0.025626741239144858
leaf_weight=104 625 258 803 486 55 2079 1648
leaf_count=104 625 258 803 486 55 2079 1648
internal_value=1.0229e-05 0.0301919 0.0218578 -0.0121637 0.0681172 -0.00421755 -0.0237923
internal_weight=6058 1741 1428 4317 313 2565 1752
internal_count=6058 1741 1428 4317 313 2565 1752
is_linear=0
shrinkage=0.01


Tree=127
num_leaves=8
num_cat=0
split_feature=17 22 36 9 72 89 17
split_gain=21873.2 6865.72 3908.37 4268.63 2789.69 2598.19 2179.66
threshold=23.559195402298855 13.305172413793105 82.847701149425305 1.0000000180025095e-35 49.727759249785585 -0.1540858147595314 7.169540229885059
decision_type=2 2 2 2 2 2 2
left_child=1 6 4 -4 -2 -3 -1
right_child=2 5 3 -5 -6 -7 -8
leaf_value=-0.027682535584327955 0.04699520086023054 -0.014380442087066861 0.045855133958321359 -0.031446964586248585 0.10206444483478321 0.013881725854357997 -0.010765111565904371
leaf_weight=1215 596 425 162 127 109 1381 2043
leaf_count=1215 596 425 162 127 109 1381 2043
internal_value=1.02771e-05 -0.0084092 0.042887 0.0118876 0.0555765 0.00722847 -0.0170775
internal_weight=6058 5064 994 289 705 1806 3258
internal_count=6058 5064 994 289 705 1806 3258
is_linear=0
shrinkage=0.01


Tree=128
num_leaves=8
num_cat=0
split_feature=17 71 17 89 4 4 11
split_gain=21460 4702.08 4570.69 3888.11 3133.96 2607.1 860.164
threshold=19.116666666666671 5.4408045977011499 8.1017241379310363 -0.14405436369762994 5.5000000000000009 5.5000000000000009 -0.78656609248549292
decision_type=2 2 2 2 2 2 2
left_child=2 4 6 -3 -2 -4 -1
right_child=1 3 5 -5 -6 -7 -8
leaf_value=-0.0068819020958358146 0.054718488585590662 -0.0050066159752990671 0.013516388032870861 0.051280522347780549 -0.012124900681839112 -0.0084410802679449858 -0.026335685714526151
leaf_weight=269 91 141 727 941 300 2106 1483
leaf_count=269 91 141 727 941 300 2106 1483
internal_value=1.02763e-05 0.03321 -0.010658 0.0439461 0.00348074 -0.00280482 -0.0233519
internal_weight=6058 1473 4585 1082 391 2833 1752
internal_count=6058 1473 4585 1082 391 2833 1752
is_linear=0
shrinkage=0.01


Tree=129
num_leaves=8
num_cat=0
split_feature=17 22 36 4 68 35 89
split_gain=21068.7 6653.98 3807.2 6539.38 2723.61 2526.61 2526.08
threshold=23.559195402298855 13.305172413793105 82.847701149425305 5.5000000000000009 43.890000000000008 63.237356321839087 -0.1540858147595314
decision_type=2 2 2 2 2 2 2
left_child=1 5 4 -4 -2 -1 -3
right_child=2 6 3 -5 -6 -7 -8
leaf_value=0.00023312452093399817 0.04419364690964038 -0.014165248314109133 0.10301411585788417 -0.013158723674013526 0.091944675446939975 -0.021342187331727096 0.013701937779920379
leaf_weight=688 552 425 61 228 153 2570 1381
leaf_count=688 552 425 61 228 153 2570 1381
internal_value=1.02212e-05 -0.00825297 0.0420911 0.011496 0.0546152 -0.0167866 0.00714166
internal_weight=6058 5064 994 289 705 3258 1806
internal_count=6058 5064 994 289 705 3258 1806
is_linear=0
shrinkage=0.01


Tree=130
num_leaves=8
num_cat=0
split_feature=17 69 12 17 35 30 27
split_gain=20700.8 5215.19 4003 3735.77 2535.26 1866.49 895.194
threshold=17.516666666666669 28.302128227839706 0.1294095225512602 8.1017241379310363 59.783333333333339 27.334523809523812 33.305172413793109
decision_type=2 2 2 2 2 2 2
left_child=3 2 -2 6 -5 -3 -1
right_child=1 5 -4 4 -6 -7 -8
leaf_value=-0.025739776783519932 0.0020132877209680165 0.10169778107529256 0.035760131012935431 0.017977441023801582 -0.008526180828118032 0.049121396658405557 -0.0044413317345246509
leaf_weight=1525 625 100 803 434 2131 213 227
leaf_count=1525 625 100 803 434 2131 213 227
internal_value=1.02885e-05 0.0291141 0.0209962 -0.0117288 -0.00403892 0.066056 -0.0229826
internal_weight=6058 1741 1428 4317 2565 313 1752
internal_count=6058 1741 1428 4317 2565 313 1752
is_linear=0
shrinkage=0.01


Tree=131
num_leaves=8
num_cat=0
split_feature=22 90 87 73 22 22 22
split_gain=17994.7 5542.33 5237.79 2500.99 2446.66 2233.26 2006.89
threshold=18.525287356321844 -0.098818879330388285 1.1000000000000012 16.17227264261388 25.944353457436108 36.276854925394737 8.5425287356321853
decision_type=2 2 2 2 2 2 2
left_child=2 5 6 -4 -3 -2 -1
right_child=1 4 3 -5 -6 -7 -8
leaf_value=-0.025584648479651768 0.0028361241905798889 0.031806304595182147 0.00042817300352327885 0.037458503315755613 0.067433328498623823 0.046865279768984171 -0.0096588690178255974
leaf_weight=1494 662 428 1079 219 353 139 1684
leaf_count=1494 662 428 1079 219 353 139 1684
internal_value=1.0325e-05 0.0289951 -0.0102361 0.00668837 0.0479427 0.0105017 -0.0171487
internal_weight=6058 1582 4476 1298 781 801 3178
internal_count=6058 1582 4476 1298 781 801 3178
is_linear=0
shrinkage=0.01


Tree=132
num_leaves=7
num_cat=0
split_feature=69 4 29 4 59 4
split_gain=18101.3 5653.79 5267.77 4794.46 4591.88 3954.38
threshold=15.676919618322517 5.5000000000000009 23.001575694093908 12.500000000000002 24.016666666666669 2.5000000000000004
decision_type=2 2 2 2 2 2
left_child=1 5 -2 -3 -4 -1
right_child=2 3 4 -5 -6 -7
leaf_value=-0.011470337697276116 0.13752821874765703 -0.034734418003084709 0.01300611186561911 -0.0089707586397321046 0.047538865868649589 0.028105058557104767
leaf_weight=503 40 1177 1436 1870 526 506
leaf_count=503 40 1177 1436 1870 526 506
internal_value=1.03493e-05 -0.0121337 0.0246109 -0.018927 0.0222741 0.00837979
internal_weight=6058 4056 2002 3047 1962 1009
internal_count=6058 4056 2002 3047 1962 1009
is_linear=0
shrinkage=0.01


Tree=133
num_leaves=8
num_cat=0
split_feature=69 93 1 36 71 48 54
split_gain=17741.6 5316.58 3592.23 3555.35 2852.62 2142.14 1190.89
threshold=15.676919618322517 1.5000000000000002 93.576436781609218 83.01666666666668 3.7459770114942534 23.067816091954025 242.65000000000001
decision_type=2 2 2 2 2 2 2
left_child=2 3 4 -2 -1 -3 -4
right_child=1 5 6 -5 -6 -7 -8
leaf_value=-0.023633581769345633 0.026592915401160773 0.10965449356597069 0.0081585607862020553 -0.0063215933739024423 -0.006360620250803699 0.045798884197539289 0.058811365046187072
leaf_weight=1730 1343 85 105 434 2138 140 83
leaf_count=1730 1343 85 105 434 2138 140 83
internal_value=1.0387e-05 0.0243653 -0.0120124 0.0185543 -0.0140883 0.070114 0.0306206
internal_weight=6058 2002 4056 1777 3868 225 188
internal_count=6058 2002 4056 1777 3868 225 188
is_linear=0
shrinkage=0.01


Tree=134
num_leaves=8
num_cat=0
split_feature=22 90 89 57 22 22 36
split_gain=17176.1 5331.2 4419.39 3341.13 2351.23 2151.61 1119
threshold=18.525287356321844 -0.098818879330388285 -0.06051608971061772 9.8944444444444297 25.944353457436108 36.276854925394737 84.152298850574724
decision_type=2 2 2 2 2 2 2
left_child=2 5 6 -4 -3 -2 -1
right_child=1 4 3 -5 -6 -7 -8
leaf_value=-0.015065732173831324 0.0026665242805029707 0.031093015964383148 -0.012932511557970663 0.0096873735086063558 0.066018059367738149 0.045883235276386304 -0.030742538901093918
leaf_weight=1070 662 428 1303 1308 353 139 795
leaf_count=1070 662 428 1303 1308 353 139 795
internal_value=1.04594e-05 0.0283283 -0.0100001 -0.00160103 0.0469114 0.0101906 -0.0217551
internal_weight=6058 1582 4476 2611 781 801 1865
internal_count=6058 1582 4476 2611 781 801 1865
is_linear=0
shrinkage=0.01


Tree=135
num_leaves=8
num_cat=0
split_feature=17 69 17 12 4 1 36
split_gain=19156.6 4548.2 3770.58 3714.47 2504.69 2288.78 882.367
threshold=18.237356321839084 28.302128227839706 8.1017241379310363 0.1294095225512602 5.5000000000000009 85.518589106631723 58.712068965517254
decision_type=2 2 2 2 2 2 2
left_child=2 3 6 -2 -4 -3 -1
right_child=1 5 4 -5 -6 -7 -8
leaf_value=0.0060466595868174542 0.0022243907472618545 0.050928709197714382 0.013232169754172747 0.036068011666542964 -0.0089589342124708378 0.122051425551509 -0.023956194361362777
leaf_weight=104 579 257 682 737 1996 55 1648
leaf_count=104 579 257 682 737 1996 55 1648
internal_value=1.04354e-05 0.0293391 -0.0107697 0.0211847 -0.00330598 0.0636432 -0.0221737
internal_weight=6058 1628 4430 1316 2678 312 1752
internal_count=6058 1628 4430 1316 2678 312 1752
is_linear=0
shrinkage=0.01


Tree=136
num_leaves=7
num_cat=0
split_feature=69 4 29 4 59 4
split_gain=16933.2 5432.86 5120.12 4666.55 4271.95 3847.27
threshold=15.676919618322517 5.5000000000000009 23.001575694093908 12.500000000000002 24.016666666666669 2.5000000000000004
decision_type=2 2 2 2 2 2
left_child=1 5 -2 -3 -4 -1
right_child=2 3 4 -5 -6 -7
leaf_value=-0.011206024573444433 0.13512661784813729 -0.033989515921119165 0.012561037821922933 -0.008571992192017569 0.045869111760453107 0.027829708389989133
leaf_weight=503 40 1177 1436 1870 526 506
leaf_count=503 40 1177 1436 1870 526 506
internal_value=1.04966e-05 -0.0117351 0.0238041 -0.0183944 0.0215004 0.00837347
internal_weight=6058 4056 2002 3047 1962 1009
internal_count=6058 4056 2002 3047 1962 1009
is_linear=0
shrinkage=0.01


Tree=137
num_leaves=8
num_cat=0
split_feature=17 17 22 87 12 4 87
split_gain=18548.5 4703.35 3745.04 2729.16 2048.47 1770.81 1012.13
threshold=17.516666666666669 32.67816091954024 8.5425287356321853 -5.0695402298850567 -0.12940952255126037 5.5000000000000009 0.30000000000000032
decision_type=2 2 2 2 2 2 2
left_child=2 3 6 -2 -3 -4 -1
right_child=1 4 5 -5 -6 -7 -8
leaf_value=-0.027717202227877175 -0.018079149192160877 0.017489507639657949 0.010343580565073411 0.024624526778893749 0.074725431623380467 -0.0084152586093784541 -0.011775996785868466
leaf_weight=1165 170 83 690 1230 258 1855 607
leaf_count=1165 170 83 690 1230 258 1855 607
internal_value=1.053e-05 0.0275598 -0.0111016 0.0194341 0.0608416 -0.00332814 -0.0222617
internal_weight=6058 1741 4317 1400 341 2545 1772
internal_count=6058 1741 4317 1400 341 2545 1772
is_linear=0
shrinkage=0.01


Tree=138
num_leaves=8
num_cat=0
split_feature=17 22 36 4 29 89 35
split_gain=18224.8 5869.23 3530.59 6292.17 2611.88 2380.78 2374.57
threshold=23.559195402298855 13.305172413793105 82.847701149425305 5.5000000000000009 23.368518518518524 -0.1540858147595314 63.237356321839087
decision_type=2 2 2 2 2 2 2
left_child=1 6 4 -4 -2 -3 -1
right_child=2 5 3 -5 -6 -7 -8
leaf_value=0.00080982034417314316 0.14040751190791054 -0.013901426100181953 0.099461990984474738 -0.014492439774409165 0.047004281379365319 0.013152364196360296 -0.02010587472654227
leaf_weight=688 31 425 61 228 674 1381 2570
leaf_count=688 31 425 61 228 674 1381 2570
internal_value=1.04744e-05 -0.00767483 0.0391484 0.00968874 0.0512087 0.00678352 -0.0156895
internal_weight=6058 5064 994 289 705 1806 3258
internal_count=6058 5064 994 289 705 1806 3258
is_linear=0
shrinkage=0.01


Tree=139
num_leaves=8
num_cat=0
split_feature=17 22 22 12 45 35 89
split_gain=17879.4 4190.87 4112.65 3181.4 1967.1 1601.21 1281.09
threshold=19.116666666666671 10.209334032253059 25.593103448275865 0.1294095225512602 22.122127329192548 58.283333333333339 -0.17640373887553054
decision_type=2 2 2 2 2 2 2
left_child=1 6 3 -2 -4 -3 -1
right_child=2 5 4 -5 -6 -7 -8
leaf_value=-0.031045391427494764 -0.0010853048586750738 0.01876187360331372 0.096383969209534792 0.035409771817475406 0.044171047746475976 -0.0037862078102512361 -0.014507185356243393
leaf_weight=650 456 378 87 501 429 1875 1682
leaf_count=650 456 378 87 501 429 1875 1682
internal_value=1.05787e-05 -0.00972708 0.0303143 0.0180283 0.0530601 0 -0.0191228
internal_weight=6058 4585 1473 957 516 2253 2332
internal_count=6058 4585 1473 957 516 2253 2332
is_linear=0
shrinkage=0.01


Tree=140
num_leaves=8
num_cat=0
split_feature=17 22 4 22 90 17 89
split_gain=17561.9 5629.26 2907.25 2509.68 1978 1198.58 992.598
threshold=15.237356321839082 25.593103448275865 5.5000000000000009 11.142504508441752 -0.10283055866068873 4.9155172413793116 -0.098462296970539417
decision_type=2 2 2 2 2 2 2
left_child=3 2 -2 5 -3 -1 -5
right_child=1 4 -4 6 -6 -7 -8
leaf_value=-0.032583631311724155 0.035377896502131877 0.027387679398913126 0.0043358872998672214 -0.013950799796003175 0.063391016110164761 -0.015377604679618887 0.0033084503897960128
leaf_weight=517 409 268 1147 504 358 1874 981
leaf_count=517 409 268 1147 504 358 1874 981
internal_value=1.05912e-05 0.0227003 0.0125045 -0.0127638 0.0480124 -0.0191043 -0.00255162
internal_weight=6058 2182 1556 3876 626 2391 1485
internal_count=6058 2182 1556 3876 626 2391 1485
is_linear=0
shrinkage=0.01


Tree=141
num_leaves=8
num_cat=0
split_feature=17 17 36 12 29 29 17
split_gain=17276 5167.78 3422.08 5004.6 2551.07 2089.09 1687.91
threshold=23.559195402298855 12.607692307692309 82.847701149425305 0.25881904510252057 23.368518518518524 24.001830120549666 5.007747689601227
decision_type=2 2 2 2 2 2 2
left_child=1 6 4 -4 -2 -3 -1
right_child=2 5 3 -5 -6 -7 -8
leaf_value=-0.029512559105122266 0.13813877005804151 0.051466312314905414 -0.014664933525690772 0.081722207919284195 0.045834985512221094 0.0034265992334518865 -0.011459486232085099
leaf_weight=648 31 95 218 71 674 1740 2581
leaf_count=648 31 95 218 71 674 1740 2581
internal_value=1.05454e-05 -0.00747202 0.0381161 0.00911347 0.0499895 0.00592728 -0.0150866
internal_weight=6058 5064 994 289 705 1835 3229
internal_count=6058 5064 994 289 705 1835 3229
is_linear=0
shrinkage=0.01


Tree=142
num_leaves=8
num_cat=0
split_feature=17 22 36 4 17 35 89
split_gain=16933.1 5520.07 3354.01 6018.68 2486.69 2305.59 2296.49
threshold=23.559195402298855 13.305172413793105 82.847701149425305 5.5000000000000009 42.884579784128206 63.237356321839087 -0.1540858147595314
decision_type=2 2 2 2 2 2 2
left_child=1 5 4 -4 -2 -1 -3
right_child=2 6 3 -5 -6 -7 -8
leaf_value=0.0010878010638188044 0.043438147598422787 -0.013691076902207536 0.096824600587651993 -0.014625453992944445 0.10829289683557422 -0.019521666336618872 0.012879486901281788
leaf_weight=688 640 425 61 228 65 2570 1381
leaf_count=688 640 425 61 228 65 2570 1381
internal_value=1.06595e-05 -0.00739728 0.0377362 0.00902348 0.0494909 -0.0151699 0.00662439
internal_weight=6058 5064 994 289 705 3258 1806
internal_count=6058 5064 994 289 705 3258 1806
is_linear=0
shrinkage=0.01


Tree=143
num_leaves=8
num_cat=0
split_feature=69 89 4 4 18 4 4
split_gain=15253.6 5694.53 5182.5 4461.72 4270.57 3678.62 1234.02
threshold=15.676919618322517 -0.14120055844096666 5.5000000000000009 12.500000000000002 30.551190476190481 2.5000000000000004 13.500000000000002
decision_type=2 2 2 2 2 2 2
left_child=2 6 5 -4 -3 -1 -2
right_child=1 4 3 -5 -6 -7 -8
leaf_value=-0.010643223665129346 -0.019909837834084038 0.02337261602430566 -0.032890178632469069 -0.0080369149494246023 0.065078503568277213 0.027527477653621745 0.017010570394116291
leaf_weight=503 312 1258 1177 1870 305 506 127
leaf_count=503 312 1258 1177 1870 305 506 127
internal_value=1.07309e-05 0.0225935 -0.0111372 -0.0176413 0.0315295 0.00850253 -0.00922065
internal_weight=6058 2002 4056 3047 1563 1009 439
internal_count=6058 2002 4056 3047 1563 1009 439
is_linear=0
shrinkage=0.01


Tree=144
num_leaves=8
num_cat=0
split_feature=71 4 4 59 60 29 75
split_gain=14007.4 5444.54 6137.93 4546.74 3780.04 2364.87 1563.35
threshold=7.5258620689655187 5.5000000000000009 12.500000000000002 23.064123627516299 19.976229084754351 24.001830120549666 7.2540229885057483
decision_type=2 2 2 2 2 2 2
left_child=1 4 -3 5 -1 -2 -5
right_child=3 2 -4 6 -6 -7 -8
leaf_value=0.0012466265650941542 0.064556607175155517 -0.03301097378354878 -0.0049857232382126615 0.086350526463539218 0.049763217283872549 0.0096232275913970527 0.040979581252970465
leaf_weight=879 84 1272 2026 93 196 1086 422
leaf_count=879 84 1272 2026 93 196 1086 422
internal_value=1.06735e-05 -0.0094283 -0.0157983 0.024503 0.0101119 0.0135935 0.0492496
internal_weight=6058 4373 3298 1685 1075 1170 515
internal_count=6058 4373 3298 1685 1075 1170 515
is_linear=0
shrinkage=0.01


Tree=145
num_leaves=8
num_cat=0
split_feature=17 17 4 54 17 87 28
split_gain=16227.9 5514.64 2306.85 2162.05 1947.68 1436.97 1029.4
threshold=14.350407702475787 27.627011494252876 5.5000000000000009 242.65000000000001 6.9833333333333343 -3.6908045977011494 31.338095238095242
decision_type=2 2 2 2 2 2 2
left_child=4 2 -2 -3 6 -6 -1
right_child=1 3 -4 -5 5 -7 -8
leaf_value=-0.02617658579971939 0.029674639974045302 -0.014614581010094635 0.0039113258198036948 0.050805164766852359 -0.027581159358503325 -0.0044930905009660047 -0.00096056794568856766
leaf_weight=1169 480 55 1257 592 311 2006 188
leaf_count=1169 480 55 1257 592 311 2006 188
internal_value=1.07463e-05 0.0203265 0.0110375 0.0452362 -0.0131727 -0.00759759 -0.0226851
internal_weight=6058 2384 1737 647 3674 2317 1357
internal_count=6058 2384 1737 647 3674 2317 1357
is_linear=0
shrinkage=0.01


Tree=146
num_leaves=8
num_cat=0
split_feature=17 22 9 22 72 87 62
split_gain=15908.5 5229.6 2880.25 2321.26 1720.99 1046.08 963.871
threshold=15.237356321839082 25.593103448275865 1.0000000180025095e-35 10.209334032253059 49.727759249785585 0.50229885057471313 3.7768424913010734
decision_type=2 2 2 2 2 2 2
left_child=3 2 -2 5 -3 -1 -5
right_child=1 4 -4 6 -6 -7 -8
leaf_value=-0.023637768422169497 0.021248002019458131 0.0378169706370921 -0.007757030767673442 0.0015276626591366887 0.07986656019784541 -0.0085490177329194533 -0.014786507005313919
leaf_weight=1503 1048 505 508 1190 121 663 520
leaf_count=1503 1048 505 508 1190 121 663 520
internal_value=1.06451e-05 0.0216059 0.0117787 -0.0121475 0.0460028 -0.0190225 -0.00343595
internal_weight=6058 2182 1556 3876 626 2166 1710
internal_count=6058 2182 1556 3876 626 2166 1710
is_linear=0
shrinkage=0.01


Tree=147
num_leaves=8
num_cat=0
split_feature=22 87 57 87 71 71 11
split_gain=14131 4513.46 3786.35 2507.03 2121.07 2016.05 1056.24
threshold=18.525287356321844 1.1000000000000012 20.516858237547893 -3.6908045977011494 5.8982758620689664 6.3045977011494259 0.98296291314453421
decision_type=2 2 2 2 2 2 2
left_child=1 5 6 -4 -3 -1 -2
right_child=2 4 3 -5 -6 -7 -8
leaf_value=-0.020271140750667205 0.014097690993287839 -0.0017235815050925213 0.0066897240972912707 0.050460651681942033 0.026166037855251418 -0.002228107811062733 -0.024546137857968636
leaf_weight=2335 717 909 166 621 389 843 78
leaf_count=2335 717 909 166 621 389 843 78
internal_value=1.06085e-05 -0.00906938 0.025696 0.0412389 0.00664118 -0.0154863 0.0102925
internal_weight=6058 4476 1582 787 1298 3178 795
internal_count=6058 4476 1582 787 1298 3178 795
is_linear=0
shrinkage=0.01


Tree=148
num_leaves=8
num_cat=0
split_feature=69 89 4 4 60 4 4
split_gain=14080.5 5395.08 4923.12 4235.78 4083.72 3565.92 1195.76
threshold=15.676919618322517 -0.14120055844096666 5.5000000000000009 12.500000000000002 33.654509283819635 2.5000000000000004 13.500000000000002
decision_type=2 2 2 2 2 2 2
left_child=2 6 5 -4 -3 -1 -2
right_child=1 4 3 -5 -6 -7 -8
leaf_value=-0.010408462575302936 -0.019780592972552035 0.022138683759582976 -0.031897151663059453 -0.0076813919074682534 0.062057042623644088 0.027172969364900389 0.016563165763780183
leaf_weight=503 312 1240 1177 1870 323 506 127
leaf_count=503 312 1240 1177 1870 323 506 127
internal_value=1.05418e-05 0.0217075 -0.0107001 -0.0170394 0.0304055 0.00844175 -0.00925855
internal_weight=6058 2002 4056 3047 1563 1009 439
internal_count=6058 2002 4056 3047 1563 1009 439
is_linear=0
shrinkage=0.01


Tree=149
num_leaves=8
num_cat=0
split_feature=17 17 29 54 22 1 87
split_gain=15181.2 5170.92 2278.22 2075.87 2070.08 1234.73 760.714
threshold=14.350407702475787 27.627011494252876 24.001830120549666 242.65000000000001 8.5425287356321853 92.423563218390811 0.30000000000000032
decision_type=2 2 2 2 2 2 2
left_child=4 2 -2 -3 6 -6 -1
right_child=1 3 -4 -5 5 -7 -8
leaf_value=-0.025690651031698875 0.061633373491811812 -0.0148609853221758 0.0080894362861787337 0.049237998333229394 -0.0080408742750679458 0.022902571512809836 -0.011236835440371396
leaf_weight=1122 83 55 1654 592 1873 138 541
leaf_count=1122 83 55 1654 592 1873 138 541
internal_value=1.04835e-05 0.0196601 0.0106652 0.043781 -0.0127407 -0.00591204 -0.0209937
internal_weight=6058 2384 1737 647 3674 2011 1663
internal_count=6058 2384 1737 647 3674 2011 1663
is_linear=0
shrinkage=0.01


Tree=150
num_leaves=8
num_cat=0
split_feature=69 89 4 4 60 4 4
split_gain=13603.8 5249.79 4805.91 4139.39 3933.48 3487.38 1168.62
threshold=15.676919618322517 -0.14120055844096666 5.5000000000000009 12.500000000000002 33.654509283819635 3.5000000000000004 13.500000000000002
decision_type=2 2 2 2 2 2 2
left_child=2 6 5 -4 -3 -1 -2
right_child=1 4 3 -5 -6 -7 -8
leaf_value=-0.0048019541125739031 -0.019611162984544041 0.021803649642887266 -0.031468410790376287 -0.0075298004278426325 0.060980942209937848 0.034564375729051092 0.016317860050294914
leaf_weight=671 312 1240 1177 1870 323 338 127
leaf_count=671 312 1240 1177 1870 323 338 127
internal_value=1.04456e-05 0.021337 -0.0105173 -0.0167807 0.029917 0.00839527 -0.00920924
internal_weight=6058 2002 4056 3047 1563 1009 439
internal_count=6058 2002 4056 3047 1563 1009 439
is_linear=0
shrinkage=0.01


Tree=151
num_leaves=8
num_cat=0
split_feature=69 4 87 4 4 36 64
split_gain=13333.2 4710.35 4368.06 4057.05 3435.44 3394.97 1835.52
threshold=15.676919618322517 5.5000000000000009 4.1597701149425292 12.500000000000002 2.5000000000000004 83.01666666666668 43.345238095238102
decision_type=2 2 2 2 2 2 2
left_child=1 4 5 -3 -1 -2 -4
right_child=2 3 6 -5 -6 -7 -8
leaf_value=-0.010190677431971575 0.023400380564979176 -0.031153860328816303 0.046812540342180353 -0.0074545225720898424 0.026696798775757657 -0.0087552186882129679 0.11850336484628565
leaf_weight=503 1282 1177 237 1870 506 441 42
leaf_count=503 1282 1177 237 1870 506 441 42
internal_value=1.03983e-05 -0.0104122 0.0211238 -0.0166129 0.00831146 0.0151697 0.0577992
internal_weight=6058 4056 2002 3047 1009 1723 279
internal_count=6058 4056 2002 3047 1009 1723 279
is_linear=0
shrinkage=0.01


Tree=152
num_leaves=8
num_cat=0
split_feature=22 90 88 22 22 22 35
split_gain=13093.6 4275.79 3915.36 2148.34 1906.52 1813.41 1800.94
threshold=18.525287356321844 -0.098818879330388285 3.678735632183908 8.7100000000000026 30.491379310344829 36.276854925394737 66.830459770114956
decision_type=2 2 2 2 2 2 2
left_child=2 5 6 -4 -3 -2 -1
right_child=1 4 3 -5 -6 -7 -8
leaf_value=-0.0024973643920784944 0.0015850939536957457 0.03222157568230765 -0.0083306507647735346 0.018465852293287077 0.068183498248795729 0.041259317512420346 -0.019053250193882112
leaf_weight=912 662 583 536 676 198 139 2352
leaf_count=912 662 583 536 676 198 139 2352
internal_value=1.04237e-05 0.0247349 -0.00872989 0.00661629 0.0413771 0.00849195 -0.0144286
internal_weight=6058 1582 4476 1212 781 801 3264
internal_count=6058 1582 4476 1212 781 801 3264
is_linear=0
shrinkage=0.01


Tree=153
num_leaves=8
num_cat=0
split_feature=17 17 29 29 89 23 1
split_gain=14279.9 4835.26 2216.95 2047.19 1923.08 1424.4 746.987
threshold=14.350407702475787 27.627011494252876 24.001830120549666 24.001830120549666 -0.06051608971061772 20.550000000000004 85.65000000000002
decision_type=2 2 2 2 2 2 2
left_child=4 2 -2 -3 6 -6 -1
right_child=1 3 -4 -5 5 -7 -8
leaf_value=-0.023851579172968502 0.06064777239942979 0.11424019459406536 0.0078288738056963864 0.037943988930732989 -0.0090079876107603107 0.015913379590613293 -0.0079912315949720522
leaf_weight=1298 83 37 1654 610 1726 264 386
leaf_count=1298 83 37 1654 610 1726 264 386
internal_value=1.04291e-05 0.0190678 0.0103698 0.0423928 -0.0123564 -0.00569842 -0.0202199
internal_weight=6058 2384 1737 647 3674 1990 1684
internal_count=6058 2384 1737 647 3674 1990 1684
is_linear=0
shrinkage=0.01


Tree=154
num_leaves=8
num_cat=0
split_feature=69 89 4 4 29 4 4
split_gain=12706.3 5015.9 4596.17 3947.62 3915.65 3349.18 1092.83
threshold=15.676919618322517 -0.1540858147595314 5.5000000000000009 12.500000000000002 23.001575694093908 2.5000000000000004 13.500000000000002
decision_type=2 2 2 2 2 2 2
left_child=2 6 5 -4 -3 -1 -2
right_child=1 4 3 -5 -6 -7 -8
leaf_value=-0.0099372595931295129 -0.020666502250242639 0.12573237571009885 -0.03063270573600407 -0.0072552227914329361 0.026077450390458487 0.026484202115837879 0.016169707777543306
leaf_weight=503 297 40 1177 1870 1555 506 110
leaf_count=503 297 40 1177 1870 1555 506 110
internal_value=1.04872e-05 0.0206215 -0.0101641 -0.0162892 0.0286156 0.00833119 -0.0107019
internal_weight=6058 2002 4056 3047 1595 1009 407
internal_count=6058 2002 4056 3047 1595 1009 407
is_linear=0
shrinkage=0.01


Tree=155
num_leaves=8
num_cat=0
split_feature=93 72 4 29 35 4 12
split_gain=11216.5 5523.79 3152.97 3115.38 1436.38 2003.56 997.749
threshold=1.0000000180025095e-35 38.694827586206905 5.5000000000000009 23.001575694093908 65.629084967320281 5.5000000000000009 -0.78656609248549325
decision_type=2 2 2 2 2 2 2
left_child=4 2 -2 -3 6 -6 -1
right_child=1 3 -4 -5 5 -7 -8
leaf_value=-0.015308823673398857 0.024852006597182962 0.13224458361807323 -0.0026496687233080441 0.030908198556161733 -0.0026321596009364636 -0.023357316907693548 0.0077954654589148503
leaf_weight=316 573 31 1526 869 653 1634 456
leaf_count=316 573 31 1526 869 653 1634 456
internal_value=1.04854e-05 0.0137519 0.00486183 0.0344707 -0.0134613 -0.0174418 -0.00166487
internal_weight=6058 2999 2099 900 3059 2287 772
internal_count=6058 2999 2099 900 3059 2287 772
is_linear=0
shrinkage=0.01


Tree=156
num_leaves=8
num_cat=0
split_feature=17 89 72 17 29 12 11
split_gain=13660.8 3612.83 3596.49 3241.42 1889.47 719.079 713.035
threshold=19.116666666666671 -0.14405436369762994 42.884579784128206 8.1017241379310363 24.841666666666669 -0.12940952255126037 -0.78656609248549292
decision_type=2 2 2 2 2 2 2
left_child=3 5 -3 6 -5 -2 -1
right_child=1 2 -4 4 -6 -7 -8
leaf_value=-0.0042005943453668551 -0.032933052839071324 0.021502305774133475 0.057982253027497335 0.031885845617292977 -0.0038618194223935505 0.0055942360389726773 -0.021907443475155244
leaf_weight=269 97 892 388 156 2677 96 1483
leaf_count=269 97 892 388 156 2677 96 1483
internal_value=1.05051e-05 0.026499 0.032579 -0.00850118 -0.00188791 -0.0138017 -0.019191
internal_weight=6058 1473 1280 4585 2833 193 1752
internal_count=6058 1473 1280 4585 2833 193 1752
is_linear=0
shrinkage=0.01


Tree=157
num_leaves=8
num_cat=0
split_feature=71 4 4 89 60 18 4
split_gain=11484.1 4757.85 5470.36 3748.84 3363.79 3295.87 590.043
threshold=7.5258620689655187 5.5000000000000009 12.500000000000002 -0.098462296970539417 19.976229084754351 30.551190476190481 12.500000000000002
decision_type=2 2 2 2 2 2 2
left_child=1 4 -3 6 -1 -5 -2
right_child=3 2 -4 5 -6 -7 -8
leaf_value=0.0013671000253106297 -0.011701240920284395 -0.030740642353049196 -0.0042834109619118285 0.022846682309010508 0.047134686268088775 0.063792280304224611 0.014379937564071854
leaf_weight=879 291 1272 2026 1028 196 243 123
leaf_count=879 291 1272 2026 1028 196 243 123
internal_value=1.04439e-05 -0.00853618 -0.0144909 0.0221873 0.0097302 0.0306974 -0.00394328
internal_weight=6058 4373 3298 1685 1075 1271 414
internal_count=6058 4373 3298 1685 1075 1271 414
is_linear=0
shrinkage=0.01


Tree=158
num_leaves=8
num_cat=0
split_feature=69 89 4 4 29 4 4
split_gain=11926.6 4755.1 4357.64 3754.57 3624.48 3282.24 1134.4
threshold=15.676919618322517 -0.1127423201011447 5.5000000000000009 12.500000000000002 23.001575694093908 3.5000000000000004 13.500000000000002
decision_type=2 2 2 2 2 2 2
left_child=2 6 5 -4 -3 -1 -2
right_child=1 4 3 -5 -6 -7 -8
leaf_value=-0.0046412779341825604 -0.015225624494998655 0.12365004858185973 -0.029799462970315958 -0.007000794062819741 0.026497744520030096 0.033549659867893405 0.017748268223757562
leaf_weight=671 375 39 1177 1870 1444 338 144
leaf_count=671 375 39 1177 1870 1444 338 144
internal_value=1.04251e-05 0.0199791 -0.00984701 -0.0158111 0.0290938 0.0081619 -0.00606756
internal_weight=6058 2002 4056 3047 1483 1009 519
internal_count=6058 2002 4056 3047 1483 1009 519
is_linear=0
shrinkage=0.01


Tree=159
num_leaves=7
num_cat=0
split_feature=69 29 4 4 4 69
split_gain=11689.5 4280.31 4271 3679.88 3224.78 3137.07
threshold=15.676919618322517 23.001575694093908 5.5000000000000009 12.500000000000002 2.5000000000000004 26.746282992762879
decision_type=2 2 2 2 2 2
left_child=2 -2 4 -4 -1 -3
right_child=1 5 3 -5 -6 -7
leaf_value=-0.0098454716837675475 0.12155947951917295 0.011307401254675638 -0.029501594873802089 -0.0069308048892986309 0.025893152450715162 0.042803420973878271
leaf_weight=503 40 1566 1177 1870 506 396
leaf_count=503 40 1566 1177 1870 506 396
internal_value=1.04395e-05 0.0197797 -0.00974855 -0.0156531 0.00808042 0.0176739
internal_weight=6058 2002 4056 3047 1009 1962
internal_count=6058 2002 4056 3047 1009 1962
is_linear=0
shrinkage=0.01


Tree=160
num_leaves=7
num_cat=0
split_feature=17 29 87 17 35 36
split_gain=12917.1 3623.67 2935.08 2809.66 2048.73 768.768
threshold=18.237356321839084 23.001575694093908 -5.0695402298850567 8.1017241379310363 59.783333333333339 58.712068965517254
decision_type=2 2 2 2 2 2
left_child=3 -2 -3 5 -5 -1
right_child=1 2 -4 4 -6 -7
leaf_value=0.0076480922583116312 0.12405473143617872 -0.014560267252450123 0.026913038988973348 0.01677050498226014 -0.0063880504732176649 -0.020349826617854512
leaf_weight=104 35 194 1399 461 2217 1648
leaf_count=104 35 194 1399 461 2217 1648
internal_value=1.04633e-05 0.0240938 0.021859 -0.00884164 -0.00239889 -0.0186859
internal_weight=6058 1628 1593 4430 2678 1752
internal_count=6058 1628 1593 4430 2678 1752
is_linear=0
shrinkage=0.01


Tree=161
num_leaves=8
num_cat=0
split_feature=22 69 4 1 35 4 91
split_gain=11578.1 4262.55 2587.2 2250.82 1892.95 2409.73 939.615
threshold=13.305172413793105 28.302128227839706 5.5000000000000009 85.406896551724159 63.237356321839087 6.5000000000000009 54.338196286472154
decision_type=2 2 2 2 2 2 2
left_child=4 2 -2 -3 6 -6 -1
right_child=1 3 -4 -5 5 -7 -8
leaf_value=0.0096804312730860969 0.026345355114444979 0.037269109322381283 0.003676385794084313 0.10672785936447636 -0.00045638150879939948 -0.021784707973425049 -0.015782225221175818
leaf_weight=503 736 276 1592 56 725 1967 203
leaf_count=503 736 276 1592 56 725 1967 203
internal_value=1.04692e-05 0.0156341 0.0108475 0.0491294 -0.0122203 -0.016042 0.00235232
internal_weight=6058 2660 2328 332 3398 2692 706
internal_count=6058 2660 2328 332 3398 2692 706
is_linear=0
shrinkage=0.01


Tree=162
num_leaves=8
num_cat=0
split_feature=17 22 36 1 29 35 90
split_gain=12543.6 4178.72 2897.57 2937.16 2193.93 1943.45 1873.09
threshold=23.559195402298855 13.305172413793105 82.847701149425305 90.550000000000011 23.368518518518524 63.237356321839087 0.021214048131481093
decision_type=2 2 2 2 2 2 2
left_child=1 5 4 -4 -2 -1 -3
right_child=2 6 3 -5 -6 -7 -8
leaf_value=0.0017977791428998838 0.12512956193893676 -6.0552983574526559e-05 -0.01292266748243999 0.059917203771087946 0.039555889458159431 -0.017123474794267329 0.023422450380952253
leaf_weight=688 31 1353 215 74 674 2570 453
leaf_count=688 31 1353 215 74 674 2570 453
internal_value=1.04856e-05 -0.00636539 0.0324802 0.00579792 0.0434054 -0.013128 0.00583428
internal_weight=6058 5064 994 289 705 3258 1806
internal_count=6058 5064 994 289 705 3258 1806
is_linear=0
shrinkage=0.01


Tree=163
num_leaves=8
num_cat=0
split_feature=17 17 29 12 89 17 1
split_gain=12345.1 4312.61 2646.59 1787.5 1751.55 1333.61 686.567
threshold=14.350407702475787 32.67816091954024 24.001830120549666 -0.12940952255126037 -0.06051608971061772 5.007747689601227 85.65000000000002
decision_type=2 2 2 2 2 2 2
left_child=4 2 -2 -3 6 -6 -1
right_child=1 3 -4 -5 5 -7 -8
leaf_value=-0.022474220349564204 0.0636316806901812 0.010176817222983539 0.0097050187006839633 0.063593002622363448 -0.025344171914864672 -0.0018179422165728609 -0.0072696221604615563
leaf_weight=1298 95 83 1948 258 280 1710 386
leaf_count=1298 95 83 1948 258 280 1710 386
internal_value=1.05629e-05 0.01773 0.0122278 0.0506268 -0.011488 -0.00513395 -0.0189926
internal_weight=6058 2384 2043 341 3674 1990 1684
internal_count=6058 2384 2043 341 3674 1990 1684
is_linear=0
shrinkage=0.01


Tree=164
num_leaves=8
num_cat=0
split_feature=22 87 90 69 72 22 71
split_gain=11083.9 3852.66 3743.19 2060.11 1705.53 1618.03 1594.4
threshold=18.525287356321844 1.1000000000000012 -0.098818879330388285 10.207396764580674 50.385662431941931 36.276854925394737 6.3045977011494259
decision_type=2 2 2 2 2 2 2
left_child=1 6 5 -3 -4 -2 -1
right_child=2 3 4 -5 -6 -7 -8
leaf_value=-0.018214887634798862 0.0010373045175677202 -0.0091446870078868946 0.03364542439337545 0.016631408628156735 0.085326620680220594 0.038512971805976071 -0.0021690284306350176
leaf_weight=2335 662 511 711 787 70 139 843
leaf_count=2335 662 511 711 787 70 139 843
internal_value=1.05309e-05 -0.0080311 0.0227586 0.00648381 0.0383298 0.00756117 -0.0139597
internal_weight=6058 4476 1582 1298 781 801 3178
internal_count=6058 4476 1582 1298 781 801 3178
is_linear=0
shrinkage=0.01


Tree=165
num_leaves=8
num_cat=0
split_feature=69 89 4 4 29 4 4
split_gain=10703.5 4448.84 4088.03 3529.67 3442.88 3114.66 1014.12
threshold=15.676919618322517 -0.1540858147595314 5.5000000000000009 12.500000000000002 23.001575694093908 2.5000000000000004 13.500000000000002
decision_type=2 2 2 2 2 2 2
left_child=2 6 5 -4 -3 -1 -2
right_child=1 4 3 -5 -6 -7 -8
leaf_value=-0.0095021906718870675 -0.020170549657064326 0.11752060079574586 -0.028667339086685121 -0.0065621177555681524 0.024076408834959706 0.025620965412414293 0.015314605931620791
leaf_weight=503 297 40 1177 1870 1555 506 110
leaf_count=503 297 40 1177 1870 1555 506 110
internal_value=1.05466e-05 0.0189276 -0.00932776 -0.0151044 0.0264562 0.00811507 -0.0105717
internal_weight=6058 2002 4056 3047 1595 1009 407
internal_count=6058 2002 4056 3047 1595 1009 407
is_linear=0
shrinkage=0.01


Tree=166
num_leaves=7
num_cat=0
split_feature=17 17 29 12 41 27
split_gain=11770 3720.12 2692.86 2750.25 2258.31 855.851
threshold=23.559195402298855 8.8783088476650871 23.983333333333338 -0.12940952255126037 26.098077889206852 33.208711433756811
decision_type=2 2 2 2 2 2
left_child=1 5 -2 -4 -3 -1
right_child=2 4 3 -5 -6 -7
leaf_value=-0.019100843330499825 0.11583233341288893 0.0054280892329344353 0.0034900311682901997 0.039833507438455047 -0.015545799994183396 9.9889338584007516e-05
leaf_weight=1775 36 2367 306 652 655 267
leaf_count=1775 36 2367 306 652 655 267
internal_value=1.05374e-05 -0.00616558 0.031463 0.0282332 0.000880142 -0.0165906
internal_weight=6058 5064 994 958 3022 2042
internal_count=6058 5064 994 958 3022 2042
is_linear=0
shrinkage=0.01


Tree=167
num_leaves=8
num_cat=0
split_feature=17 17 35 17 12 35 28
split_gain=11583.2 3817.8 2245.38 1803.17 1726.76 1586.71 618.367
threshold=15.237356321839082 32.67816091954024 59.559195402298862 5.5764367816091962 -0.12940952255126037 65.629084967320281 31.338095238095242
decision_type=2 2 2 2 2 2 2
left_child=3 2 -2 6 -3 -5 -1
right_child=1 4 -4 5 -6 -7 -8
leaf_value=-0.026475254988143126 0.036176642308977776 0.0093976348411894135 0.0075313183349880021 0.0055797198772096126 0.061893937418147263 -0.011003283665016596 0.00012958564021479544
leaf_weight=740 334 83 1507 774 258 2263 99
leaf_count=740 334 83 1507 774 258 2263 99
internal_value=1.0541e-05 0.0184377 0.0127369 -0.010364 0.0491502 -0.00677661 -0.0233371
internal_weight=6058 2182 1841 3876 341 3037 839
internal_count=6058 2182 1841 3876 341 3037 839
is_linear=0
shrinkage=0.01


Tree=168
num_leaves=8
num_cat=0
split_feature=22 87 90 69 68 22 11
split_gain=10457.4 3675.8 3545.6 1967.87 1755.97 1549.97 1347.57
threshold=18.525287356321844 1.1000000000000012 -0.098818879330388285 10.207396764580674 50.385662431941931 36.276854925394737 -0.37940952255126065
decision_type=2 2 2 2 2 2 2
left_child=1 6 5 -3 -4 -2 -1
right_child=2 3 4 -5 -6 -7 -8
leaf_value=-0.0045185324685459499 0.0009303133213407589 -0.0088973388276531746 0.033006210647740626 0.016295083760207611 0.090538396453857431 0.037609187778819851 -0.018266132682927854
leaf_weight=1081 662 511 724 787 57 139 2097
leaf_count=1081 662 511 724 787 57 139 2097
internal_value=1.05068e-05 -0.00780054 0.0221063 0.00637727 0.037261 0.00731543 -0.0135915
internal_weight=6058 4476 1582 1298 781 801 3178
internal_count=6058 4476 1582 1298 781 801 3178
is_linear=0
shrinkage=0.01


Tree=169
num_leaves=8
num_cat=0
split_feature=22 89 68 88 89 28 22
split_gain=10250.8 4400.1 4048.53 1921.71 1255.09 724.104 514.711
threshold=13.305172413793105 -0.15069707568250271 34.123152709359616 1.8666666666666667 -0.17640373887553054 31.452052545155997 35.001843344913212
decision_type=2 2 2 2 2 2 2
left_child=3 6 -3 5 -5 -1 -2
right_child=1 2 -4 4 -6 -7 -8
leaf_value=-0.020439765860256191 -0.014550506015889909 0.01221956893213858 0.042502150336146668 -0.023708349711879219 0.0017964931269311762 -0.0043437624886925336 0.02722482807957937
leaf_weight=1673 471 1539 619 231 1158 336 31
leaf_count=1673 471 1539 619 231 1158 336 31
internal_value=1.05236e-05 0.0147114 0.0209139 -0.0114978 -0.00245178 -0.0177498 -0.0119452
internal_weight=6058 2660 2158 3398 1389 2009 502
internal_count=6058 2660 2158 3398 1389 2009 502
is_linear=0
shrinkage=0.01


Tree=170
num_leaves=8
num_cat=0
split_feature=17 17 4 12 17 62 28
split_gain=11027.2 3873.17 2332.06 1686.15 1576.2 1352.12 621.803
threshold=14.350407702475787 32.67816091954024 5.5000000000000009 -0.12940952255126037 5.007747689601227 3.7579627651401406 32.237356321839087
decision_type=2 2 2 2 2 2 2
left_child=4 2 -2 -3 6 -6 -1
right_child=1 3 -4 -5 5 -7 -8
leaf_value=-0.027312580723785309 0.028920278732664055 0.0086552635077052492 0.0049732830515754438 0.060525859494936773 -0.0035337212482024817 -0.018241777443849264 0.016417438183465732
leaf_weight=614 560 83 1483 258 2144 882 34
leaf_count=614 560 83 1483 258 2144 882 34
internal_value=1.04346e-05 0.0167573 0.011543 0.0479331 -0.010857 -0.00782321 -0.0250064
internal_weight=6058 2384 2043 341 3674 3026 648
internal_count=6058 2384 2043 341 3674 3026 648
is_linear=0
shrinkage=0.01


Tree=171
num_leaves=8
num_cat=0
split_feature=17 22 71 35 90 4 12
split_gain=10832.2 3681.94 2563.4 1797.34 1738.02 1625.78 1504.83
threshold=23.559195402298855 13.305172413793105 5.4408045977011499 63.237356321839087 0.021214048131481093 5.5000000000000009 -0.12940952255126037
decision_type=2 2 2 2 2 2 2
left_child=1 3 5 -1 -3 -2 -4
right_child=2 4 6 -5 -6 -7 -8
leaf_value=0.0020909772836804437 0.04815683581800688 -0.00014132067815646307 0.018314866986312347 -0.016104867624727248 0.022479138111931817 -0.015757432799933527 0.048180661238073449
leaf_weight=688 52 1353 249 2570 453 164 529
leaf_count=688 52 1353 249 2570 453 164 529
internal_value=1.03892e-05 -0.00591458 0.0301839 -0.0122625 0.00553696 -0.000292674 0.0386406
internal_weight=6058 5064 994 3258 1806 216 778
internal_count=6058 5064 994 3258 1806 216 778
is_linear=0
shrinkage=0.01


Tree=172
num_leaves=8
num_cat=0
split_feature=17 22 35 90 89 22 37
split_gain=10636 3934.21 2359.93 1633.83 1624.98 1296.91 511.207
threshold=14.350407702475787 25.593103448275865 56.457471264367825 -0.10283055866068873 -0.26267328181711735 10.209334032253059 64.305172413793116
decision_type=2 2 2 2 2 2 2
left_child=4 2 -2 -3 6 -6 -1
right_child=1 3 -4 -5 5 -7 -8
leaf_value=-0.0054292288512078138 0.041073228582760947 0.019623732862672258 0.0044353554833786793 0.05168809715531323 -0.013373036847523327 -0.0002203403251264911 -0.029475424462340884
leaf_weight=107 198 286 1540 360 1723 1327 517
leaf_count=107 198 286 1540 360 1723 1327 517
internal_value=1.03746e-05 0.0164575 0.00862019 0.0375193 -0.0106626 -0.00765167 -0.0253606
internal_weight=6058 2384 1738 646 3674 3050 624
internal_count=6058 2384 1738 646 3674 3050 624
is_linear=0
shrinkage=0.01


Tree=173
num_leaves=8
num_cat=0
split_feature=22 87 90 69 29 22 71
split_gain=9647.46 3462.54 3298.6 1869.63 1706.47 1470.3 1423.25
threshold=18.525287356321844 1.1000000000000012 -0.098818879330388285 10.207396764580674 23.983333333333338 36.276854925394737 6.3045977011494259
decision_type=2 2 2 2 2 2 2
left_child=1 6 5 -3 -4 -2 -1
right_child=2 3 4 -5 -6 -7 -8
leaf_value=-0.017132877887905084 0.000748127950401801 -0.008620262206832402 0.10370158017437224 0.015935298618435387 0.03259912314603064 0.036471801160764629 -0.0019727175791130116
leaf_weight=2335 662 511 35 787 746 139 843
leaf_count=2335 662 511 35 787 746 139 843
internal_value=1.03264e-05 -0.00749213 0.0212332 0.00626822 0.0358505 0.00696688 -0.0131126
internal_weight=6058 4476 1582 1298 781 801 3178
internal_count=6058 4476 1582 1298 781 801 3178
is_linear=0
shrinkage=0.01


Tree=174
num_leaves=8
num_cat=0
split_feature=22 90 88 22 68 22 34
split_gain=9455.85 3233.1 3001.49 1725.28 1679.89 1441.15 1256.59
threshold=18.525287356321844 -0.098818879330388285 3.678735632183908 8.7100000000000026 50.385662431941931 36.276854925394737 67.300980392156873
decision_type=2 2 2 2 2 2 2
left_child=2 5 6 -4 -3 -2 -1
right_child=1 4 3 -5 -6 -7 -8
leaf_value=-0.003054663230174125 0.00074065215860054183 0.031332298666647558 -0.0073755424256329765 0.016638009427442972 0.087598539462685587 0.036108390348599591 -0.016523834950959937
leaf_weight=998 662 724 536 676 57 139 2266
leaf_count=998 662 724 536 676 57 139 2266
internal_value=1.03575e-05 0.0210215 -0.00741723 0.00601908 0.0354929 0.00689745 -0.0124068
internal_weight=6058 1582 4476 1212 781 801 3264
internal_count=6058 1582 4476 1212 781 801 3264
is_linear=0
shrinkage=0.01


Tree=175
num_leaves=8
num_cat=0
split_feature=69 89 4 4 4 69 4
split_gain=9221.22 4012.78 3936.78 3358.18 2978.07 2725.09 1033.84
threshold=15.676919618322517 -0.1127423201011447 5.5000000000000009 11.500000000000002 2.5000000000000004 31.613209703327048 13.500000000000002
decision_type=2 2 2 2 2 2 2
left_child=2 6 4 -4 -1 -3 -2
right_child=1 5 3 -5 -6 -7 -8
leaf_value=-0.0087672867706191631 -0.015100195712855114 0.021194286264270005 -0.029264081978013105 -0.006946656094627815 0.02557731097060378 0.064736611007098641 0.016378601823556379
leaf_weight=503 375 1322 1007 2040 506 161 144
leaf_count=503 375 1322 1007 2040 506 161 144
internal_value=1.03748e-05 0.0175688 -0.00865725 -0.0143261 0.00845971 0.025942 -0.00635787
internal_weight=6058 2002 4056 3047 1009 1483 519
internal_count=6058 2002 4056 3047 1009 1483 519
is_linear=0
shrinkage=0.01


Tree=176
num_leaves=8
num_cat=0
split_feature=69 89 29 1 89 38 12
split_gain=9037.89 3932.99 3134.55 2926.42 1853.13 1042 745.336
threshold=15.676919618322517 -0.1127423201011447 23.001575694093908 93.576436781609218 -0.06051608971061772 93.660919540229898 -0.3794095225512602
decision_type=2 2 2 2 2 2 2
left_child=3 6 -3 4 -1 -5 -2
right_child=1 2 -4 5 -6 -7 -8
leaf_value=-0.018781372075840255 -0.018011817513815989 0.11361185084717183 0.023269175330218213 0.015806842121919851 -0.0046968730467879293 0.069332787381503919 0.0059401274182941674
leaf_weight=1578 265 39 1444 139 2290 49 254
leaf_count=1578 265 39 1444 139 2290 49 254
internal_value=1.03261e-05 0.0173933 0.0256828 -0.0085707 -0.0104446 0.0299073 -0.00629427
internal_weight=6058 2002 1483 4056 3868 188 519
internal_count=6058 2002 1483 4056 3868 188 519
is_linear=0
shrinkage=0.01


Tree=177
num_leaves=8
num_cat=0
split_feature=22 90 22 88 22 22 11
split_gain=9036.14 3891.22 2958.53 1749.64 1643.35 1097.1 687.426
threshold=13.305172413793105 -0.10283055866068873 25.944353457436108 1.8666666666666667 36.276854925394737 8.0339080459770127 -0.37940952255126065
decision_type=2 2 2 2 2 2 2
left_child=3 4 -3 6 -2 -5 -1
right_child=1 2 -4 5 -6 -7 -8
leaf_value=-0.0088891023534745893 -0.0025113332217645383 0.016827104462260954 0.050348845465236762 -0.010702016989591574 0.034057138591246171 0.00708017701072137 -0.021113162525565547
leaf_weight=716 1156 1011 356 722 137 667 1293
leaf_count=716 1156 1011 356 722 137 667 1293
internal_value=1.03776e-05 0.0138128 0.0255726 -0.0107946 0.00137456 -0.00216314 -0.0167601
internal_weight=6058 2660 1367 3398 1293 1389 2009
internal_count=6058 2660 1367 3398 1293 1389 2009
is_linear=0
shrinkage=0.01


Tree=178
num_leaves=8
num_cat=0
split_feature=17 22 36 29 30 29 35
split_gain=9681.63 3283.62 2611.59 1978.18 1945.11 1751.53 1689.41
threshold=23.559195402298855 13.305172413793105 82.847701149425305 23.368518518518524 27.201461988304096 24.001830120549666 63.237356321839087
decision_type=2 2 2 2 2 2 2
left_child=1 6 3 -2 -4 -3 -1
right_child=2 5 4 -5 -6 -7 -8
leaf_value=0.0023297881279871159 0.1164934591868567 0.049132436267213322 0.031052697350544559 0.035255306833044654 -0.020880731771631206 0.0030138522595647842 -0.015311093417650816
leaf_weight=688 31 86 134 674 155 1720 2570
leaf_count=688 31 86 134 674 155 1720 2570
internal_value=1.03267e-05 -0.00559114 0.0285363 0.0389082 0.00320944 0.00522324 -0.0115859
internal_weight=6058 5064 994 705 289 1806 3258
internal_count=6058 5064 994 705 289 1806 3258
is_linear=0
shrinkage=0.01


Tree=179
num_leaves=8
num_cat=0
split_feature=17 22 46 89 90 17 28
split_gain=9512.55 3558.8 2279.33 1526.01 1489.7 1246.79 477.945
threshold=14.350407702475787 25.593103448275865 26.071519795657732 -0.26267328181711735 -0.10283055866068873 5.007747689601227 30.135796387520529
decision_type=2 2 2 2 2 2 2
left_child=3 2 -2 6 -3 -5 -1
right_child=1 4 -4 5 -6 -7 -8
leaf_value=-0.028594229651188591 0.013592458159387238 0.018508903438066108 -0.015795391834032464 -0.021915195690782579 0.049125646404146989 -0.0043930796480854389 -0.0063532682753079175
leaf_weight=504 1414 286 324 482 360 2568 120
leaf_count=504 1414 286 324 482 360 2568 120
internal_value=1.03919e-05 0.0155647 0.00811069 -0.0100832 0.0355964 -0.00716545 -0.0243264
internal_weight=6058 2384 1738 3674 646 3050 624
internal_count=6058 2384 1738 3674 646 3050 624
is_linear=0
shrinkage=0.01


Tree=180
num_leaves=8
num_cat=0
split_feature=22 90 88 22 72 35 72
split_gain=8590 2982.59 2795.21 1605.61 1491.49 1399.14 1341.62
threshold=18.525287356321844 -0.098818879330388285 3.678735632183908 8.7100000000000026 50.385662431941931 66.830459770114956 29.584770114942533
decision_type=2 2 2 2 2 2 2
left_child=2 6 5 -4 -3 -1 -2
right_child=1 4 3 -5 -6 -7 -8
leaf_value=-0.0013682021733097836 -0.013837773567359275 0.029557314334588108 -0.0070244811750038803 0.016141305142700749 0.077876132850951352 -0.015960319356744621 0.014706679545813074
leaf_weight=912 231 711 536 676 70 2352 570
leaf_count=912 231 711 536 676 70 2352 570
internal_value=1.0289e-05 0.0200363 -0.00706907 0.00589729 0.0339358 -0.0118841 0.00647064
internal_weight=6058 1582 4476 1212 781 3264 801
internal_count=6058 1582 4476 1212 781 3264 801
is_linear=0
shrinkage=0.01


Tree=181
num_leaves=8
num_cat=0
split_feature=22 89 29 35 4 91 47
split_gain=8446.54 3938.84 3380.03 1573.14 2043.1 877.99 474.388
threshold=13.305172413793105 -0.15069707568250271 23.001575694093908 60.690981432360751 6.5000000000000009 54.338196286472154 26.440804597701153
decision_type=2 2 2 2 2 2 2
left_child=3 6 -3 5 -5 -1 -2
right_child=1 2 -4 4 -6 -7 -8
leaf_value=0.012738451863663354 -0.0072694099341606309 0.10754280240675983 0.017444997647969491 0.00095489248998478532 -0.018506055733537721 -0.014227548612999743 -0.032465388009538416
leaf_weight=402 411 42 2116 726 2098 172 91
leaf_count=402 411 42 2116 726 2098 172 91
internal_value=1.02678e-05 0.0133548 0.0192233 -0.0104363 -0.0135035 0.00465183 -0.0118656
internal_weight=6058 2660 2158 3398 2824 574 502
internal_count=6058 2660 2158 3398 2824 574 502
is_linear=0
shrinkage=0.01


Tree=182
num_leaves=7
num_cat=0
split_feature=17 22 29 4 29 35
split_gain=9084.64 3060.17 2426.27 2646.62 1689.17 1603.44
threshold=23.559195402298855 13.305172413793105 23.983333333333338 5.5000000000000009 24.001830120549666 63.237356321839087
decision_type=2 2 2 2 2 2
left_child=1 5 -2 -4 -3 -1
right_child=2 4 3 -5 -6 -7
leaf_value=0.0023539447516675348 0.10771757149043149 0.048144568399197792 0.049657519117118715 0.013553176534842122 0.0028544548012747108 -0.014832165730279736
leaf_weight=688 36 86 292 666 1720 2570
leaf_count=688 36 86 292 666 1720 2570
internal_value=1.02189e-05 -0.0054158 0.0276427 0.0245785 0.00502413 -0.011203
internal_weight=6058 5064 994 958 1806 3258
internal_count=6058 5064 994 958 1806 3258
is_linear=0
shrinkage=0.01


Tree=183
num_leaves=8
num_cat=0
split_feature=69 89 29 1 71 36 67
split_gain=8136.91 4154.67 2903.99 2363.03 1868.56 1145.31 1091.72
threshold=14.919057776444911 -0.096264586504312563 23.001575694093908 93.576436781609218 3.7459770114942534 84.01666666666668 4.5252873563218401
decision_type=2 2 2 2 2 2 2
left_child=3 5 -3 4 -1 -2 -5
right_child=1 2 -4 6 -6 -7 -8
leaf_value=-0.018164441578328493 0.0037837927553604719 0.10735932797855802 0.021546744569425444 0.0061149224314785691 -0.0038121161262460778 -0.02395733022009618 0.05660813977964993
leaf_weight=1723 404 40 1563 105 1916 235 72
leaf_count=1723 404 40 1563 105 1916 235 72
internal_value=1.02929e-05 0.0151284 0.0237212 -0.00887269 -0.0106094 -0.00642831 0.026759
internal_weight=6058 2242 1603 3816 3639 639 177
internal_count=6058 2242 1603 3816 3639 639 177
is_linear=0
shrinkage=0.01


Tree=184
num_leaves=8
num_cat=0
split_feature=17 36 4 72 17 4 36
split_gain=8813.62 3140.34 8568.31 2330.96 2277.72 1821.56 674.286
threshold=19.116666666666671 82.33908045977013 5.5000000000000009 50.385662431941931 8.1017241379310363 5.5000000000000009 58.712068965517254
decision_type=2 2 2 2 2 2 2
left_child=4 3 -3 -2 6 -6 -1
right_child=1 2 -4 -5 5 -7 -8
leaf_value=0.0088696871834080763 0.026271378554587707 0.081445672388693588 -0.022875197025182491 0.078491927437050649 0.012359435433224868 -0.005994266894592714 -0.017345963906758546
leaf_weight=104 916 100 363 94 727 2106 1648
leaf_count=104 916 100 363 94 727 2106 1648
internal_value=1.03142e-05 0.0212866 -0.000279059 0.0311684 -0.00682649 -0.00128284 -0.0157874
internal_weight=6058 1473 463 1010 4585 2833 1752
internal_count=6058 1473 463 1010 4585 2833 1752
is_linear=0
shrinkage=0.01


Tree=185
num_leaves=8
num_cat=0
split_feature=17 69 36 12 89 17 1
split_gain=8657.28 2895.89 2451.35 4174.44 2443.34 1871.11 1509.88
threshold=23.559195402298855 10.54327852823522 82.847701149425305 0.25881904510252057 -0.06051608971061772 42.884579784128206 92.084482758620695
decision_type=2 2 2 2 2 2 2
left_child=1 6 5 -4 -3 -2 -1
right_child=2 4 3 -5 -6 -7 -8
leaf_value=-0.017145231429943952 0.031790665273081331 -0.0096644909974540928 -0.019257175057512673 0.068770585060744849 0.0084624594366974389 0.088012955316832966 0.014837012222181785
leaf_weight=1852 640 1281 218 71 1771 65 160
leaf_count=1852 640 1281 218 71 1771 65 160
internal_value=1.03449e-05 -0.0052865 0.0269851 0.00244872 0.000853629 0.0370337 -0.0145986
internal_weight=6058 5064 994 289 3052 705 2012
internal_count=6058 5064 994 289 3052 705 2012
is_linear=0
shrinkage=0.01


Tree=186
num_leaves=8
num_cat=0
split_feature=67 12 11 59 23 13 87
split_gain=6639.61 4235.87 6020.28 2450.14 1842.59 1490.36 516.308
threshold=7.9271479155234816 -0.12940952255126037 -0.25881904510252113 23.766021558669312 9.3729885057471289 0.68301270189221941 0.60000000000000109
decision_type=2 2 2 2 2 2 2
left_child=4 2 -2 -3 6 -6 -1
right_child=1 3 -4 -5 5 -7 -8
leaf_value=-0.019535451544544294 0.035260469101003875 0.017173540973277474 -0.016637831960570532 0.048522917559148587 -0.0055346468716548003 0.017446453099022107 -0.0078464714968070233
leaf_weight=1169 318 880 749 348 1696 338 560
leaf_count=1169 318 880 749 348 1696 338 560
internal_value=1.03791e-05 0.0134143 -0.00116075 0.0260741 -0.00816502 -0.00171217 -0.0157532
internal_weight=6058 2295 1067 1228 3763 2034 1729
internal_count=6058 2295 1067 1228 3763 2034 1729
is_linear=0
shrinkage=0.01


Tree=187
num_leaves=8
num_cat=0
split_feature=22 88 90 71 35 4 22
split_gain=7765.36 2860.76 2815.3 1541.6 1533.45 1469.29 1223.63
threshold=20.522514722102347 4.9660919540229891 -0.089913815682520257 8.5833333333333339 66.830459770114956 5.5000000000000009 36.276854925394737
decision_type=2 2 2 2 2 2 2
left_child=1 4 6 -3 -1 -4 -2
right_child=2 3 5 -5 -6 -7 -8
leaf_value=0.0002189012570223073 0.000470678022306652 0.0024628071274304794 0.061075763771096539 0.032365883482218874 -0.01399908763441419 0.027135296318598085 0.033441522200693165
leaf_weight=1058 536 791 178 220 2679 454 142
leaf_count=1058 536 791 178 220 2679 454 142
internal_value=1.03314e-05 -0.0059369 0.0215601 0.00898318 -0.00997414 0.036736 0.00739637
internal_weight=6058 4748 1310 1011 3737 632 678
internal_count=6058 4748 1310 1011 3737 632 678
is_linear=0
shrinkage=0.01


Tree=188
num_leaves=8
num_cat=0
split_feature=17 69 4 1 17 62 14
split_gain=8256.22 3154.51 3322.92 2013.33 1373.03 1256.77 435.505
threshold=14.350407702475787 28.302128227839706 5.5000000000000009 85.518589106631723 5.007747689601227 3.7579627651401406 0.93301270189221952
decision_type=2 2 2 2 2 2 2
left_child=4 2 -2 -3 6 -6 -1
right_child=1 3 -4 -5 5 -7 -8
leaf_value=-0.020633543680447019 0.029838062573997157 0.032105468802001449 0.0018389212740175709 0.09843035072034545 -0.0024265039063730417 -0.016606027701994135 -0.057262880062711415
leaf_weight=614 596 268 1465 55 2144 882 34
leaf_count=614 596 268 1465 55 2144 882 34
internal_value=1.03503e-05 0.0145012 0.00994123 0.0435354 -0.00939307 -0.00656169 -0.0225989
internal_weight=6058 2384 2061 323 3674 3026 648
internal_count=6058 2384 2061 323 3674 3026 648
is_linear=0
shrinkage=0.01


Tree=189
num_leaves=7
num_cat=0
split_feature=22 87 29 88 69 4
split_gain=7515.37 3156.94 2549.92 1950.26 1800.51 1259.16
threshold=20.522514722102347 1.1000000000000012 23.983333333333338 8.9166666666666696 10.341119093231162 13.500000000000002
decision_type=2 2 2 2 2 2
left_child=1 5 -2 -4 -3 -1
right_child=2 4 3 -5 -6 -7
leaf_value=-0.015990353998658481 0.097431128946472614 -0.0074799774669581992 0.014622576615654343 0.05693156007142483 0.015743999471858724 -0.0033815540903075056
leaf_weight=2053 42 545 1148 120 860 1290
leaf_count=2053 42 545 1148 120 860 1290
internal_value=1.02998e-05 -0.00584041 0.0212103 0.0186478 0.0067356 -0.0111262
internal_weight=6058 4748 1310 1268 1405 3343
internal_count=6058 4748 1310 1268 1405 3343
is_linear=0
shrinkage=0.01


Tree=190
num_leaves=8
num_cat=0
split_feature=17 72 89 12 89 17 28
split_gain=7986.34 3178.44 2356.18 2341.02 1409.5 1125.93 448.499
threshold=14.350407702475787 42.884579784128206 -0.14405436369762994 -0.12940952255126037 -0.26267328181711735 5.007747689601227 30.135796387520529
decision_type=2 2 2 2 2 2 2
left_child=4 3 -3 -2 6 -6 -1
right_child=1 2 -4 -5 5 -7 -8
leaf_value=-0.027060769434411883 -0.0085150280539300315 -0.010454639800778917 0.045046364331931515 0.015687473138857339 -0.020450659890249953 -0.0037996162877714113 -0.0055193412304542864
leaf_weight=504 585 92 448 1259 482 2568 120
leaf_count=504 585 92 448 1259 482 2568 120
internal_value=1.03272e-05 0.0142623 0.0355888 0.00800885 -0.00923813 -0.00643411 -0.0229267
internal_weight=6058 2384 540 1844 3674 3050 624
internal_count=6058 2384 540 1844 3674 3050 624
is_linear=0
shrinkage=0.01


Tree=191
num_leaves=8
num_cat=0
split_feature=17 69 36 4 11 17 4
split_gain=7843.5 2691.29 2328.66 4912.48 2164.2 1776.42 1740.33
threshold=23.559195402298855 10.54327852823522 82.847701149425305 5.5000000000000009 -0.78656609248549292 42.884579784128206 5.5000000000000009
decision_type=2 2 2 2 2 2 2
left_child=1 6 5 -4 -3 -2 -1
right_child=2 4 3 -5 -6 -7 -8
leaf_value=0.0022485460176668156 0.030371814165668597 0.016896385232853906 0.08110474965630507 -0.019581189238268647 -0.0035403556420347854 0.085149803349989978 -0.019326976380053939
leaf_weight=496 640 661 61 228 2391 65 1516
leaf_count=496 640 661 61 228 2391 65 1516
internal_value=1.02073e-05 -0.00503154 0.0256859 0.00177251 0.000887698 0.0354797 -0.0140087
internal_weight=6058 5064 994 289 3052 705 2012
internal_count=6058 5064 994 289 3052 705 2012
is_linear=0
shrinkage=0.01


Tree=192
num_leaves=8
num_cat=0
split_feature=69 89 4 4 4 69 4
split_gain=7129.13 3774.85 3055.14 2986.99 2517.64 2504.57 756.386
threshold=14.919057776444911 -0.096264586504312563 5.5000000000000009 11.500000000000002 2.5000000000000004 30.992330454507179 13.500000000000002
decision_type=2 2 2 2 2 2 2
left_child=2 6 4 -4 -1 -3 -2
right_child=1 5 3 -5 -6 -7 -8
leaf_value=-0.008805205033296664 -0.013117586586459265 0.018018561333156536 -0.028173635704360961 -0.0063687293678802359 0.023622278972512088 0.058478453871199411 0.011167905041281605
leaf_weight=486 462 1432 932 1927 471 171 177
leaf_count=486 462 1432 932 1927 471 171 177
internal_value=1.02491e-05 0.0141612 -0.00830446 -0.0134807 0.00715788 0.0223518 -0.00638637
internal_weight=6058 2242 3816 2859 957 1603 639
internal_count=6058 2242 3816 2859 957 1603 639
is_linear=0
shrinkage=0.01


Tree=193
num_leaves=8
num_cat=0
split_feature=71 4 91 4 4 3 11
split_gain=7000.39 3624.94 3373.11 3266.12 2974.48 2031.58 964.77
threshold=5.7287356321839091 5.5000000000000009 20.678026810109291 11.500000000000002 2.5000000000000004 540.58461538461552 -0.5
decision_type=2 2 2 2 2 2 2
left_child=1 4 5 -3 -1 -2 -4
right_child=2 3 6 -5 -6 -7 -8
leaf_value=-0.0095035893763127429 0.020725287863173358 -0.030203304097908241 0.015423121895644716 -0.0068915662327345131 0.027185588081101372 0.057737301904105386 -0.0012995063875975901
leaf_weight=444 702 896 513 1825 439 188 1051
leaf_count=444 702 896 513 1825 439 188 1051
internal_value=1.0191e-05 -0.00885965 0.013036 -0.0145722 0.00874162 0.0285721 0.00418846
internal_weight=6058 3604 2454 2721 883 890 1564
internal_count=6058 3604 2454 2721 883 890 1564
is_linear=0
shrinkage=0.01


Tree=194
num_leaves=8
num_cat=0
split_feature=93 29 4 89 30 1 28
split_gain=6003.11 3425.17 4019.25 958.455 929.004 675.685 365.434
threshold=1.0000000180025095e-35 24.001830120549666 5.5000000000000009 -0.25602685567656691 26.671568627450984 92.084482758620695 32.983333333333341
decision_type=2 2 2 2 2 2 2
left_child=3 4 -3 6 -2 -5 -1
right_child=1 2 -4 5 -6 -7 -8
leaf_value=-0.023711423083214545 0.010797380795513376 0.026111522226611728 -7.4967795830311294e-07 -0.0085021727766425165 0.070522507685240696 0.012478203867978238 0.0042471518643851418
leaf_weight=539 34 832 2019 2305 114 164 51
leaf_count=539 34 832 2019 2305 114 164 51
internal_value=1.01487e-05 0.0100631 0.00762259 -0.00984546 0.0568878 -0.00710613 -0.0212923
internal_weight=6058 2999 2851 3059 148 2469 590
internal_count=6058 2999 2851 3059 148 2469 590
is_linear=0
shrinkage=0.01


Tree=195
num_leaves=8
num_cat=0
split_feature=17 36 4 72 22 4 89
split_gain=7432.29 2818.17 7959.42 2114.27 1999.69 1382.54 644.468
threshold=19.116666666666671 82.33908045977013 5.5000000000000009 50.385662431941931 8.5425287356321853 5.5000000000000009 -0.19744570708059547
decision_type=2 2 2 2 2 2 2
left_child=4 3 -3 -2 6 -6 -1
right_child=1 2 -4 -5 5 -7 -8
leaf_value=-0.024561549679098287 0.024246078417311787 0.077887364674563447 -0.022658531078384701 0.073977648167698473 0.010617708356763412 -0.005245134625882426 -0.010917293598461907
leaf_weight=467 916 100 363 94 754 2021 1343
leaf_count=467 916 100 363 94 754 2021 1343
internal_value=1.01239e-05 0.0195482 -0.000880682 0.0289094 -0.0062681 -0.000933698 -0.0144437
internal_weight=6058 1473 463 1010 4585 2775 1810
internal_count=6058 1473 463 1010 4585 2775 1810
is_linear=0
shrinkage=0.01


Tree=196
num_leaves=8
num_cat=0
split_feature=17 29 4 89 31 17 28
split_gain=7302.13 3248.17 3750.32 1315.1 1124.66 1072.84 422.439
threshold=14.350407702475787 24.001830120549666 5.5000000000000009 -0.26267328181711735 27.804761904761907 5.007747689601227 30.135796387520529
decision_type=2 2 2 2 2 2 2
left_child=3 4 -3 6 -2 -5 -1
right_child=1 2 -4 5 -6 -7 -8
leaf_value=-0.026067651514167005 0.029398349495482777 0.030701142809364982 0.0025593795698920442 -0.01980686049091538 0.0913605147043864 -0.0035532110363545241 -0.0051623527879413236
leaf_weight=504 53 674 1590 482 67 2568 120
leaf_count=504 53 674 1590 482 67 2568 120
internal_value=1.01236e-05 0.013638 0.0109424 -0.00883329 0.0642336 -0.00612481 -0.0220556
internal_weight=6058 2384 2264 3674 120 3050 624
internal_count=6058 2384 2264 3674 120 3050 624
is_linear=0
shrinkage=0.01


Tree=197
num_leaves=7
num_cat=0
split_feature=22 87 29 88 71 11
split_gain=6772.76 2903.65 2382.86 1822.3 1474.1 1267.88
threshold=20.522514722102347 1.1000000000000012 23.983333333333338 8.9166666666666696 5.8982758620689664 -0.37940952255126065
decision_type=2 2 2 2 2 2
left_child=1 5 -2 -4 -3 -1
right_child=2 4 3 -5 -6 -7
leaf_value=-0.0021296883769174645 0.093816188976343931 -0.0005276700717437527 0.013767765388450625 0.054664439176931916 0.021403454515010384 -0.01508407937834853
leaf_weight=1154 42 954 1148 120 451 2189
leaf_count=1154 42 954 1148 120 451 2189
internal_value=1.01037e-05 -0.00554403 0.0201355 0.0176585 0.0065169 -0.0106134
internal_weight=6058 4748 1310 1268 1405 3343
internal_count=6058 4748 1310 1268 1405 3343
is_linear=0
shrinkage=0.01


Tree=198
num_leaves=8
num_cat=0
split_feature=69 87 3 87 68 3 71
split_gain=6578.32 3452.34 1958.27 1667.56 1546.46 1156.02 765.907
threshold=14.919057776444911 2.4100353669319201 535.25459770114946 0.81160134218605073 43.304597701149433 233.20000000000002 3.6609195402298855
decision_type=2 2 2 2 2 2 2
left_child=3 2 -2 6 -3 -5 -1
right_child=1 4 -4 5 -6 -7 -8
leaf_value=-0.019054407787513643 0.00043456400707497865 0.027649660404544099 0.02454529608659357 -0.013560324470172526 0.071148119014033645 0.0066325661579208599 -0.0077948418652890395
leaf_weight=1115 1270 412 458 398 102 982 1321
leaf_count=1115 1270 412 458 398 102 982 1321
internal_value=1.01396e-05 0.0136035 0.00683057 -0.00797691 0.0363434 0.000805655 -0.0129516
internal_weight=6058 2242 1728 3816 514 1380 2436
internal_count=6058 2242 1728 3816 514 1380 2436
is_linear=0
shrinkage=0.01


Tree=199
num_leaves=8
num_cat=0
split_feature=71 4 4 89 18 4 4
split_gain=6462.1 3436.15 3147.2 3011.17 2956.13 2864.24 749.13
threshold=5.7287356321839091 5.5000000000000009 11.500000000000002 -0.096264586504312563 19.116666666666671 2.5000000000000004 13.500000000000002
decision_type=2 2 2 2 2 2 2
left_child=1 5 -3 6 -5 -1 -2
right_child=3 2 -4 4 -6 -7 -8
leaf_value=-0.0092790870521913191 -0.01259899672517842 -0.029417532418422116 -0.006534267569784845 0.0084208514846649003 0.034456669966782059 0.02672380235153796 0.010929001859401466
leaf_weight=444 467 896 1825 1052 745 439 190
leaf_count=444 467 896 1825 1052 745 439 190
internal_value=1.01133e-05 -0.00851188 -0.0140737 0.0125251 0.0192216 0.00862485 -0.00579096
internal_weight=6058 3604 2721 2454 1797 883 657
internal_count=6058 3604 2721 2454 1797 883 657
is_linear=0
shrinkage=0.01


Tree=200
num_leaves=8
num_cat=0
split_feature=22 87 90 69 89 22 72
split_gain=6464.64 2776.11 2503.58 1593.33 1159.17 1101.06 1040.03
threshold=20.522514722102347 1.1000000000000012 -0.089913815682520257 10.341119093231162 -0.24557124518613602 36.276854925394737 50.385662431941931
decision_type=2 2 2 2 2 2 2
left_child=1 4 5 -3 -1 -2 -4
right_child=2 3 6 -5 -6 -7 -8
leaf_value=-0.021152623123247553 -0.00025089816014626983 -0.0069959085826120935 0.029551062710481385 0.014851054485261719 -0.0071543507438484224 0.031022509223327301 0.071477386415452884
leaf_weight=768 536 545 566 860 2575 142 66
leaf_count=768 536 545 566 860 2575 142 66
internal_value=1.003e-05 -0.00541629 0.0196723 0.00637678 -0.0103731 0.00631629 0.0339833
internal_weight=6058 4748 1310 1405 3343 678 632
internal_count=6058 4748 1310 1405 3343 678 632
is_linear=0
shrinkage=0.01


Tree=201
num_leaves=7
num_cat=0
split_feature=17 87 29 12 69 3
split_gain=6783.98 2517.73 2147.99 2173.15 1667.18 1176.04
threshold=23.559195402298855 0.79482758620689664 23.368518518518524 -0.12940952255126037 10.658154673623251 536.7652777777779
decision_type=2 2 2 2 2 2
left_child=1 5 -2 -4 -3 -1
right_child=2 4 3 -5 -6 -7
leaf_value=-0.012102496913622774 0.10519423032942272 -0.0061866388078739877 -0.00074141301725938068 0.031487606358722199 0.014003879214788755 0.0043531892669759513
leaf_weight=2883 31 714 307 656 956 511
leaf_count=2883 31 714 307 656 956 511
internal_value=1.00208e-05 -0.00467885 0.0238886 0.0212176 0.00537196 -0.00962451
internal_weight=6058 5064 994 963 1670 3394
internal_count=6058 5064 994 963 1670 3394
is_linear=0
shrinkage=0.01


Tree=202
num_leaves=8
num_cat=0
split_feature=22 89 68 35 12 91 22
split_gain=6281.71 3261.44 2744.35 1374.66 1902.66 830.534 388.975
threshold=13.305172413793105 -0.15069707568250271 34.123152709359616 66.830459770114956 -0.12940952255126037 54.338196286472154 35.001843344913212
decision_type=2 2 2 2 2 2 2
left_child=3 6 -3 5 -5 -1 -2
right_child=1 2 -4 4 -6 -7 -8
leaf_value=0.0073703419540400777 -0.013695045039587095 0.0097000752001766086 0.034632331823477636 -0.021834177561525565 -0.004303747439105248 -0.013763784480524361 0.02262523115059686
leaf_weight=662 471 1539 619 1211 1267 258 31
leaf_count=662 471 1539 619 1211 1267 258 31
internal_value=1.00328e-05 0.0115181 0.0168582 -0.00899888 -0.0128738 0.0014388 -0.0114309
internal_weight=6058 2660 2158 3398 2478 920 502
internal_count=6058 2660 2158 3398 2478 920 502
is_linear=0
shrinkage=0.01


Tree=203
num_leaves=8
num_cat=0
split_feature=17 29 9 62 31 22 79
split_gain=6561.21 3088.12 3001.57 1212.03 1102.71 1099.59 619.93
threshold=14.350407702475787 24.001830120549666 1.0000000180025095e-35 3.7579627651401406 27.804761904761907 16.037368986435975 4.3793103448275872
decision_type=2 2 2 2 2 2 2
left_child=3 4 -3 5 -2 -1 -5
right_child=1 2 -4 6 -6 -7 -8
leaf_value=-0.0074141974531270437 0.027785786908851046 0.017581643743816492 -0.0078982088919915972 -0.020316382837775666 0.089117061802744882 0.010604318076644931 0.00033459852660931922
leaf_weight=2165 53 1617 647 936 67 401 172
leaf_count=2165 53 1617 647 936 67 401 172
internal_value=9.94877e-06 0.0129279 0.0102997 -0.00837281 0.0622609 -0.00459665 -0.0171115
internal_weight=6058 2384 2264 3674 120 2566 1108
internal_count=6058 2384 2264 3674 120 2566 1108
is_linear=0
shrinkage=0.01


Tree=204
num_leaves=8
num_cat=0
split_feature=17 69 36 12 11 29 1
split_gain=6479.66 2312.69 2100.98 3713.45 2003.66 1639.52 1376.25
threshold=23.559195402298855 10.54327852823522 82.847701149425305 0.25881904510252057 -0.78656609248549292 23.368518518518524 92.084482758620695
decision_type=2 2 2 2 2 2 2
left_child=1 6 5 -4 -3 -2 -1
right_child=2 4 3 -5 -6 -7 -8
leaf_value=-0.015325797249306579 0.10326379570128426 0.016318005179110296 -0.019834880939201032 0.063190069710874888 -0.0033461086305661336 0.029326834616278219 0.015206825483718021
leaf_weight=1852 31 661 218 71 2391 674 160
leaf_count=1852 31 661 218 71 2391 674 160
internal_value=9.9407e-06 -0.00457255 0.0233468 0.000634434 0.000914543 0.0326496 -0.0128943
internal_weight=6058 5064 994 289 3052 705 2012
internal_count=6058 5064 994 289 3052 705 2012
is_linear=0
shrinkage=0.01


Tree=205
num_leaves=8
num_cat=0
split_feature=17 69 54 89 4 89 12
split_gain=6351.12 2266.68 2061.69 1994.91 1537.63 1405.33 812.008
threshold=23.559195402298855 10.54327852823522 242.65000000000001 -0.06051608971061772 5.5000000000000009 -0.14405436369762994 -0.12940952255126037
decision_type=2 2 2 2 2 2 2
left_child=1 4 6 -3 -1 -4 -2
right_child=2 3 5 -5 -6 -7 -8
leaf_value=0.002515387317520254 -0.053102377816863444 -0.0085986195374890689 -0.011633632426550895 0.0077806469546550803 -0.017764412037269198 0.031724202270903459 0.0056523693269389932
leaf_weight=496 43 1281 82 1771 1516 818 51
leaf_count=496 43 1281 82 1771 1516 818 51
internal_value=9.99795e-06 -0.00452682 0.0231143 0.000905417 -0.0127654 0.027769 -0.0213583
internal_weight=6058 5064 994 3052 2012 900 94
internal_count=6058 5064 994 3052 2012 900 94
is_linear=0
shrinkage=0.01


Tree=206
num_leaves=8
num_cat=0
split_feature=71 4 4 91 4 12 4
split_gain=5882.42 3263.41 3006.64 2901.38 2765.64 2501.03 914.591
threshold=5.7287356321839091 5.5000000000000009 11.500000000000002 20.678026810109291 2.5000000000000004 -0.12940952255126037 13.500000000000002
decision_type=2 2 2 2 2 2 2
left_child=1 4 -3 5 -1 -2 -5
right_child=3 2 -4 6 -6 -7 -8
leaf_value=-0.0090136795346158968 0.0071442425813617715 -0.028538409351969635 -0.0061720768465124577 -0.0026276279743296929 0.026364138886196896 0.040985720480146468 0.01291632673860363
leaf_weight=444 385 896 1825 923 439 505 641
leaf_count=444 385 896 1825 923 439 505 641
internal_value=9.86129e-06 -0.00812092 -0.0135412 0.0119503 0.00857947 0.0263592 0.00374478
internal_weight=6058 3604 2721 2454 883 890 1564
internal_count=6058 3604 2721 2454 883 890 1564
is_linear=0
shrinkage=0.01


Tree=207
num_leaves=8
num_cat=0
split_feature=17 29 12 89 31 1 37
split_gain=6162.2 2983.78 2950.49 1178.86 1078.74 995.878 441.331
threshold=14.350407702475787 24.001830120549666 -0.12940952255126037 -0.26267328181711735 27.804761904761907 92.745977011494276 64.305172413793116
decision_type=2 2 2 2 2 2 2
left_child=3 4 -3 6 -2 -5 -1
right_child=1 2 -4 5 -6 -7 -8
leaf_value=-0.0021295146967089456 0.026930185220230402 -0.0064503085831434173 0.017890499127544927 -0.0068685917828152313 0.087581885434521584 0.019189619896288441 -0.024455352804777414
leaf_weight=107 53 739 1525 2896 67 154 517
leaf_count=107 53 739 1525 2896 67 154 517
internal_value=9.79577e-06 0.0125288 0.00994544 -0.00811407 0.0610211 -0.00554977 -0.0206326
internal_weight=6058 2384 2264 3674 120 3050 624
internal_count=6058 2384 2264 3674 120 3050 624
is_linear=0
shrinkage=0.01


Tree=208
num_leaves=7
num_cat=0
split_feature=22 87 29 69 69 11
split_gain=5804.58 2528.09 2172.3 1422.27 1306.64 1176.57
threshold=20.522514722102347 1.1000000000000012 23.983333333333338 10.341119093231162 31.613209703327048 -0.37940952255126065
decision_type=2 2 2 2 2 2
left_child=1 5 -2 -3 -4 -1
right_child=2 3 4 -5 -6 -7
leaf_value=-0.0016899118676399283 0.08898975050554557 -0.0065125981514930287 0.012215723872656159 0.014128337044357056 0.041697266636656488 -0.014168918975556282
leaf_weight=1154 42 545 1094 860 174 2189
leaf_count=1154 42 545 1094 860 174 2189
internal_value=9.78915e-06 -0.00513205 0.0186412 0.00612189 0.0162765 -0.00986223
internal_weight=6058 4748 1310 1405 1268 3343
internal_count=6058 4748 1310 1405 1268 3343
is_linear=0
shrinkage=0.01


Tree=209
num_leaves=8
num_cat=0
split_feature=17 89 72 35 4 91 35
split_gain=5983.46 2406.38 2296.4 1697.85 2444.96 780.083 527.924
threshold=19.116666666666671 -0.14405436369762994 50.385662431941931 58.283333333333339 5.5000000000000009 44.100576784426828 68.627011494252898
decision_type=2 2 2 2 2 2 2
left_child=3 6 -3 5 -5 -1 -2
right_child=1 2 -4 4 -6 -7 -8
leaf_value=0.018074868070763285 0.017878491206215576 0.018542881651732897 0.06792066555677391 0.00483062155380873 -0.012880860355390003 -0.0046196136273489409 -0.023522473169580532
leaf_weight=398 38 1178 102 1069 2874 244 155
leaf_count=398 38 1178 102 1069 2874 244 155
internal_value=9.80237e-06 0.0175404 0.022503 -0.00562334 -0.00807891 0.00945189 -0.0153433
internal_weight=6058 1473 1280 4585 3943 642 193
internal_count=6058 1473 1280 4585 3943 642 193
is_linear=0
shrinkage=0.01


Tree=210
num_leaves=8
num_cat=0
split_feature=17 22 54 88 0 11 12
split_gain=5873.01 2124.21 1987.87 1387.21 1359.44 1031.59 777.231
threshold=23.559195402298855 13.305172413793105 242.65000000000001 0.82471264367816099 24.001830120549666 -0.37940952255126065 -0.12940952255126037
decision_type=2 2 2 2 2 2 2
left_child=1 5 6 -3 -4 -1 -2
right_child=2 3 4 -5 -6 -7 -8
leaf_value=-0.0018570787357585371 -0.052496525014268942 -0.0004512000344787429 0.073895725060545883 0.020353662074105269 0.023571124617815013 -0.013501814686621838 0.0049901121082236467
leaf_weight=1211 43 1390 57 416 843 2047 51
leaf_count=1211 43 1390 57 416 843 2047 51
internal_value=9.77633e-06 -0.00435293 0.0222274 0.00434509 0.0267982 -0.00917456 -0.0214403
internal_weight=6058 5064 994 1806 900 3258 94
internal_count=6058 5064 994 1806 900 3258 94
is_linear=0
shrinkage=0.01


Tree=211
num_leaves=8
num_cat=0
split_feature=17 29 4 17 31 60 28
split_gain=5767.14 2878.44 3452.33 1147.21 1055.37 915.637 626.925
threshold=14.350407702475787 24.001830120549666 5.5000000000000009 4.9155172413793116 27.804761904761907 18.016666666666669 32.237356321839087
decision_type=2 2 2 2 2 2 2
left_child=3 4 -3 6 -2 -5 -1
right_child=1 2 -4 5 -6 -7 -8
leaf_value=-0.02253376448118271 0.026037755336438383 0.028540902615676021 0.0015406787572478356 -0.0034311317964889777 0.086018815157148584 -0.021105118493942185 0.024030318785642015
leaf_weight=589 53 674 1590 2727 67 328 30
leaf_count=589 53 674 1590 2727 67 328 30
internal_value=9.72278e-06 0.0121208 0.00958348 -0.00784941 0.0597493 -0.00533201 -0.0202586
internal_weight=6058 2384 2264 3674 120 3055 619
internal_count=6058 2384 2264 3674 120 3055 619
is_linear=0
shrinkage=0.01


Tree=212
num_leaves=8
num_cat=0
split_feature=17 89 71 67 4 89 1
split_gain=5691.72 2090.57 1930.61 1388.82 1274.96 1262.25 775.773
threshold=23.559195402298855 -0.06051608971061772 5.4408045977011499 6.2201149425287365 5.5000000000000009 -0.14405436369762994 87.716666666666683
decision_type=2 2 2 2 2 2 2
left_child=1 6 4 -3 -2 -4 -1
right_child=2 3 5 -5 -6 -7 -8
leaf_value=-0.014567285208718883 0.038357773727923629 -0.0048120943454824146 -0.010002650371133881 0.0090462417761197431 -0.018243408223778283 0.03334896376734299 0.0017067398547087591
leaf_weight=1765 52 1678 74 1270 164 704 351
leaf_count=1765 52 1678 74 1270 164 704 351
internal_value=9.72466e-06 -0.00428512 0.0218817 0.00115844 -0.00455777 0.0292211 -0.0118678
internal_weight=6058 5064 994 2948 216 778 2116
internal_count=6058 5064 994 2948 216 778 2116
is_linear=0
shrinkage=0.01


Tree=213
num_leaves=8
num_cat=0
split_feature=71 4 4 4 89 68 4
split_gain=5383.55 3098.17 2881.81 2674.18 2568.11 2739.29 690.456
threshold=5.7287356321839091 5.5000000000000009 11.500000000000002 2.5000000000000004 -0.096264586504312563 34.123152709359616 13.500000000000002
decision_type=2 2 2 2 2 2 2
left_child=1 3 -3 -1 6 -6 -2
right_child=4 2 -4 -5 5 -7 -8
leaf_value=-0.0087964805059461814 -0.01201830688711196 -0.02773253396246738 -0.0058355405113936065 0.025991417944376208 0.0087697688410913553 0.034853181285494854 0.010569418045019931
leaf_weight=444 467 896 1825 439 1188 609 190
leaf_count=444 467 896 1825 439 1188 609 190
internal_value=9.6553e-06 -0.00776871 -0.01305 0.00850333 0.0114326 0.0176169 -0.00548226
internal_weight=6058 3604 2721 883 2454 1797 657
internal_count=6058 3604 2721 883 2454 1797 657
is_linear=0
shrinkage=0.01


Tree=214
num_leaves=8
num_cat=0
split_feature=22 89 90 88 4 22 25
split_gain=5353.3 2219.61 2194.43 1853.79 1268.79 979.948 609.486
threshold=20.522514722102347 -0.09160529586836845 -0.089913815682520257 23.439285714285717 5.5000000000000009 36.276854925394737 25.542528735632189
decision_type=2 2 2 2 2 2 2
left_child=1 6 5 -3 -4 -2 -1
right_child=2 3 4 -5 -6 -7 -8
leaf_value=0.0044590152078553252 -0.00079659115891636306 -0.00058675453223389876 0.053912363002530668 0.07776884640240278 0.022384145682349772 0.028706295154191423 -0.015969605718478459
leaf_weight=161 536 3009 178 30 454 142 1548
leaf_count=161 536 3009 178 30 454 142 1548
internal_value=9.57918e-06 -0.00492833 0.0179021 0.000199247 0.0313003 0.00539834 -0.0140441
internal_weight=6058 4748 1310 3039 632 678 1709
internal_count=6058 4748 1310 3039 632 678 1709
is_linear=0
shrinkage=0.01


Tree=215
num_leaves=8
num_cat=0
split_feature=17 3 1 36 17 35 14
split_gain=5431.23 2593.07 2381.47 1859.91 1106.74 1027.75 427.018
threshold=14.350407702475787 252.77586206896555 85.518589106631723 84.678160919540247 4.9155172413793116 67.033908045977014 0.93301270189221952
decision_type=2 2 2 2 2 2 2
left_child=4 3 -3 -2 6 -6 -1
right_child=1 2 -4 -5 5 -7 -8
leaf_value=-0.017769169863238676 0.007301026520837201 0.010184966194054082 0.035868852373894491 -0.038464979910131161 0.0041420884484480846 -0.0087658353190443791 -0.054063612053359765
leaf_weight=585 200 1555 470 159 857 2198 34
leaf_count=585 200 1555 470 159 857 2198 34
internal_value=9.62446e-06 0.0117627 0.0161538 -0.0129925 -0.0076172 -0.00514461 -0.0198056
internal_weight=6058 2384 2025 359 3674 3055 619
internal_count=6058 2384 2025 359 3674 3055 619
is_linear=0
shrinkage=0.01


Tree=216
num_leaves=8
num_cat=0
split_feature=22 71 11 68 45 1 38
split_gain=5196.04 1909.17 2024.99 1737.14 1970.13 1716.84 942.565
threshold=20.522514722102347 6.1240740740740742 -0.37940952255126065 39.334952279267675 22.122127329192548 92.084482758620695 74.746666666666684
decision_type=2 2 2 2 2 2 2
left_child=1 5 -3 6 -5 -1 -2
right_child=3 2 -4 4 -6 -7 -8
leaf_value=-0.011100675587612588 0.023655269427865035 0.020180018756344568 -0.0045220267847199151 0.08366763697804272 0.024627218211880582 0.015047931963608515 0.0031773857266433579
leaf_weight=3071 356 537 867 71 274 273 609
leaf_count=3071 356 537 867 71 274 273 609
internal_value=9.47656e-06 -0.00485537 0.00492944 0.0176373 0.0368825 -0.00896386 0.0107408
internal_weight=6058 4748 1404 1310 345 3344 965
internal_count=6058 4748 1404 1310 345 3344 965
is_linear=0
shrinkage=0.01


Tree=217
num_leaves=7
num_cat=0
split_feature=17 69 29 9 11 4
split_gain=5275.19 1996.51 1922.06 2077.21 1838.49 1404.09
threshold=23.559195402298855 10.54327852823522 23.368518518518524 1.0000000180025095e-35 -0.78656609248549292 5.5000000000000009
decision_type=2 2 2 2 2 2
left_child=1 5 -2 -4 -3 -1
right_child=2 4 3 -5 -6 -7
leaf_value=0.0027446062046310449 0.097970913671311874 0.015727938642526834 0.027373003164286785 -0.0058570966432361232 -0.0031082532499616404 -0.016634256913311017
leaf_weight=496 31 661 707 256 2391 1516
leaf_count=496 31 661 707 256 2391 1516
internal_value=9.51199e-06 -0.00412519 0.021066 0.0185403 0.00097302 -0.0118572
internal_weight=6058 5064 994 963 3052 2012
internal_count=6058 5064 994 963 3052 2012
is_linear=0
shrinkage=0.01


Tree=218
num_leaves=8
num_cat=0
split_feature=17 36 9 29 35 1 91
split_gain=5185.62 2366.5 4815.09 1822.14 1585.93 1838.95 738.016
threshold=19.116666666666671 82.33908045977013 1.0000000180025095e-35 23.001575694093908 58.283333333333339 87.716666666666683 44.100576784426828
decision_type=2 2 2 2 2 2 2
left_child=4 3 -3 -2 6 -6 -1
right_child=1 2 -4 -5 5 -7 -8
leaf_value=0.017722424453977436 0.096384293475012858 0.025589386608007955 -0.039480088965906608 0.022369357115232861 -0.011174228004562824 0.0054654849044645957 -0.0043518011264259224
leaf_weight=398 34 264 199 976 3098 845 244
leaf_count=398 34 264 199 976 3098 845 244
internal_value=9.51442e-06 0.0163295 -0.00238918 0.0249079 -0.00523463 -0.00760791 0.00933521
internal_weight=6058 1473 463 1010 4585 3943 642
internal_count=6058 1473 463 1010 4585 3943 642
is_linear=0
shrinkage=0.01


Tree=219
num_leaves=8
num_cat=0
split_feature=17 69 1 1 62 23 56
split_gain=5101.15 2325.85 2150.12 1817.94 1134.71 1029.04 580.916
threshold=13.948809523809524 28.302128227839706 93.915517241379334 85.406896551724159 3.7579627651401406 20.550000000000004 557.48508771929835
decision_type=2 2 2 2 2 2 2
left_child=4 2 -2 -3 5 -1 -6
right_child=1 3 -4 -5 6 -7 -8
leaf_value=-0.0062424885453367844 0.0051944882664722407 0.024955120941634493 0.055263029278323633 0.087049057148202602 -0.018381974882722783 0.013836070331326805 0.0085249724090950829
leaf_weight=2215 2065 267 89 57 990 288 87
leaf_count=2215 2065 267 89 57 990 288 87
internal_value=9.51294e-06 0.011038 0.00727582 0.0359979 -0.00762448 -0.00392971 -0.016205
internal_weight=6058 2478 2154 324 3580 2503 1077
internal_count=6058 2478 2154 324 3580 2503 1077
is_linear=0
shrinkage=0.01


Tree=220
num_leaves=8
num_cat=0
split_feature=17 35 36 12 12 17 91
split_gain=5010.67 1945.78 1868.48 3422.45 1685.77 1519.86 901.497
threshold=23.559195402298855 58.283333333333339 82.847701149425305 0.25881904510252057 -0.12940952255126037 42.884579784128206 44.100576784426828
decision_type=2 2 2 2 2 2 2
left_child=1 6 5 -4 -3 -2 -1
right_child=2 4 3 -5 -6 -7 -8
leaf_value=0.019444615607494539 0.02458369931463911 -0.013375042357389049 -0.020533363303327314 0.059172124476569304 -0.00087181001968601388 0.075233501171565229 -0.0042592264239643927
leaf_weight=467 640 1968 218 71 2385 65 244
leaf_count=467 640 1968 218 71 2385 65 244
internal_value=9.56078e-06 -0.00402014 0.0205313 -0.000881634 -0.00652555 0.0293043 0.011312
internal_weight=6058 5064 994 289 4353 705 711
internal_count=6058 5064 994 289 4353 705 711
is_linear=0
shrinkage=0.01


Tree=221
num_leaves=8
num_cat=0
split_feature=69 89 29 1 36 36 67
split_gain=4861.01 3029.11 2582.52 1623.97 1289.92 715.654 711.304
threshold=13.669819033935415 -0.15705834077288092 23.001575694093908 92.084482758620695 88.287931034482781 54.440804597701153 5.9129629629629639
decision_type=2 2 2 2 2 2 2
left_child=3 5 -3 4 -1 -2 -5
right_child=1 2 -4 6 -6 -7 -8
leaf_value=-0.0069661001652955743 0.034908146814887346 0.090295459748624435 0.014097905674792577 0.0064762228946412658 -0.024013480627008473 -0.013484032712999175 0.044267767762864819
leaf_weight=2624 32 45 2032 209 534 517 65
leaf_count=2624 32 45 2032 209 534 517 65
internal_value=9.57939e-06 0.0102492 0.0157704 -0.00782547 -0.00985222 -0.0106333 0.0155075
internal_weight=6058 2626 2077 3432 3158 549 274
internal_count=6058 2626 2077 3432 3158 549 274
is_linear=0
shrinkage=0.01


Tree=222
num_leaves=8
num_cat=0
split_feature=17 69 87 1 72 78 39
split_gain=4865.21 2307.36 2022.87 1483.15 1241.43 1219.83 1054.49
threshold=27.627011494252876 11.298686040044496 0.79482758620689664 92.084482758620695 50.385662431941931 12.527498026984736 65.583333333333343
decision_type=2 2 2 2 2 2 2
left_child=1 3 -3 -1 6 -6 -2
right_child=4 2 -4 -5 5 -7 -8
leaf_value=-0.012917632916638505 0.05026073067731808 -0.0031551343112429034 0.014028897534033727 0.016483410759681672 0.086963140423996624 0.011666104529214943 0.013852842136778776
leaf_weight=2152 96 2043 1030 186 59 34 458
leaf_count=2152 96 2043 1030 186 59 34 458
internal_value=9.60457e-06 -0.00308995 0.00260575 -0.0105754 0.025915 0.0596501 0.0202023
internal_weight=6058 5411 3073 2338 647 93 554
internal_count=6058 5411 3073 2338 647 93 554
is_linear=0
shrinkage=0.01


Tree=223
num_leaves=8
num_cat=0
split_feature=17 22 87 89 45 17 28
split_gain=4790.24 2309.81 1798.25 1011.23 958.83 896.489 377.734
threshold=13.948809523809524 29.950000000000003 -6.7996178870900748 -0.26005776940379643 22.122127329192548 4.5086206896551735 30.135796387520529
decision_type=2 2 2 2 2 2 2
left_child=3 2 -2 6 -3 -5 -1
right_child=1 4 -4 5 -6 -7 -8
leaf_value=-0.022589090137386074 -0.027370020527758842 0.064702165297200895 0.0088766441976128804 -0.019550580012379533 0.024933907630086155 -0.002834452357199323 -0.0030600247325353051
leaf_weight=513 147 73 1901 366 357 2578 123
leaf_count=513 147 73 1901 366 357 2578 123
internal_value=9.65721e-06 0.0106967 0.00626867 -0.00738803 0.0317537 -0.00491575 -0.0188184
internal_weight=6058 2478 2048 3580 430 2944 636
internal_count=6058 2478 2048 3580 430 2944 636
is_linear=0
shrinkage=0.01


Tree=224
num_leaves=7
num_cat=0
split_feature=17 89 73 54 89 4
split_gain=4709.11 2305.71 1469.24 1274.6 1067.59 752.84
threshold=27.627011494252876 -0.06051608971061772 10.615085351669405 242.65000000000001 -0.14120055844096666 5.5000000000000009
decision_type=2 2 2 2 2 2
left_child=1 5 -3 -2 -5 -1
right_child=3 2 -4 4 -6 -7
leaf_value=0.00015500044950883258 -0.020401123791127591 -0.006769954217375339 0.0073665302297451288 -0.01384196357472429 0.033896221598003373 -0.014019552320015394
leaf_weight=479 55 1138 2075 51 541 1719
leaf_count=479 55 1138 2075 51 541 1719
internal_value=9.57722e-06 -0.00303985 0.00235915 0.025496 0.0297746 -0.010931
internal_weight=6058 5411 3213 647 592 2198
internal_count=6058 5411 3213 647 592 2198
is_linear=0
shrinkage=0.01


Tree=225
num_leaves=8
num_cat=0
split_feature=17 29 22 36 17 69 67
split_gain=4632.92 2621.03 1957.75 1007.09 888.69 884.906 597.439
threshold=13.948809523809524 24.001830120549666 29.950000000000003 58.712068965517254 4.9155172413793116 11.259361803018718 10.209334032253059
decision_type=2 2 2 2 2 2 2
left_child=3 6 -3 5 -5 -1 -2
right_child=1 2 -4 4 -6 -7 -8
leaf_value=-0.0090985711481642688 0.020087554097175598 0.0040161508415287265 0.028215041243867051 -0.02000051356646159 -0.0065248598999419153 0.022276042628259121 0.069286770283165627
leaf_weight=160 35 1952 403 602 2614 204 88
leaf_count=160 35 1952 403 602 2614 204 88
internal_value=9.46858e-06 0.0105196 0.00816251 -0.00726572 -0.00905023 0.00849007 0.055429
internal_weight=6058 2478 2355 3580 3216 364 123
internal_count=6058 2478 2355 3580 3216 364 123
is_linear=0
shrinkage=0.01


Tree=226
num_leaves=7
num_cat=0
split_feature=22 29 89 35 12 60
split_gain=4538.43 2657.57 2340.33 1196.77 1536.2 588.979
threshold=13.305172413793105 23.001575694093908 -0.15069707568250271 66.830459770114956 -0.12940952255126037 7.3051724137931044
decision_type=2 2 2 2 2 2
left_child=3 -2 -3 5 -5 -1
right_child=1 2 -4 4 -6 -7
leaf_value=-0.0094297864625109157 0.084732901970865915 -0.011039280712604524 0.013046352082280411 -0.019314889046342775 -0.0035630183495985275 0.0076413038304153896
leaf_weight=299 46 498 2116 1211 1267 621
leaf_count=299 46 498 2116 1211 1267 621
internal_value=9.46408e-06 0.00979124 0.00845631 -0.00764801 -0.0112635 0.00209055
internal_weight=6058 2660 2614 3398 2478 920
internal_count=6058 2660 2614 3398 2478 920
is_linear=0
shrinkage=0.01


Tree=227
num_leaves=8
num_cat=0
split_feature=17 89 71 45 27 1 4
split_gain=4516.27 2211.54 1534.82 1162.23 1250.19 1247.97 731.06
threshold=27.627011494252876 -0.06051608971061772 6.1240740740740742 22.004524886877832 27.652586206896554 82.01666666666668 5.5000000000000009
decision_type=2 2 2 2 2 2 2
left_child=1 6 -3 5 -5 -2 -1
right_child=3 2 -4 4 -6 -7 -8
leaf_value=0.00021913820375689345 0.034277779966669204 -0.0027243866056920136 0.011795198039992802 0.00061543446818724374 0.03188722348314392 0.10797959195199561 -0.01374879581050952
leaf_weight=479 97 2099 1114 226 294 30 1719
leaf_count=479 97 2099 1114 226 294 30 1719
internal_value=9.41904e-06 -0.00297692 0.00231069 0.0249686 0.0183106 0.0520468 -0.0107052
internal_weight=6058 5411 3213 647 520 127 2198
internal_count=6058 5411 3213 647 520 127 2198
is_linear=0
shrinkage=0.01


Tree=228
num_leaves=8
num_cat=0
split_feature=72 4 35 36 36 4 83
split_gain=3977.91 2728.78 4297.52 2488.9 1553.24 1944.82 1222.69
threshold=38.694827586206905 5.5000000000000009 72.305172413793116 78.955555555555563 82.847701149425305 5.5000000000000009 31.992199299873505
decision_type=2 2 2 2 2 2 2
left_child=1 3 -3 -1 6 -6 -2
right_child=4 2 -4 -5 5 -7 -8
leaf_value=-0.0070916103086973497 0.018834969890137214 0.0031987829028897958 -0.018245466455885286 0.021975782839392485 0.055207173942237765 -0.01579366861579623 0.053282669242301427
leaf_weight=522 723 1783 1963 675 46 226 120
leaf_count=522 723 1783 1963 675 46 226 120
internal_value=9.46783e-06 -0.00383942 -0.00803936 0.00930169 0.0170668 -0.00370507 0.0237678
internal_weight=6058 4943 3746 1197 1115 272 843
internal_count=6058 4943 3746 1197 1115 272 843
is_linear=0
shrinkage=0.01


Tree=229
num_leaves=8
num_cat=0
split_feature=71 4 4 4 11 1 37
split_gain=4396.46 2783.46 2652.11 2539.56 2182.84 3696.92 1390.28
threshold=5.7287356321839091 5.5000000000000009 11.500000000000002 2.5000000000000004 -0.37940952255126065 84.576436781609218 63.644252873563225
decision_type=2 2 2 2 2 2 2
left_child=1 3 -3 -1 6 -6 -2
right_child=4 2 -4 -5 5 -7 -8
leaf_value=-0.0084552156640734216 0.059805118997336766 -0.026110779858639951 -0.0051048268705149351 0.025445819083783478 -0.0067193435664277259 0.028299205557412943 0.018334605903430813
leaf_weight=444 89 896 1825 439 1098 415 852
leaf_count=444 89 896 1825 439 1098 415 852
internal_value=9.46591e-06 -0.00701972 -0.0120256 0.00840362 0.0103322 0.00289172 0.0222871
internal_weight=6058 3604 2721 883 2454 1513 941
internal_count=6058 3604 2721 883 2454 1513 941
is_linear=0
shrinkage=0.01


Tree=230
num_leaves=8
num_cat=0
split_feature=17 36 12 17 17 41 36
split_gain=4368.84 2142.22 5953.83 1657.66 1351.15 1141.52 519.146
threshold=19.116666666666671 82.33908045977013 0.1294095225512602 42.884579784128206 7.8248423927284589 26.000899589396354 58.712068965517254
decision_type=2 2 2 2 2 2 2
left_child=4 3 -3 -2 6 -6 -1
right_child=1 2 -4 -5 5 -7 -8
leaf_value=0.010708682572242445 0.019765785767816478 -0.024867616226534078 0.055375892869163973 0.071831636100779972 0.0027244993518153299 -0.011929154981025987 -0.013447581658383992
leaf_weight=94 945 336 127 65 2245 696 1550
leaf_count=94 945 336 127 65 2245 696 1550
internal_value=9.44096e-06 0.0149891 -0.00281991 0.0231509 -0.00480401 -0.000744618 -0.0120632
internal_weight=6058 1473 463 1010 4585 2941 1644
internal_count=6058 1473 463 1010 4585 2941 1644
is_linear=0
shrinkage=0.01


Tree=231
num_leaves=8
num_cat=0
split_feature=17 54 1 69 12 1 27
split_gain=4287.19 2027.81 1549.54 1536.96 1446.08 1082.39 754.809
threshold=21.728735632183913 218.95000000000002 85.406896551724159 10.54327852823522 -0.3794095225512602 92.084482758620695 27.473333333333336
decision_type=2 2 2 2 2 2 2
left_child=3 6 -3 5 -5 -1 -2
right_child=1 2 -4 4 -6 -7 -8
leaf_value=-0.013056774301330083 -0.05760029511682449 0.013821256677990355 0.041344957107887305 -0.0075263674868458232 0.0067531068039782607 0.014267247895328771 0.0043212824165821074
leaf_weight=1833 46 834 271 1257 1626 157 34
leaf_count=1833 46 834 271 1257 1626 157 34
internal_value=9.43832e-06 0.0170647 0.0205875 -0.00413922 0.000526798 -0.0108978 -0.031414
internal_weight=6058 1185 1105 4873 2883 1990 80
internal_count=6058 1185 1105 4873 2883 1990 80
is_linear=0
shrinkage=0.01


Tree=232
num_leaves=7
num_cat=0
split_feature=22 29 89 60 63 11
split_gain=4216.25 1844.33 1835.02 1296.55 1118.16 548.149
threshold=20.522514722102347 23.983333333333338 -0.09160529586836845 13.610344827586209 17.898275862068967 -0.37940952255126065
decision_type=2 2 2 2 2 2
left_child=2 -2 5 -4 -3 -1
right_child=1 4 3 -5 -6 -7
leaf_value=-0.0036191718424655921 0.080705947963038774 0.0065318214383675811 -0.0052630203288894593 0.0079706273372620023 0.026001042767608153 -0.016210023426496693
leaf_weight=482 42 801 1764 1275 467 1227
leaf_count=482 42 801 1764 1275 467 1227
internal_value=9.34667e-06 0.0158884 -0.00437288 0.000289336 0.0137101 -0.0126613
internal_weight=6058 1310 4748 3039 1268 1709
internal_count=6058 1310 4748 3039 1268 1709
is_linear=0
shrinkage=0.01


Tree=233
num_leaves=8
num_cat=0
split_feature=17 35 4 91 11 4 92
split_gain=4155.5 2103.76 3487.26 1122.31 1080.05 2430.9 708.886
threshold=27.627011494252876 60.019934640522884 5.5000000000000009 54.338196286472154 -0.5 5.5000000000000009 21.827344444444446
decision_type=2 2 2 2 2 2 2
left_child=1 3 -3 -1 6 -6 -2
right_child=4 2 -4 -5 5 -7 -8
leaf_value=0.016370112857459235 0.056895668378649324 0.0082640883393190461 -0.011316382001212542 -0.0099836780571403577 0.040371074786535781 -0.0072201554046523184 0.019739206398498115
leaf_weight=744 130 1272 3189 206 199 232 86
leaf_count=744 130 1272 3189 206 199 232 86
internal_value=9.33249e-06 -0.00285524 -0.00573284 0.0106527 0.0239508 0.0147737 0.042184
internal_weight=6058 5411 4461 950 647 431 216
internal_count=6058 5411 4461 950 647 431 216
is_linear=0
shrinkage=0.01


Tree=234
num_leaves=8
num_cat=0
split_feature=71 4 17 4 4 4 89
split_gain=4105.81 2647.98 2623.49 2556.99 2467.33 1324.9 1033.78
threshold=5.7287356321839091 5.5000000000000009 22.948896891229484 11.500000000000002 2.5000000000000004 13.500000000000002 -0.14405436369762994
decision_type=2 2 2 2 2 2 2
left_child=1 4 5 -3 -1 -2 -4
right_child=2 3 6 -5 -6 -7 -8
leaf_value=-0.0083576103848969838 -0.0051861536282778618 -0.025496356879383307 -0.0089322467966513209 -0.0048705671403839702 0.025057855909527093 0.012922310884116479 0.028462459424780238
leaf_weight=444 926 896 82 1825 439 716 730
leaf_count=444 926 896 82 1825 439 716 730
internal_value=9.33338e-06 -0.00678353 0.00998504 -0.0116661 0.00825973 0.00271133 0.0246824
internal_weight=6058 3604 2454 2721 883 1642 812
internal_count=6058 3604 2454 2721 883 1642 812
is_linear=0
shrinkage=0.01


Tree=235
num_leaves=8
num_cat=0
split_feature=71 4 4 4 11 4 91
split_gain=4024.14 2595.32 2506.14 2418.29 2078.15 2733.66 1362.29
threshold=5.7287356321839091 5.5000000000000009 11.500000000000002 2.5000000000000004 -0.37940952255126065 6.5000000000000009 20.678026810109291
decision_type=2 2 2 2 2 2 2
left_child=1 3 -3 -1 6 -6 -2
right_child=4 2 -4 -5 5 -7 -8
leaf_value=-0.0082741282228652822 0.036688939210747992 -0.025241535506699997 -0.0048218748890622633 0.024807562549468198 0.016857801616253214 -0.010061160936951639 0.011975114789001999
leaf_weight=444 364 896 1825 439 713 800 577
leaf_count=444 364 896 1825 439 713 800 577
internal_value=9.24879e-06 -0.00671572 -0.0115495 0.00817722 0.00988524 0.00262543 0.0215499
internal_weight=6058 3604 2721 883 2454 1513 941
internal_count=6058 3604 2721 883 2454 1513 941
is_linear=0
shrinkage=0.01


Tree=236
num_leaves=8
num_cat=0
split_feature=22 87 88 34 10 28 6
split_gain=3984.06 1924.15 1804.33 1079.85 1057.14 838.606 829.641
threshold=20.522514722102347 1.1000000000000012 8.9166666666666696 61.525287356321847 2.5000000000000004 31.406896551724142 14.500000000000002
decision_type=2 2 2 2 2 2 2
left_child=1 5 3 -2 -3 -1 -4
right_child=2 4 6 -5 -6 -7 -8
leaf_value=-0.010669411005581133 0.031702675497038917 0.00020652257158473611 0.014348074764013291 0.0069783328684606544 0.019599256504039392 0.0025632230151730741 0.06810773896935296
leaf_weight=2764 216 1017 43 963 388 579 88
leaf_count=2764 216 1017 43 963 388 579 88
internal_value=9.19006e-06 -0.00425066 0.0154448 0.0115199 0.00556738 -0.00837736 0.0505869
internal_weight=6058 4748 1310 1179 1405 3343 131
internal_count=6058 4748 1310 1179 1405 3343 131
is_linear=0
shrinkage=0.01


Tree=237
num_leaves=8
num_cat=0
split_feature=17 4 4 1 17 34 28
split_gain=3919.18 2577.61 5508.21 3385.09 996.917 926.807 588.153
threshold=15.237356321839082 5.5000000000000009 9.5000000000000018 84.576436781609218 4.9155172413793116 67.300980392156873 32.237356321839087
decision_type=2 2 2 2 2 2 2
left_child=4 3 -3 -2 6 -6 -1
right_child=1 2 -4 -5 5 -7 -8
leaf_value=-0.019858438870159433 0.0026418965431669402 -0.024240377239902289 0.016391483566966087 0.049704206502885748 0.0044795000280991515 -0.0072432494110755757 0.025229298847620606
leaf_weight=589 283 481 1086 332 953 2304 30
leaf_count=589 283 481 1086 332 953 2304 30
internal_value=9.21193e-06 0.0107279 0.00391522 0.0280684 -0.00602539 -0.00381285 -0.0176538
internal_weight=6058 2182 1567 615 3876 3257 619
internal_count=6058 2182 1567 615 3876 3257 619
is_linear=0
shrinkage=0.01


Tree=238
num_leaves=8
num_cat=0
split_feature=17 35 4 72 39 38 17
split_gain=3876.96 1981.71 3276.24 1129.98 971.466 910.278 878.426
threshold=27.627011494252876 60.019934640522884 5.5000000000000009 50.385662431941931 65.583333333333343 80.559195402298869 10.776600294642074
decision_type=2 2 2 2 2 2 2
left_child=1 6 -3 4 -2 -5 -1
right_child=3 2 -4 5 -6 -7 -8
leaf_value=-0.00038122169516866292 0.046533737461560358 0.0080162007177704206 -0.010962602160399784 0.028873937139170126 0.011594338774181407 0.092700784286895349 0.018961233781055676
leaf_weight=423 96 1272 3189 55 458 38 527
leaf_count=423 96 1272 3189 55 458 38 527
internal_value=9.15952e-06 -0.00275774 -0.00555062 0.0231344 0.0176862 0.0553153 0.0103526
internal_weight=6058 5411 4461 647 554 93 950
internal_count=6058 5411 4461 647 554 93 950
is_linear=0
shrinkage=0.01


Tree=239
num_leaves=7
num_cat=0
split_feature=69 29 1 1 71 11
split_gain=3853.38 2661.06 2060.88 1446.73 1134.83 1015.31
threshold=13.669819033935415 23.001575694093908 85.406896551724159 92.084482758620695 3.7459770114942534 0.60355339059327384
decision_type=2 2 2 2 2 2
left_child=3 -2 -3 4 -1 -5
right_child=1 2 -4 5 -6 -7
leaf_value=-0.014793820690595929 0.084941482900263182 0.0032910589432109711 0.025546263247565839 -0.005495831235532979 -0.0028029311976297245 0.033034686491996326
leaf_weight=1600 45 2060 521 128 1558 146
leaf_count=1600 45 2060 521 128 1558 146
internal_value=9.2316e-06 0.009126 0.00778776 -0.00696665 -0.00887965 0.015056
internal_weight=6058 2626 2581 3432 3158 274
internal_count=6058 2626 2581 3432 3158 274
is_linear=0
shrinkage=0.01


Tree=240
num_leaves=8
num_cat=0
split_feature=69 89 69 32 39 36 38
split_gain=3776.8 2501.95 1738.02 974.809 703.247 659.47 507.172
threshold=13.669819033935415 -0.15705834077288092 31.613209703327048 25.214559386973185 91.813218390804607 54.440804597701153 88.593103448275869
decision_type=2 2 2 2 2 2 2
left_child=3 5 -3 6 -5 -2 -1
right_child=1 2 -4 4 -6 -7 -8
leaf_value=0.0027804517362410353 0.033772601145047411 0.011279274566437621 0.044264278207390567 -0.010127216061491275 0.0062414393674627283 -0.012680193200001971 0.032571549679208923
leaf_weight=246 32 1903 174 2823 289 517 74
leaf_count=246 32 1903 174 2823 289 517 74
internal_value=9.24143e-06 0.00903496 0.0140528 -0.00689697 -0.0086062 -0.00994339 0.00971127
internal_weight=6058 2626 2077 3432 3112 549 320
internal_count=6058 2626 2077 3432 3112 549 320
is_linear=0
shrinkage=0.01


Tree=241
num_leaves=7
num_cat=0
split_feature=17 35 4 54 91 37
split_gain=3713.38 1926.27 3178.65 1134.15 1049.48 988.45
threshold=27.627011494252876 60.019934640522884 5.5000000000000009 242.65000000000001 54.338196286472154 79.542528735632189
decision_type=2 2 2 2 2 2
left_child=1 4 -3 -2 -1 -5
right_child=3 2 -4 5 -6 -7
leaf_value=0.015755741920818803 -0.020645915470681748 0.0079110304700133853 -0.010782963354583406 0.019648323402479049 -0.0097285441213961661 0.05053789163256224
leaf_weight=744 55 1272 3189 458 206 134
leaf_count=744 55 1272 3189 458 206 134
internal_value=9.24066e-06 -0.00269865 -0.0054522 0.0226413 0.0102269 0.0266778
internal_weight=6058 5411 4461 647 950 592
internal_count=6058 5411 4461 647 950 592
is_linear=0
shrinkage=0.01


Tree=242
num_leaves=8
num_cat=0
split_feature=71 4 4 17 4 4 36
split_gain=3682.89 2422.2 2401.55 2381.03 2334.48 1245.5 1067.63
threshold=5.7287356321839091 5.5000000000000009 11.500000000000002 22.948896891229484 2.5000000000000004 13.500000000000002 81.01666666666668
decision_type=2 2 2 2 2 2 2
left_child=1 4 -3 5 -1 -2 -5
right_child=3 2 -4 6 -6 -7 -8
leaf_value=-0.0082003892222911757 -0.0051294052121659195 -0.024497345004268138 -0.0045084338512574309 0.030750030920424141 0.024302976443549881 0.012428020154885736 0.0054198018626204691
leaf_weight=444 926 896 1825 578 439 716 234
leaf_count=444 926 896 1825 578 439 716 234
internal_value=9.19176e-06 -0.00642431 -0.0110941 0.00945717 0.00796331 0.00252772 0.0234589
internal_weight=6058 3604 2721 2454 883 1642 812
internal_count=6058 3604 2721 2454 883 1642 812
is_linear=0
shrinkage=0.01


Tree=243
num_leaves=7
num_cat=0
split_feature=22 29 89 88 90 25
split_gain=3630.66 1718.97 1640.92 1576.01 1480.51 533.715
threshold=20.522514722102347 23.983333333333338 -0.09160529586836845 23.439285714285717 -0.089913815682520257 25.542528735632189
decision_type=2 2 2 2 2 2
left_child=2 -2 5 -4 -3 -1
right_child=1 4 3 -5 -6 -7
leaf_value=0.0054166660506345674 0.077318914591564841 0.0023471503480814067 -0.00037341892465139515 0.071873436056199613 0.023982255618696741 -0.013697269361652237
leaf_weight=161 42 665 3009 30 603 1548
leaf_count=161 42 665 3009 30 603 1548
internal_value=9.12424e-06 0.0147443 -0.00405741 0.000351319 0.0126416 -0.0118953
internal_weight=6058 1310 4748 3039 1268 1709
internal_count=6058 1310 4748 3039 1268 1709
is_linear=0
shrinkage=0.01


Tree=244
num_leaves=8
num_cat=0
split_feature=69 89 4 4 88 4 35
split_gain=3570.85 2385.9 1765.68 2003.24 1736.63 1713.71 464.332
threshold=13.669819033935415 -0.15705834077288092 5.5000000000000009 9.5000000000000018 8.9166666666666696 3.5000000000000004 63.237356321839087
decision_type=2 2 2 2 2 2 2
left_child=2 6 5 -4 -3 -1 -2
right_child=1 4 3 -5 -6 -7 -8
leaf_value=-0.0042263513449796652 0.014630725053757648 0.0095628401953551118 -0.027444279459668892 -0.0061455944620364871 0.033983540104699464 0.02607877297870775 -0.013206656873202955
leaf_weight=557 68 1727 564 2031 350 280 481
leaf_count=557 68 1727 564 2031 350 280 481
internal_value=9.17235e-06 0.00878536 -0.00670609 -0.0107793 0.0136855 0.00592048 -0.00974759
internal_weight=6058 2626 3432 2595 2077 837 549
internal_count=6058 2626 3432 2595 2077 837 549
is_linear=0
shrinkage=0.01


Tree=245
num_leaves=8
num_cat=0
split_feature=71 4 4 17 4 4 29
split_gain=3525 2332.51 2317.74 2266.97 2257.03 1209.92 1157.35
threshold=5.7287356321839091 5.5000000000000009 11.500000000000002 22.948896891229484 2.5000000000000004 13.500000000000002 23.983333333333338
decision_type=2 2 2 2 2 2 2
left_child=1 4 -3 5 -1 -2 -5
right_child=3 2 -4 6 -6 -7 -8
leaf_value=-0.0080595498520491232 -0.0050560893705099644 -0.024034788316265328 -0.0043977696894752479 0.083408104439250758 0.023900077017698022 0.012248767119376749 0.020541413955852246
leaf_weight=444 926 896 1825 30 439 716 782
leaf_count=444 926 896 1825 30 439 716 782
internal_value=9.10722e-06 -0.00628498 -0.0108675 0.00925234 0.00783375 0.00249088 0.0229146
internal_weight=6058 3604 2721 2454 883 1642 812
internal_count=6058 3604 2721 2454 883 1642 812
is_linear=0
shrinkage=0.01


Tree=246
num_leaves=7
num_cat=0
split_feature=22 87 29 90 46 4
split_gain=3475.09 1756.4 1659.36 1426.5 1030.84 850.168
threshold=20.522514722102347 1.1000000000000012 23.983333333333338 -0.089913815682520257 24.539814814814822 13.500000000000002
decision_type=2 2 2 2 2 2
left_child=1 5 -2 -4 -3 -1
right_child=2 4 3 -5 -6 -7
leaf_value=-0.011908812338463805 0.075904895918509546 0.019144946821005555 0.0022543235757912262 0.023491091847111099 7.0121113071103168e-05 -0.0015488262015464509
leaf_weight=2053 42 393 665 603 1012 1290
leaf_count=2053 42 393 665 603 1012 1290
internal_value=9.09667e-06 -0.00396935 0.0144251 0.0123592 0.00541091 -0.00791207
internal_weight=6058 4748 1310 1268 1405 3343
internal_count=6058 4748 1310 1268 1405 3343
is_linear=0
shrinkage=0.01


Tree=247
num_leaves=8
num_cat=0
split_feature=71 4 4 4 17 4 36
split_gain=3420.42 2289.74 2262.55 2205.86 2186.96 1173.12 1033.14
threshold=5.7287356321839091 5.5000000000000009 9.5000000000000018 2.5000000000000004 22.948896891229484 13.500000000000002 81.01666666666668
decision_type=2 2 2 2 2 2 2
left_child=1 3 -3 -1 5 -2 -6
right_child=4 2 -4 -5 6 -7 -8
leaf_value=-0.0079143708523455054 -0.0049581874745309399 -0.028034538978869795 -0.005924453165552194 0.0236808785820916 0.029705460173394226 0.012081431198462231 0.0047892693581619563
leaf_weight=444 926 591 2130 439 578 716 234
leaf_count=444 926 591 2130 439 578 716 234
internal_value=9.09601e-06 -0.00619092 -0.0107312 0.00779775 0.00911419 0.00247311 0.0225332
internal_weight=6058 3604 2721 883 2454 1642 812
internal_count=6058 3604 2721 883 2454 1642 812
is_linear=0
shrinkage=0.01


Tree=248
num_leaves=7
num_cat=0
split_feature=22 29 88 35 4 4
split_gain=3369.89 2330.55 1834.22 1014.51 1433.02 649.932
threshold=13.305172413793105 23.001575694093908 5.8643678160919555 66.830459770114956 6.5000000000000009 14.500000000000002
decision_type=2 2 2 2 2 2
left_child=3 -2 -3 5 -5 -1
right_child=1 2 -4 4 -6 -7
leaf_value=-0.0073071484832345083 0.078616510298944287 0.0033192439429987246 0.025327406231648371 0.0020215066339477968 -0.01476002147573627 0.0096637769489089208
leaf_weight=395 46 2155 459 715 1763 525
leaf_count=395 46 2155 459 715 1763 525
internal_value=9.0235e-06 0.00843798 0.00718802 -0.0065894 -0.00991826 0.00237679
internal_weight=6058 2660 2614 3398 2478 920
internal_count=6058 2660 2614 3398 2478 920
is_linear=0
shrinkage=0.01


Tree=249
num_leaves=7
num_cat=0
split_feature=69 29 89 32 64 38
split_gain=3325.65 2445.08 1961.48 923.683 694.132 483.554
threshold=13.669819033935415 23.001575694093908 -0.15705834077288092 25.214559386973185 26.542528735632189 88.593103448275869
decision_type=2 2 2 2 2 2
left_child=3 -2 -3 5 -5 -1
right_child=1 2 -4 4 -6 -7
leaf_value=0.002927028331501338 0.081151874063106672 -0.0095689390964595923 0.011726722959463047 -0.0067857718616603094 -0.024682970545296352 0.032016946150640012
leaf_weight=246 45 549 2032 2878 234 74
leaf_count=246 45 549 2032 2878 234 74
internal_value=9.01489e-06 0.00847852 0.00719579 -0.00647159 -0.00813542 0.00969509
internal_weight=6058 2626 2581 3432 3112 320
internal_count=6058 2626 2581 3432 3112 320
is_linear=0
shrinkage=0.01


Tree=250
num_leaves=8
num_cat=0
split_feature=22 88 29 4 39 45 80
split_gain=3285.12 1618.16 1465.52 1675.11 1195.97 795.793 494.789
threshold=20.522514722102347 8.9166666666666696 24.90454545454546 5.5000000000000009 75.932183908045985 22.168894830659543 53.416666666666679
decision_type=2 2 2 2 2 2 2
left_child=2 4 6 -4 -2 -3 -1
right_child=1 5 3 -5 -6 -7 -8
leaf_value=0.013999386397139008 0.022098804614928799 0.083644004851220602 0.0058902344323913019 -0.0085387261969589161 0.00170639290207649 0.030373617632265679 0.054850066765494969
leaf_weight=217 497 41 1049 3448 682 90 34
leaf_count=217 497 41 1049 3448 682 90 34
internal_value=8.99639e-06 0.0140254 -0.00385918 -0.00517254 0.0103088 0.0473045 0.019633
internal_weight=6058 1310 4748 4497 1179 131 251
internal_count=6058 1310 4748 4497 1179 131 251
is_linear=0
shrinkage=0.01


Tree=251
num_leaves=8
num_cat=0
split_feature=71 4 4 4 11 4 68
split_gain=3242.12 2186.57 2208.7 2156.38 1851.74 2474.12 1380.62
threshold=5.7287356321839091 5.5000000000000009 9.5000000000000018 2.5000000000000004 -0.37940952255126065 6.5000000000000009 36.109674540716291
decision_type=2 2 2 2 2 2 2
left_child=1 3 -3 -1 6 -6 -2
right_child=4 2 -4 -5 5 -7 -8
leaf_value=-0.0078921344918361259 0.012462205137337413 -0.027560144779651047 -0.0057148263566982813 0.023346708721709592 0.015560947812836685 -0.010048240879734398 0.039680242036547346
leaf_weight=444 685 591 2130 439 713 800 256
leaf_count=444 685 591 2130 439 713 800 256
internal_value=9.07892e-06 -0.00602717 -0.010464 0.0076427 0.00887368 0.00202089 0.0198846
internal_weight=6058 3604 2721 883 2454 1513 941
internal_count=6058 3604 2721 883 2454 1513 941
is_linear=0
shrinkage=0.01


Tree=252
num_leaves=8
num_cat=0
split_feature=17 4 4 1 62 23 36
split_gain=3211.53 1971.52 5263.23 3694.9 918.627 892.573 442.683
threshold=13.948809523809524 5.5000000000000009 11.500000000000002 84.678160919540247 3.7579627651401406 20.550000000000004 57.576436781609203
decision_type=2 2 2 2 2 2 2
left_child=4 3 -3 -2 5 -1 -6
right_child=1 2 -4 -5 6 -7 -8
leaf_value=-0.0048781210631338107 -0.0014767152838621185 -0.020133936337278318 0.015912173545044022 0.044190009601207517 0.01430552601062249 0.013821498318189558 -0.015228305248602709
leaf_weight=2215 333 628 1139 378 53 288 1024
leaf_count=2215 333 628 1139 378 53 288 1024
internal_value=9.02019e-06 0.0087596 0.00309886 0.0228151 -0.00604819 -0.00272398 -0.0137685
internal_weight=6058 2478 1767 711 3580 2503 1077
internal_count=6058 2478 1767 711 3580 2503 1077
is_linear=0
shrinkage=0.01


Tree=253
num_leaves=8
num_cat=0
split_feature=69 87 36 68 39 71 71
split_gain=3156.62 2178.21 1333.28 1281.18 823.188 1057.69 540.679
threshold=13.669819033935415 2.4100353669319201 83.01666666666668 43.304597701149433 93.542528735632189 3.7459770114942534 4.2166666666666677
decision_type=2 2 2 2 2 2 2
left_child=4 2 -2 -3 5 -1 -6
right_child=1 3 -4 -5 6 -7 -8
leaf_value=-0.012905829087425357 0.0082874797339530029 0.018360407628111461 -0.0098991073449793115 0.057257782320223938 0.026515325866854237 -0.0014964241594985085 -0.011189491683835382
leaf_weight=1697 1476 494 554 102 121 1559 55
leaf_count=1697 1476 494 554 102 121 1559 55
internal_value=8.96757e-06 0.00826044 0.00332278 0.0250606 -0.0063048 -0.00744413 0.0147314
internal_weight=6058 2626 2030 596 3432 3256 176
internal_count=6058 2626 2030 596 3432 3256 176
is_linear=0
shrinkage=0.01


Tree=254
num_leaves=8
num_cat=0
split_feature=22 87 88 32 38 11 6
split_gain=3111.07 1638.13 1566.69 978.06 920.882 855.655 790.333
threshold=20.522514722102347 1.1000000000000012 8.9166666666666696 24.483333333333338 74.746666666666684 -0.37940952255126065 14.500000000000002
decision_type=2 2 2 2 2 2 2
left_child=1 5 4 -3 -2 -1 -4
right_child=2 3 6 -5 -6 -7 -8
leaf_value=-0.00059416200406446043 0.021354745431171464 0.040317355153675107 0.011067255928256046 0.0033143122839051583 0.0031175931010330076 -0.011235706595402753 0.063490882704308055
leaf_weight=1154 444 75 43 1330 735 2189 88
leaf_count=1154 444 75 43 1330 735 2189 88
internal_value=8.93885e-06 -0.00375537 0.013649 0.00530356 0.00999209 -0.00756304 0.0463944
internal_weight=6058 4748 1310 1405 1179 3343 131
internal_count=6058 4748 1310 1405 1179 3343 131
is_linear=0
shrinkage=0.01


Tree=255
num_leaves=8
num_cat=0
split_feature=71 4 4 4 17 4 29
split_gain=3072.87 2114 2137.6 2091.95 2008.52 1090.16 1052.08
threshold=5.7287356321839091 5.5000000000000009 9.5000000000000018 2.5000000000000004 22.948896891229484 13.500000000000002 23.983333333333338
decision_type=2 2 2 2 2 2 2
left_child=1 3 -3 -1 5 -2 -6
right_child=4 2 -4 -5 6 -7 -8
leaf_value=-0.0077275425374583326 -0.0048889409505108276 -0.027048903412465086 -0.0055581170036952546 0.023041083451592767 0.079173959673428135 0.011537100233860309 0.019236524779394793
leaf_weight=444 926 591 2130 439 30 716 782
leaf_count=444 926 591 2130 439 30 716 782
internal_value=8.95994e-06 -0.00586762 -0.0102302 0.00757347 0.00863908 0.00227472 0.0214989
internal_weight=6058 3604 2721 883 2454 1642 812
internal_count=6058 3604 2721 883 2454 1642 812
is_linear=0
shrinkage=0.01


Tree=256
num_leaves=8
num_cat=0
split_feature=22 88 68 22 35 1 11
split_gain=3009.34 1867.79 1656.12 1276.28 962.468 968.137 606.11
threshold=13.305172413793105 5.8643678160919555 50.385662431941931 29.950000000000003 66.830459770114956 83.483333333333348 -0.5
decision_type=2 2 2 2 2 2 2
left_child=4 3 -3 -2 6 -6 -1
right_child=1 2 -4 -5 5 -7 -8
leaf_value=0.0096061151354981736 0.00019797630693638214 0.020332786731525308 0.088050528345228751 0.019084670309667848 -0.014574566535898337 -0.0018166213221993456 -0.0067628893910864074
leaf_weight=521 1739 432 39 450 1486 992 399
leaf_count=521 1739 432 39 450 1486 992 399
internal_value=8.94195e-06 0.00797423 0.0260285 0.00408428 -0.0062265 -0.00946887 0.00250659
internal_weight=6058 2660 471 2189 3398 2478 920
internal_count=6058 2660 471 2189 3398 2478 920
is_linear=0
shrinkage=0.01


Tree=257
num_leaves=8
num_cat=0
split_feature=17 4 4 1 36 1 4
split_gain=2978.75 1914.8 5060.46 3605 834.183 847.326 812.949
threshold=13.948809523809524 5.5000000000000009 11.500000000000002 84.678160919540247 58.712068965517254 92.084482758620695 21.500000000000004
decision_type=2 2 2 2 2 2 2
left_child=4 3 -3 -2 6 -6 -1
right_child=1 2 -4 -5 5 -7 -8
leaf_value=0.0027273935493991133 -0.0017058589719417417 -0.019923025295268761 0.015421895179356489 0.043401554567116848 -0.0088637193964098224 0.011158522869892171 0.047096292596271162
leaf_weight=317 333 628 1139 378 2989 227 47
leaf_count=317 333 628 1139 378 2989 227 47
internal_value=8.94756e-06 0.00843644 0.00285778 0.0222882 -0.00582461 -0.00744879 0.00851446
internal_weight=6058 2478 1767 711 3580 3216 364
internal_count=6058 2478 1767 711 3580 3216 364
is_linear=0
shrinkage=0.01


Tree=258
num_leaves=7
num_cat=0
split_feature=17 89 22 54 89 4
split_gain=2933.31 1643.45 1278.97 1009.52 902.208 490.717
threshold=27.627011494252876 -0.06051608971061772 13.305172413793105 242.65000000000001 -0.14120055844096666 5.5000000000000009
decision_type=2 2 2 2 2 2
left_child=1 5 -3 -2 -5 -1
right_child=3 2 -4 4 -6 -7
leaf_value=-0.00010752482631664268 -0.020709472037650441 -0.0032720020294092125 0.009485739861442825 -0.016141222243170137 0.027722772437411801 -0.011553539689421933
leaf_weight=479 55 1845 1368 51 541 1719
leaf_count=479 55 1845 1368 51 541 1719
internal_value=8.93261e-06 -0.00239779 0.00216034 0.0201239 0.0239327 -0.00905998
internal_weight=6058 5411 3213 647 592 2198
internal_count=6058 5411 3213 647 592 2198
is_linear=0
shrinkage=0.01


Tree=259
num_leaves=8
num_cat=0
split_feature=17 29 1 31 62 23 79
split_gain=2877.66 2145.29 1938.61 969.445 873.039 855.911 574.271
threshold=13.948809523809524 24.001830120549666 85.406896551724159 27.804761904761907 3.7579627651401406 20.550000000000004 4.3793103448275872
decision_type=2 2 2 2 2 2 2
left_child=4 3 -3 -2 5 -1 -6
right_child=1 2 -4 -5 6 -7 -8
leaf_value=-0.0045937240857610437 0.017458270527221063 0.00055587446430003986 0.020847238011957418 0.074048519920476161 -0.016389098440644595 0.013717793435323176 0.0037225607171743136
leaf_weight=2215 55 1705 650 68 909 288 168
leaf_count=2215 55 1705 650 68 909 288 168
internal_value=8.82793e-06 0.00829208 0.00615991 0.0489211 -0.00572488 -0.00248425 -0.0132512
internal_weight=6058 2478 2355 123 3580 2503 1077
internal_count=6058 2478 2355 123 3580 2503 1077
is_linear=0
shrinkage=0.01


Tree=260
num_leaves=8
num_cat=0
split_feature=71 4 4 4 17 4 35
split_gain=2896.86 2016.15 2074.66 2025.24 1876.53 1042.76 884.922
threshold=5.7287356321839091 5.5000000000000009 9.5000000000000018 3.5000000000000004 22.948896891229484 13.500000000000002 60.019934640522884
decision_type=2 2 2 2 2 2 2
left_child=1 3 -3 -1 5 -2 -6
right_child=4 2 -4 -5 6 -7 -8
leaf_value=-0.0032458456901006973 -0.0047697566648501914 -0.026526615369309208 -0.0053546304183980861 0.028896104003148855 0.044268912045084305 0.011295212851535719 0.016153574813869712
leaf_weight=590 926 591 2130 293 134 716 678
leaf_count=590 926 591 2130 293 134 716 678
internal_value=8.83242e-06 -0.00569696 -0.00995739 0.00742935 0.00838815 0.00223643 0.0208183
internal_weight=6058 3604 2721 883 2454 1642 812
internal_count=6058 3604 2721 883 2454 1642 812
is_linear=0
shrinkage=0.01


Tree=261
num_leaves=7
num_cat=0
split_feature=69 29 89 4 4 4
split_gain=2851.94 2257.79 1745.73 1477.79 1733.62 1509.25
threshold=13.669819033935415 23.001575694093908 -0.15705834077288092 5.5000000000000009 9.5000000000000018 3.5000000000000004
decision_type=2 2 2 2 2 2
left_child=3 -2 -3 5 -5 -1
right_child=1 2 -4 4 -6 -7
leaf_value=-0.0039634972886261714 0.077686293317721436 -0.0091963996673418077 0.010893897628720029 -0.025221852057744597 -0.0054083819463248521 0.02447642037501549
leaf_weight=557 45 549 2032 564 2031 280
leaf_count=557 45 549 2032 564 2031 280
internal_value=8.79334e-06 0.00785195 0.00661938 -0.00599254 -0.00971888 0.00555879
internal_weight=6058 2626 2581 3432 2595 837
internal_count=6058 2626 2581 3432 2595 837
is_linear=0
shrinkage=0.01


Tree=262
num_leaves=8
num_cat=0
split_feature=71 4 4 4 88 4 83
split_gain=2799.84 1947.32 1999.18 1974.77 1617.26 1533.74 1138.89
threshold=5.7287356321839091 5.5000000000000009 9.5000000000000018 2.5000000000000004 11.293103448275863 13.500000000000002 26.911266394560773
decision_type=2 2 2 2 2 2 2
left_child=1 3 -3 -1 5 -2 -6
right_child=4 2 -4 -5 6 -7 -8
leaf_value=-0.0075666235817849837 -0.0015825316502513752 -0.026052765995697832 -0.0052694720412733258 0.022327836116741703 0.020885275122636379 0.015245528245333134 0.072680900346051458
leaf_weight=444 1273 591 2130 439 184 942 55
leaf_count=444 1273 591 2130 439 184 942 55
internal_value=8.76093e-06 -0.00560067 -0.00978774 0.00729963 0.00824656 0.00557574 0.0329337
internal_weight=6058 3604 2721 883 2454 2215 239
internal_count=6058 3604 2721 883 2454 2215 239
is_linear=0
shrinkage=0.01


Tree=263
num_leaves=8
num_cat=0
split_feature=17 1 35 72 67 28 39
split_gain=2745.92 1720.47 1917.85 971.425 905.178 873.645 871.962
threshold=27.627011494252876 93.576436781609218 60.019934640522884 50.385662431941931 4.5252873563218401 29.237356321839084 65.583333333333343
decision_type=2 2 2 2 2 2 2
left_child=1 2 -1 6 -3 -5 -2
right_child=3 4 -4 5 -6 -7 -8
leaf_value=0.0094199362046909606 0.041748045676807663 0.0052941098407124788 -0.0063038459769244309 0.025655363847728534 0.047307007443141473 0.089359551032384243 0.0086535081446268303
leaf_weight=948 96 104 4258 59 101 34 458
leaf_count=948 96 104 4258 59 101 34 458
internal_value=8.74733e-06 -0.00231982 -0.00343986 0.0194706 0.0260603 0.0493037 0.0144217
internal_weight=6058 5411 5206 647 205 93 554
internal_count=6058 5411 5206 647 205 93 554
is_linear=0
shrinkage=0.01


Tree=264
num_leaves=7
num_cat=0
split_feature=22 87 29 90 4 11
split_gain=2735.09 1563.15 1297.1 1089.51 912.496 784.177
threshold=21.779885057471265 0.83333333333333337 23.983333333333338 -0.089913815682520257 5.5000000000000009 -0.37940952255126065
decision_type=2 2 2 2 2 2
left_child=1 5 -2 -4 -3 -1
right_child=2 4 3 -5 -6 -7
leaf_value=-0.00042863194452208404 0.069304016415719635 0.017285874090675338 0.0023829226541000675 0.021966643665534545 0.00025548988483046066 -0.0108477596270679
leaf_weight=1090 40 423 598 541 1224 2142
leaf_count=1090 40 423 598 541 1224 2142
internal_value=8.84647e-06 -0.00329436 0.0136744 0.0116908 0.00463364 -0.00733465
internal_weight=6058 4879 1179 1139 1647 3232
internal_count=6058 4879 1179 1139 1647 3232
is_linear=0
shrinkage=0.01


Tree=265
num_leaves=8
num_cat=0
split_feature=69 11 1 1 1 71 11
split_gain=2708.82 2064.34 4140.51 1221.35 1195.14 1009.94 886.768
threshold=13.669819033935415 -0.5 83.483333333333348 92.084482758620695 79.268954248366029 3.5833333333333339 0.60355339059327384
decision_type=2 2 2 2 2 2 2
left_child=3 4 -3 5 -2 -1 -5
right_child=1 2 -4 6 -6 -7 -8
leaf_value=-0.013714443462848669 0.026586165490509763 -0.0088327722060078471 0.024476973991387957 -0.0048133781858745259 -0.0012476737168234334 -0.0023689644309780379 0.031196264315180404
leaf_weight=1455 673 1215 538 128 200 1703 146
leaf_count=1455 673 1215 538 128 200 1703 146
internal_value=8.84212e-06 0.00765267 0.00139385 -0.00583996 0.0202119 -0.00759772 0.0143943
internal_weight=6058 2626 1753 3432 873 3158 274
internal_count=6058 2626 1753 3432 873 3158 274
is_linear=0
shrinkage=0.01


Tree=266
num_leaves=8
num_cat=0
split_feature=22 90 1 36 82 22 67
split_gain=2645.96 1395.9 1235.42 1296.91 760.057 711.815 704.4
threshold=20.522514722102347 -0.089913815682520257 93.576436781609218 83.881609195402305 10.767406705179065 36.276854925394737 4.5252873563218401
decision_type=2 2 2 2 2 2 2
left_child=2 5 3 -1 -3 -2 -4
right_child=1 4 6 -5 -6 -7 -8
leaf_value=-0.00091739348472633586 -0.0026612505433830985 0.019214245821041111 0.0036581132832527812 -0.012469295076492566 0.053088294612650841 0.022482416863556495 0.04416337167659054
leaf_weight=3176 536 557 91 1400 75 142 81
leaf_count=3176 536 557 91 1400 75 142 81
internal_value=8.79356e-06 0.012588 -0.00346274 -0.00445271 0.0232737 0.00261678 0.0228089
internal_weight=6058 1310 4748 4576 632 678 172
internal_count=6058 1310 4748 4576 632 678 172
is_linear=0
shrinkage=0.01


Tree=267
num_leaves=8
num_cat=0
split_feature=71 17 38 67 33 0 87
split_gain=2636.32 1714.37 1098.49 1813.29 1142.37 939.248 645.261
threshold=5.7287356321839091 22.948896891229484 88.287931034482781 6.3833333333333337 65.629084967320281 24.001830120549666 1.1000000000000012
decision_type=2 2 2 2 2 2 2
left_child=2 6 4 -4 -1 -3 -2
right_child=1 5 3 -5 -6 -7 -8
leaf_value=0.0015984129400584155 -0.0017060967545428636 0.059625556836257108 -0.0021074572258189214 0.037470633846500324 -0.01239791518878137 0.016957812307246349 0.012380941660146565
leaf_weight=822 1196 55 636 141 2005 757 446
leaf_count=822 1196 55 636 141 2005 757 446
internal_value=8.8109e-06 0.00800245 -0.00543435 0.0050935 -0.0083285 0.0198834 0.00212252
internal_weight=6058 2454 3604 777 2827 812 1642
internal_count=6058 2454 3604 777 2827 812 1642
is_linear=0
shrinkage=0.01


Tree=268
num_leaves=8
num_cat=0
split_feature=71 11 1 1 11 35 37
split_gain=2583.92 1602.59 2996.28 1587.76 2003.65 1715.2 1360.54
threshold=5.7287356321839091 -0.37940952255126065 84.576436781609218 88.678160919540247 0.37940952255126054 87.438888888888911 63.644252873563225
decision_type=2 2 2 2 2 2 2
left_child=3 6 -3 5 -5 -1 -2
right_child=1 2 -4 4 -6 -7 -8
leaf_value=-0.0056445155770940012 0.055271567873448627 -0.0071045336043145295 0.024421419094633828 -0.010176806018381217 0.023865891769473825 -0.028419949470337547 0.014259182711962689
leaf_weight=2529 89 1098 415 320 375 380 852
leaf_count=2529 89 1098 415 320 375 380 852
internal_value=8.81591e-06 0.0079226 0.00154758 -0.00537997 0.00819479 -0.00862419 0.018166
internal_weight=6058 2454 1513 3604 695 2909 941
internal_count=6058 2454 1513 3604 695 2909 941
is_linear=0
shrinkage=0.01


Tree=269
num_leaves=7
num_cat=0
split_feature=69 29 3 4 4 4
split_gain=2549.49 2146.75 1659.52 1379.27 1640.68 1422.31
threshold=13.669819033935415 23.001575694093908 540.58461538461552 5.5000000000000009 9.5000000000000018 3.5000000000000004
decision_type=2 2 2 2 2 2
left_child=3 -2 -3 5 -5 -1
right_child=1 2 -4 4 -6 -7
leaf_value=-0.0037498198526756911 0.075519600548423244 0.0015395792357283068 0.019952146557156176 -0.024347028818771745 -0.0050720974879647409 0.023858847632323547
leaf_weight=557 45 1925 656 564 2031 280
leaf_count=557 45 1925 656 564 2031 280
internal_value=8.78175e-06 0.0074244 0.00622256 -0.0056654 -0.00926541 0.00549419
internal_weight=6058 2626 2581 3432 2595 837
internal_count=6058 2626 2581 3432 2595 837
is_linear=0
shrinkage=0.01


Tree=270
num_leaves=7
num_cat=0
split_feature=22 88 11 88 38 30
split_gain=2498.81 1459.48 1568.82 1034.76 1014.97 981.081
threshold=21.779885057471265 23.439285714285717 -0.9159756150367534 8.9166666666666696 74.746666666666684 27.143184267241384
decision_type=2 2 2 2 2 2
left_child=1 2 -1 4 -2 -5
right_child=3 -3 -4 5 -6 -7
leaf_value=0.0115482151287539 0.022540526808128788 0.061663065236547715 -0.0057453275395461358 0.064004430682083654 0.0023595388844502583 0.0044965170562922298
leaf_weight=598 399 34 4247 72 663 45
leaf_count=598 399 34 4247 72 663 45
internal_value=8.76637e-06 -0.00314854 -0.00360978 0.0130707 0.00994917 0.0412376
internal_weight=6058 4879 4845 1179 1062 117
internal_count=6058 4879 4845 1179 1062 117
is_linear=0
shrinkage=0.01


Tree=271
num_leaves=8
num_cat=0
split_feature=17 29 4 31 62 23 79
split_gain=2457.62 1983.75 2344.66 934.136 812.471 808.99 544.355
threshold=13.948809523809524 24.001830120549666 5.5000000000000009 27.804761904761907 3.7579627651401406 20.550000000000004 4.3793103448275872
decision_type=2 2 2 2 2 2 2
left_child=4 3 -3 -2 5 -1 -6
right_child=1 2 -4 -5 6 -7 -8
leaf_value=-0.0042146676435897016 0.01586341873563088 0.020855852086489834 -0.0009164502584087772 0.071395595149946034 -0.01560557386842943 0.013587812085757017 0.0039744379959934188
leaf_weight=2215 55 706 1649 68 909 288 168
leaf_count=2215 55 706 1649 68 909 288 168
internal_value=8.81469e-06 0.0076637 0.00561345 0.0467329 -0.00528993 -0.00216378 -0.0125504
internal_weight=6058 2478 2355 123 3580 2503 1077
internal_count=6058 2478 2355 123 3580 2503 1077
is_linear=0
shrinkage=0.01


Tree=272
num_leaves=8
num_cat=0
split_feature=71 4 4 4 17 4 0
split_gain=2447.51 1802.47 1899.63 1855.55 1630.75 929.908 912.08
threshold=5.7287356321839091 5.5000000000000009 9.5000000000000018 2.5000000000000004 22.948896891229484 13.500000000000002 24.001830120549666
decision_type=2 2 2 2 2 2 2
left_child=1 3 -3 -1 5 -2 -6
right_child=4 2 -4 -5 6 -7 -8
leaf_value=-0.0072351697355014337 -0.0046399886468812398 -0.025119006800952599 -0.004859893013077282 0.021742849046099546 0.058460540854179108 0.010530788107361159 0.01641574212716702
leaf_weight=444 926 591 2130 439 55 716 757
leaf_count=444 926 591 2130 439 55 716 757
internal_value=8.81398e-06 -0.0052358 -0.00926415 0.00717538 0.00771088 0.00197617 0.0192984
internal_weight=6058 3604 2721 883 2454 1642 812
internal_count=6058 3604 2721 883 2454 1642 812
is_linear=0
shrinkage=0.01


Tree=273
num_leaves=8
num_cat=0
split_feature=69 11 1 43 1 36 11
split_gain=2412.47 1968.41 3923.08 1182.21 1142.99 904.928 833.879
threshold=13.669819033935415 -0.5 83.483333333333348 23.506944444444446 92.084482758620695 89.01666666666668 0.60355339059327384
decision_type=2 2 2 2 2 2 2
left_child=4 3 -3 -2 5 -1 -6
right_child=1 2 -4 -5 6 -7 -8
leaf_value=-0.0049985860013942261 0.036451589823302308 -0.0088436248778234923 0.023579712131557885 0.011493010802586998 -0.0045627866479140576 -0.02016857801881557 0.03035669930131769
leaf_weight=2698 279 1215 538 594 128 460 146
leaf_count=2698 279 1215 538 594 128 460 146
internal_value=8.77892e-06 0.00722237 0.00111078 0.0194863 -0.00551082 -0.00721128 0.0140635
internal_weight=6058 2626 1753 873 3432 3158 274
internal_count=6058 2626 1753 873 3432 3158 274
is_linear=0
shrinkage=0.01


Tree=274
num_leaves=8
num_cat=0
split_feature=71 17 1 11 34 29 11
split_gain=2369.67 1585.51 1509.73 1918.4 1538.24 910.014 896.746
threshold=5.7287356321839091 22.948896891229484 88.678160919540247 0.37940952255126054 66.830459770114956 23.983333333333338 -0.25881904510252113
decision_type=2 2 2 2 2 2 2
left_child=2 6 4 -4 -1 -3 -2
right_child=1 5 3 -5 -6 -7 -8
leaf_value=0.002547830961136326 0.010333456871440326 0.072647923068922066 -0.0098914163525328155 0.023419205230133692 -0.01318149681523696 0.016909702941833939 -0.004564355948030209
leaf_weight=900 716 30 320 375 2009 782 926
leaf_count=900 716 30 320 375 2009 782 926
internal_value=8.74256e-06 0.00758735 -0.00515181 0.00808514 -0.00831531 0.0190131 0.00193275
internal_weight=6058 2454 3604 695 2909 812 1642
internal_count=6058 2454 3604 695 2909 812 1642
is_linear=0
shrinkage=0.01


Tree=275
num_leaves=7
num_cat=0
split_feature=22 29 88 29 90 11
split_gain=2327.75 1441.45 1396.12 1188.82 991.138 452.86
threshold=21.779885057471265 24.90454545454546 23.439285714285717 23.983333333333338 -0.089913815682520257 -0.9159756150367534
decision_type=2 2 2 2 2 2
left_child=1 5 -3 -2 -5 -1
right_child=3 2 -4 4 -6 -7
leaf_value=0.040505006813499708 0.065871589723928481 -0.0047913322389162363 0.060983614934407744 0.0018395336118064598 0.02051783067922926 0.01138495284525773
leaf_weight=75 40 4587 32 598 541 185
leaf_count=75 40 4587 32 598 541 185
internal_value=8.73701e-06 -0.00303858 -0.00432899 0.0126157 0.0107169 0.0198485
internal_weight=6058 4879 4619 1179 1139 260
internal_count=6058 4879 4619 1179 1139 260
is_linear=0
shrinkage=0.01


Tree=276
num_leaves=7
num_cat=0
split_feature=69 29 3 4 4 4
split_gain=2302.54 2003.88 1577.1 1303.97 1566.46 1350.38
threshold=13.669819033935415 23.001575694093908 540.58461538461552 5.5000000000000009 9.5000000000000018 3.5000000000000004
decision_type=2 2 2 2 2 2
left_child=3 -2 -3 5 -5 -1
right_child=1 2 -4 4 -6 -7
leaf_value=-0.0035401892135264309 0.072846304387181662 0.0013298367405173875 0.019279272360178186 -0.023620451831901437 -0.0047866090177348629 0.02336132721087452
leaf_weight=557 45 1925 656 564 2031 280
leaf_count=557 45 1925 656 564 2031 280
internal_value=8.81494e-06 0.00705614 0.005895 -0.00538355 -0.00888393 0.0054671
internal_weight=6058 2626 2581 3432 2595 837
internal_count=6058 2626 2581 3432 2595 837
is_linear=0
shrinkage=0.01


Tree=277
num_leaves=8
num_cat=0
split_feature=22 35 12 10 90 39 92
split_gain=2269.88 1659.83 1501.35 967.137 734.983 692.868 367.479
threshold=29.950000000000003 56.457471264367825 0.25881904510252057 2.5000000000000004 -0.0866981917624952 76.377536231884065 19.337194444444446
decision_type=2 2 2 2 2 2 2
left_child=1 3 -3 -1 5 -2 -6
right_child=4 2 -4 -5 6 -7 -8
leaf_value=0.0074995855161842971 0.02961859337910025 -0.0086489393723807474 0.002475271990862915 0.039306200798428004 0.0019521333291882376 -0.0016329636946123948 0.039784274713354335
leaf_weight=497 113 2775 2155 118 30 189 181
leaf_count=497 113 2775 2155 118 30 189 181
internal_value=8.79686e-06 -0.00185364 -0.00378647 0.0136301 0.020123 0.0100885 0.034425
internal_weight=6058 5545 4930 615 513 302 211
internal_count=6058 5545 4930 615 513 302 211
is_linear=0
shrinkage=0.01


Tree=278
num_leaves=8
num_cat=0
split_feature=72 4 35 35 1 4 76
split_gain=2239.72 1724.17 3035.87 2060.76 1075.16 1882.41 1408.73
threshold=38.694827586206905 5.5000000000000009 72.305172413793116 77.80740740740741 85.406896551724159 12.500000000000002 49.742857142857154
decision_type=2 2 2 2 2 2 2
left_child=1 3 -3 -1 5 -2 -6
right_child=4 2 -4 -5 6 -7 -8
leaf_value=-0.017627724348222965 -0.0066017494015669243 0.0032276591005637712 -0.014795913861418222 0.014392764126122819 0.02074654996035509 0.022029321179316618 0.088330517112434684
leaf_weight=255 442 1783 1963 942 158 477 38
leaf_count=255 442 1783 1963 942 158 477 38
internal_value=8.80244e-06 -0.00287923 -0.00621774 0.00756643 0.012808 0.00826235 0.0340435
internal_weight=6058 4943 3746 1197 1115 919 196
internal_count=6058 4943 3746 1197 1115 919 196
is_linear=0
shrinkage=0.01


Tree=279
num_leaves=8
num_cat=0
split_feature=71 4 34 4 11 4 68
split_gain=2230.57 1667.37 1815.01 1770.01 1471.64 2060.74 1144.63
threshold=5.7287356321839091 5.5000000000000009 74.601630434782621 2.5000000000000004 -0.37940952255126065 6.5000000000000009 36.109674540716291
decision_type=2 2 2 2 2 2 2
left_child=1 3 -3 -1 6 -6 -2
right_child=4 2 -4 -5 5 -7 -8
leaf_value=-0.0071353887850366306 0.010420150692612042 -0.00074868543868272645 -0.017082571005725137 0.021166768550521044 0.013610127431722312 -0.0097619154042966304 0.035201346212427986
leaf_weight=444 685 1368 1353 439 713 800 256
leaf_count=444 685 1368 1353 439 713 800 256
internal_value=8.80578e-06 -0.00499798 -0.00887244 0.00693901 0.00736161 0.00125267 0.0171775
internal_weight=6058 3604 2721 883 2454 1513 941
internal_count=6058 3604 2721 883 2454 1513 941
is_linear=0
shrinkage=0.01


Tree=280
num_leaves=8
num_cat=0
split_feature=17 4 4 33 17 60 7
split_gain=2190.96 1683 4440.39 2793.92 768.03 627.142 405.621
threshold=13.948809523809524 5.5000000000000009 9.5000000000000018 82.15000000000002 4.5086206896551735 15.508620689655174 11.500000000000002
decision_type=2 2 2 2 2 2 2
left_child=4 3 -3 -2 6 -6 -1
right_child=1 2 -4 -5 5 -7 -8
leaf_value=-0.013990529815357922 -0.0049563805092091955 -0.022329438287081997 0.012326635049444583 0.035812388451048414 -0.0011182736743857 -0.013302740170004107 -0.049582947547884955
leaf_weight=469 272 526 1241 439 2572 505 34
leaf_count=469 272 526 1241 439 2572 505 34
internal_value=8.75457e-06 0.00723643 0.00200654 0.0202227 -0.00499426 -0.00312 -0.0164442
internal_weight=6058 2478 1767 711 3580 3077 503
internal_count=6058 2478 1767 711 3580 3077 503
is_linear=0
shrinkage=0.01


Tree=281
num_leaves=8
num_cat=0
split_feature=29 4 34 1 67 29 23
split_gain=2211.16 2410.77 3193.94 2674.68 782.252 466.871 260.777
threshold=24.001830120549666 5.5000000000000009 76.667948717948732 79.268954248366029 10.209334032253059 23.001575694093908 15.05057471264368
decision_type=2 2 2 2 2 2 2
left_child=4 3 -3 -2 6 -6 -1
right_child=1 2 -4 -5 5 -7 -8
leaf_value=0.0029757970717718013 -0.017244817279552519 0.0022542577747889573 -0.015153327138316769 0.016445057179668869 0.078514942507200605 0.033955809444904325 0.033964615700474703
leaf_weight=79 293 2554 1794 1196 39 62 41
leaf_count=79 293 2554 1794 1196 39 62 41
internal_value=8.61578e-06 -0.00116805 -0.00492897 0.00981179 0.0310212 0.0514688 0.0136648
internal_weight=6058 5837 4348 1489 221 101 120
internal_count=6058 5837 4348 1489 221 101 120
is_linear=0
shrinkage=0.01


Tree=282
num_leaves=8
num_cat=0
split_feature=17 1 35 45 1 26 38
split_gain=2158.49 1519.88 1628.08 916.233 1104.58 1087.14 633.696
threshold=27.627011494252876 93.576436781609218 60.019934640522884 22.004524886877832 82.01666666666668 25.725164203612483 93.660919540229898
decision_type=2 2 2 2 2 2 2
left_child=1 2 -1 4 -2 -5 -3
right_child=3 6 -4 5 -6 -7 -8
leaf_value=0.0087398936358517604 0.024635258984565735 0.014141188100273492 -0.0057473877525355968 -0.02708965907216996 0.093865505304492877 0.016780222236579705 0.054244418714648093
leaf_weight=948 97 152 4258 64 30 456 53
leaf_count=948 97 152 4258 64 30 456 53
internal_value=8.64406e-06 -0.00205587 -0.00310861 0.0172637 0.0412968 0.0113591 0.0246185
internal_weight=6058 5411 5206 647 127 520 205
internal_count=6058 5411 5206 647 127 520 205
is_linear=0
shrinkage=0.01


Tree=283
num_leaves=8
num_cat=0
split_feature=69 87 4 4 4 88 36
split_gain=2135.34 1723.92 1168 1458.22 1292.61 1144.06 1077.44
threshold=13.669819033935415 2.4100353669319201 5.5000000000000009 9.5000000000000018 3.5000000000000004 8.9166666666666696 83.01666666666668
decision_type=2 2 2 2 2 2 2
left_child=2 6 4 -4 -1 -3 -2
right_child=1 5 3 -5 -6 -7 -8
leaf_value=-0.0037271051899258529 0.00686597659354681 0.012779495951605793 -0.02271527418361579 -0.0045438420208867387 0.022592526445865846 0.043199704544411771 -0.0094828060845919201
leaf_weight=557 1476 421 564 2031 280 175 554
leaf_count=557 1476 421 564 2031 280 175 554
internal_value=8.70832e-06 0.00679536 -0.00518419 -0.00849705 0.00508519 0.0217412 0.00240281
internal_weight=6058 2626 3432 2595 837 596 2030
internal_count=6058 2626 3432 2595 837 596 2030
is_linear=0
shrinkage=0.01


Tree=284
num_leaves=8
num_cat=0
split_feature=29 69 89 67 39 29 23
split_gain=2154.39 1758.14 1471.45 756.285 718.912 453.604 255.115
threshold=24.001830120549666 11.752464118469867 -0.093520629639858174 10.209334032253059 92.084482758620695 23.001575694093908 15.05057471264368
decision_type=2 2 2 2 2 2 2
left_child=3 4 -3 6 -2 -5 -1
right_child=1 2 -4 5 -6 -7 -8
leaf_value=0.0029811740440298922 -0.0090120061805042517 -0.0061247048041896636 0.0082241258350233878 0.077385314577742462 0.010163592731825511 0.033463663348972793 0.033632190442228892
leaf_weight=79 2328 1047 2249 39 213 62 41
leaf_count=79 2328 1047 2249 39 213 62 41
internal_value=8.65752e-06 -0.0011528 0.00366572 0.0306205 -0.00740273 0.0507261 0.0135539
internal_weight=6058 5837 3296 221 2541 101 120
internal_count=6058 5837 3296 221 2541 101 120
is_linear=0
shrinkage=0.01


Tree=285
num_leaves=8
num_cat=0
split_feature=29 4 34 1 23 92 27
split_gain=2111.97 2319.37 3078.19 2615.72 676.678 639.75 68.3231
threshold=24.001830120549666 5.5000000000000009 76.667948717948732 79.268954248366029 11.474712643678162 16.757060725308644 28.602469135802473
decision_type=2 2 2 2 2 2 2
left_child=4 3 -3 -2 6 -6 -1
right_child=1 2 -4 -5 5 -7 -8
leaf_value=-0.0049827365820224465 -0.017128304147029857 0.0022216465391869124 -0.014867578692147785 0.01618818271109921 0.0093356638277869632 0.056092010887330804 0.014106963675511017
leaf_weight=32 293 2554 1794 1196 41 104 44
leaf_count=32 293 2554 1794 1196 41 104 44
internal_value=8.6978e-06 -0.00114127 -0.00483021 0.0096284 0.0303177 0.0429522 0.00608263
internal_weight=6058 5837 4348 1489 221 145 76
internal_count=6058 5837 4348 1489 221 145 76
is_linear=0
shrinkage=0.01


Tree=286
num_leaves=8
num_cat=0
split_feature=22 87 21 89 59 48 43
split_gain=2088.48 1621.23 1006.54 816.31 696.366 619.583 252.014
threshold=29.950000000000003 1.1000000000000012 27.5764367816092 -0.26267328181711735 9.6781609195402307 23.135632183908047 24.474074074074078
decision_type=2 2 2 2 2 2 2
left_child=1 3 -3 -1 6 -6 -2
right_child=4 2 -4 -5 5 -7 -8
leaf_value=-0.014853905674293386 -0.031357940432098177 0.0037316799894825813 0.029651415963502448 -0.003161671114447419 0.044634415498114949 0.0171058900852081 0.0072842601831645181
leaf_weight=742 31 1585 165 3053 108 338 36
leaf_count=742 31 1585 165 3053 108 338 36
internal_value=8.66196e-06 -0.0017778 0.0061836 -0.00544953 0.0193024 0.0238156 -0.0106874
internal_weight=6058 5545 1750 3795 513 446 67
internal_count=6058 5545 1750 3795 513 446 67
is_linear=0
shrinkage=0.01


Tree=287
num_leaves=8
num_cat=0
split_feature=72 89 88 35 12 64 65
split_gain=2040.92 1370.36 1315.02 1179.71 1244.01 1017.7 632.016
threshold=38.694827586206905 -0.1540858147595314 11.293103448275863 58.283333333333339 -0.12940952255126037 28.186781609195407 14.571408045977012
decision_type=2 2 2 2 2 2 2
left_child=3 6 -3 5 -5 -1 -2
right_child=1 2 -4 4 -6 -7 -8
leaf_value=0.0069803395464918625 0.031475214697065809 0.012229455850012477 0.044490848967579551 -0.010811725402179742 5.6408863511017064e-05 0.066150638885185367 -0.016894832333818745
leaf_weight=626 31 742 152 1860 2427 30 190
leaf_count=626 31 742 152 1860 2427 30 190
internal_value=8.61992e-06 0.0122266 0.017737 -0.00274826 -0.00465954 0.00973538 -0.0100519
internal_weight=6058 1115 894 4943 4287 656 221
internal_count=6058 1115 894 4943 4287 656 221
is_linear=0
shrinkage=0.01


Tree=288
num_leaves=8
num_cat=0
split_feature=29 4 35 1 17 31 28
split_gain=2056.65 2253.57 3160.82 2565.57 639.781 663.344 437.752
threshold=24.001830120549666 5.5000000000000009 76.667948717948732 79.268954248366029 17.937254901960788 27.804761904761907 29.656951286261634
decision_type=2 2 2 2 2 2 2
left_child=4 3 -3 -2 6 -6 -1
right_child=1 2 -4 -5 5 -7 -8
leaf_value=0.0073399564156725527 -0.017009261826124659 0.0025336332177721571 -0.01472422328112768 0.015986260568587839 0.01731260481521265 0.07578367464566968 0.049718577016440647
leaf_weight=109 293 2510 1838 1196 33 48 31
leaf_count=109 293 2510 1838 1196 33 48 31
internal_value=8.64653e-06 -0.00112616 -0.0047624 0.00948966 0.029918 0.0522206 0.0168709
internal_weight=6058 5837 4348 1489 221 81 140
internal_count=6058 5837 4348 1489 221 81 140
is_linear=0
shrinkage=0.01


Tree=289
num_leaves=8
num_cat=0
split_feature=71 4 4 4 17 29 4
split_gain=2034.53 1471.48 1699.11 1654.89 1375.74 828.849 706.12
threshold=5.7287356321839091 5.5000000000000009 2.5000000000000004 9.5000000000000018 21.898850574712647 23.983333333333338 13.500000000000002
decision_type=2 2 2 2 2 2 2
left_child=1 2 -1 -3 6 -6 -2
right_child=4 3 -4 -5 5 -7 -8
leaf_value=-0.0073485175639514556 -0.0044702972122959194 -0.02321104433165197 0.02038086595899077 -0.0043020660898685529 0.06586448598619718 0.015100273882358125 0.0090282453959625152
leaf_weight=444 886 591 439 2130 33 847 688
leaf_count=444 886 591 439 2130 33 847 688
internal_value=8.67556e-06 -0.00477304 0.00644083 -0.00841278 0.00703095 0.0170408 0.00143063
internal_weight=6058 3604 883 2721 2454 880 1574
internal_count=6058 3604 883 2721 2454 880 1574
is_linear=0
shrinkage=0.01


Tree=290
num_leaves=8
num_cat=0
split_feature=29 4 35 1 23 55 21
split_gain=2000.52 2183.6 3071.96 2512.6 644.483 397.233 135.208
threshold=24.001830120549666 5.5000000000000009 76.667948717948732 79.268954248366029 11.474712643678162 402.91609195402305 11.31588669950739
decision_type=2 2 2 2 2 2 2
left_child=4 3 -3 -2 6 -6 -1
right_child=1 2 -4 -5 5 -7 -8
leaf_value=-0.009687790911014264 -0.016884733802288315 0.002502844695596878 -0.014510716493454499 0.015768328310577361 0.06956842972347875 0.031706445928645688 0.017153626939219038
leaf_weight=32 293 2510 1838 1196 38 107 44
leaf_count=32 293 2510 1838 1196 38 107 44
internal_value=8.64661e-06 -0.00111057 -0.00468991 0.00933913 0.029507 0.0418373 0.00585599
internal_weight=6058 5837 4348 1489 221 145 76
internal_count=6058 5837 4348 1489 221 145 76
is_linear=0
shrinkage=0.01


Tree=291
num_leaves=7
num_cat=0
split_feature=69 29 1 4 4 4
split_gain=1971.31 1754.67 1661.24 1029.19 1338.16 1244.62
threshold=13.669819033935415 23.001575694093908 85.406896551724159 5.5000000000000009 9.5000000000000018 3.5000000000000004
decision_type=2 2 2 2 2 2
left_child=3 -2 -3 5 -5 -1
right_child=1 2 -4 4 -6 -7
leaf_value=-0.0039878789702221555 0.068092776886709436 0.001406042335322946 0.021386614195348864 -0.02171092233121184 -0.0043036014271144556 0.021838424607985213
leaf_weight=557 45 2060 521 564 2031 280
leaf_count=557 45 2060 521 564 2031 280
internal_value=8.63985e-06 0.00652941 0.00544287 -0.00498081 -0.00809057 0.00465903
internal_weight=6058 2626 2581 3432 2595 837
internal_count=6058 2626 2581 3432 2595 837
is_linear=0
shrinkage=0.01


Tree=292
num_leaves=8
num_cat=0
split_feature=71 4 4 4 17 1 4
split_gain=1965.37 1388.08 1647.6 1579.79 1339.15 939.841 687.873
threshold=5.7287356321839091 5.5000000000000009 2.5000000000000004 11.500000000000002 21.898850574712647 85.406896551724159 13.500000000000002
decision_type=2 2 2 2 2 2 2
left_child=1 2 -1 -3 6 -6 -2
right_child=4 3 -4 -5 5 -7 -8
leaf_value=-0.0073782279419082062 -0.004439017524309267 -0.019096988737960261 0.01992751587408598 -0.0028850524504249399 0.011528954682197638 0.037140535558112114 0.0088839757368184991
leaf_weight=444 886 896 439 1825 700 180 688
leaf_count=444 886 896 439 1825 700 180 688
internal_value=8.62176e-06 -0.00469111 0.00620036 -0.0082262 0.0069105 0.0167864 0.00138516
internal_weight=6058 3604 883 2721 2454 880 1574
internal_count=6058 3604 883 2721 2454 880 1574
is_linear=0
shrinkage=0.01


Tree=293
num_leaves=8
num_cat=0
split_feature=29 3 76 91 56 21 91
split_gain=1939.9 1920.44 1854.58 1170.59 682.309 456.24 75.1853
threshold=24.001830120549666 527.14814348401501 49.742857142857154 64.061224410064085 492.77931034482765 7.31646273637375 19.480753516993886
decision_type=2 2 2 2 2 2 2
left_child=4 3 -3 -2 5 -1 -6
right_child=1 2 -4 -5 6 -7 -8
leaf_value=-0.015382790594376052 -0.002408068150363105 0.0065317518499186681 0.056087437564171616 -0.018812140529961923 0.069544930247009779 0.026590949437678091 0.044945449282155658
leaf_weight=32 4044 1226 80 487 30 129 30
leaf_count=32 4044 1226 80 487 30 129 30
internal_value=8.57078e-06 -0.00109355 0.00958801 -0.0041732 0.0290566 0.0182235 0.0577266
internal_weight=6058 5837 1306 4531 221 161 60
internal_count=6058 5837 1306 4531 221 161 60
is_linear=0
shrinkage=0.01


Tree=294
num_leaves=8
num_cat=0
split_feature=17 89 72 29 1 11 32
split_gain=1904.29 1389.88 1309.5 929.393 811.131 415.189 412.689
threshold=19.116666666666671 -0.14405436369762994 50.385662431941931 24.841666666666669 87.716666666666683 -0.9159756150367534 25.644252873563222
decision_type=2 2 2 2 2 2 2
left_child=3 6 -3 5 -5 -1 -2
right_child=1 2 -4 4 -6 -7 -8
leaf_value=0.038035824486090025 0.014779521440664928 0.010682006927974457 0.047962148324454702 -0.0062791191748454295 0.0046528051674491451 0.0079052707730255505 -0.022199651872959383
leaf_weight=65 37 1178 102 3527 840 153 156
leaf_count=65 37 1178 102 3527 840 153 156
internal_value=8.62381e-06 0.00989844 0.0136707 -0.00316925 -0.00417594 0.0169579 -0.0150879
internal_weight=6058 1473 1280 4585 4367 218 193
internal_count=6058 1473 1280 4585 4367 218 193
is_linear=0
shrinkage=0.01


Tree=295
num_leaves=8
num_cat=0
split_feature=22 89 69 45 37 69 27
split_gain=1910.19 1462.8 1291.72 733.826 756.369 621.598 451.885
threshold=29.950000000000003 -0.09160529586836845 11.298686040044496 22.122127329192548 76.667948717948732 29.326067323481123 34.915517241379312
decision_type=2 2 2 2 2 2 2
left_child=1 6 -3 5 -5 -2 -1
right_child=3 2 -4 4 -6 -7 -8
leaf_value=-0.0094031856146056195 0.015812860778172812 -0.0050583520752014756 0.0070507088016886887 0.0039848742465361979 0.032065309564203337 0.071862039000138461 0.028217572226203406
leaf_weight=1884 37 1504 2125 290 143 43 32
leaf_count=1884 37 1504 2125 290 143 43 32
internal_value=8.61889e-06 -0.00169989 0.0020321 0.0184605 0.013286 0.0462047 -0.00876741
internal_weight=6058 5545 3629 513 433 80 1916
internal_count=6058 5545 3629 513 433 80 1916
is_linear=0
shrinkage=0.01


Tree=296
num_leaves=8
num_cat=0
split_feature=23 1 81 28 44 1 17
split_gain=1879.54 1342.5 1693.02 1625.53 1041.93 1040.92 950.621
threshold=14.915517241379312 85.033908045977014 33.376062243314287 29.067816091954025 23.00167224080268 93.915517241379334 30.877777777777784
decision_type=2 2 2 2 2 2 2
left_child=4 3 -3 -2 6 -6 -1
right_child=1 2 -4 -5 5 -7 -8
leaf_value=0.0050561892608798785 -0.0075036146242897471 0.015708197371598388 0.088799859573592002 0.012512768909640756 -0.0073588735192808216 0.023459875345755252 0.055072592284305985
leaf_weight=453 818 600 33 804 3196 113 41
leaf_count=453 818 600 33 804 3196 113 41
internal_value=8.65443e-06 0.00724136 0.0195865 0.00241868 -0.00428025 -0.0063029 0.00925985
internal_weight=6058 2255 633 1622 3803 3309 494
internal_count=6058 2255 633 1622 3803 3309 494
is_linear=0
shrinkage=0.01


Tree=297
num_leaves=8
num_cat=0
split_feature=29 4 35 34 67 29 20
split_gain=1865.31 2041.85 2961.75 2176.41 671.479 420.47 208.49
threshold=24.001830120549666 5.5000000000000009 76.667948717948732 80.854111405835553 10.209334032253059 23.001575694093908 10.45552404513815
decision_type=2 2 2 2 2 2 2
left_child=4 3 -3 -2 6 -6 -1
right_child=1 2 -4 -5 5 -7 -8
leaf_value=0.022571988143865632 -0.0096865553175510162 0.0025293201218137334 -0.014176257955882499 0.016835416032817116 0.073090864400320421 0.03083637117099762 -0.0045689759705993503
leaf_weight=75 438 2510 1838 1051 39 62 45
leaf_count=75 438 2510 1838 1051 39 62 45
internal_value=8.72368e-06 -0.001072 -0.00453322 0.00903282 0.0284928 0.0474371 0.0124133
internal_weight=6058 5837 4348 1489 221 101 120
internal_count=6058 5837 4348 1489 221 101 120
is_linear=0
shrinkage=0.01


Tree=298
num_leaves=7
num_cat=0
split_feature=22 88 34 29 78 68
split_gain=1844.77 1562.09 1091.11 798.574 686.041 936.673
threshold=29.950000000000003 8.9166666666666696 67.300980392156873 24.90454545454546 12.842853934067259 43.890000000000008
decision_type=2 2 2 2 2 2
left_child=1 2 -1 -3 5 -2
right_child=4 3 -4 -5 -6 -7
leaf_value=0.0035328550653261344 0.01319577434778183 0.052991966559071291 -0.0066379970581398016 0.010219234792894969 -0.027138459733554297 0.045789223865314109
leaf_weight=1523 366 47 3428 547 31 116
leaf_count=1523 366 47 3428 547 31 116
internal_value=8.73412e-06 -0.00167026 -0.00350915 0.0136462 0.0181418 0.0210802
internal_weight=6058 5545 4951 594 513 482
internal_count=6058 5545 4951 594 513 482
is_linear=0
shrinkage=0.01


Tree=299
num_leaves=8
num_cat=0
split_feature=23 1 4 35 35 1 64
split_gain=1821.27 1311.51 2426.87 2068.98 1120.21 938.068 782.711
threshold=14.915517241379312 85.033908045977014 5.5000000000000009 84.966091954023014 51.525287356321847 93.915517241379334 13.950000000000001
decision_type=2 2 2 2 2 2 2
left_child=4 3 -3 -2 6 -6 -1
right_child=1 2 -4 -5 5 -7 -8
leaf_value=0.0060434648951671966 0.0059044705166747761 0.0361991671949543 -0.0033722542042046951 -0.033617889441063309 -0.0060294532526359414 0.023172177431866989 0.06169609183575734
leaf_weight=65 1477 363 270 145 3584 113 41
leaf_count=65 1477 363 270 145 3584 113 41
internal_value=8.72435e-06 0.00712842 0.0193302 0.00236176 -0.00421317 -0.00513375 0.0277628
internal_weight=6058 2255 633 1622 3803 3697 106
internal_count=6058 2255 633 1622 3803 3697 106
is_linear=0
shrinkage=0.01


end of trees

feature_importances:
Column_17=376
Column_4=261
Column_22=163
Column_69=145
Column_89=115
Column_29=94
Column_1=69
Column_12=66
Column_87=66
Column_71=63
Column_59=62
Column_35=61
Column_36=61
Column_11=37
Column_93=37
Column_88=36
Column_90=30
Column_72=26
Column_9=17
Column_23=15
Column_28=15
Column_68=15
Column_27=14
Column_91=14
Column_57=13
Column_3=11
Column_34=11
Column_67=11
Column_73=11
Column_39=10
Column_54=10
Column_60=10
Column_38=9
Column_62=9
Column_31=7
Column_45=7
Column_18=6
Column_37=6
Column_30=5
Column_32=4
Column_41=4
Column_63=4
Column_64=4
Column_81=4
Column_83=4
Column_85=4
Column_0=3
Column_21=3
Column_48=3
Column_75=3
Column_79=3
Column_92=3
Column_6=2
Column_10=2
Column_14=2
Column_25=2
Column_33=2
Column_43=2
Column_46=2
Column_56=2
Column_76=2
Column_78=2
Column_7=1
Column_13=1
Column_19=1
Column_20=1
Column_26=1
Column_44=1
Column_47=1
Column_55=1
Column_65=1
Column_80=1
Column_82=1

parameters:
[boosting: gbdt]
[objective: regression]
[metric: l2]
[tree_learner: serial]
[device_type: cpu]
[data_sample_strategy: bagging]
[data: ]
[valid: ]
[num_iterations: 300]
[learning_rate: 0.01]
[num_leaves: 64]
[num_threads: 10]
[seed: 0]
[deterministic: 0]
[force_col_wise: 0]
[force_row_wise: 0]
[histogram_pool_size: -1]
[max_depth: 3]
[min_data_in_leaf: 30]
[min_sum_hessian_in_leaf: 0.001]
[bagging_fraction: 0.8]
[pos_bagging_fraction: 1]
[neg_bagging_fraction: 1]
[bagging_freq: 0]
[bagging_seed: 3]
[bagging_by_query: 0]
[feature_fraction: 0.6]
[feature_fraction_bynode: 1]
[feature_fraction_seed: 2]
[extra_trees: 0]
[extra_seed: 6]
[early_stopping_round: 0]
[early_stopping_min_delta: 0]
[first_metric_only: 0]
[max_delta_step: 0]
[lambda_l1: 0.05]
[lambda_l2: 0.5]
[linear_lambda: 0]
[min_gain_to_split: 0]
[drop_rate: 0.1]
[max_drop: 50]
[skip_drop: 0.5]
[xgboost_dart_mode: 0]
[uniform_drop: 0]
[drop_seed: 4]
[top_rate: 0.2]
[other_rate: 0.1]
[min_data_per_group: 100]
[max_cat_threshold: 32]
[cat_l2: 10]
[cat_smooth: 10]
[max_cat_to_onehot: 4]
[top_k: 20]
[monotone_constraints: ]
[monotone_constraints_method: basic]
[monotone_penalty: 0]
[feature_contri: ]
[forcedsplits_filename: ]
[refit_decay_rate: 0.9]
[cegb_tradeoff: 1]
[cegb_penalty_split: 0]
[cegb_penalty_feature_lazy: ]
[cegb_penalty_feature_coupled: ]
[path_smooth: 0]
[interaction_constraints: ]
[verbosity: -1]
[saved_feature_importance_type: 0]
[use_quantized_grad: 0]
[num_grad_quant_bins: 4]
[quant_train_renew_leaf: 0]
[stochastic_rounding: 1]
[linear_tree: 0]
[max_bin: 255]
[max_bin_by_feature: ]
[min_data_in_bin: 3]
[bin_construct_sample_cnt: 200000]
[data_random_seed: 1]
[is_enable_sparse: 1]
[enable_bundle: 1]
[use_missing: 1]
[zero_as_missing: 0]
[feature_pre_filter: 1]
[pre_partition: 0]
[two_round: 0]
[header: 0]
[label_column: ]
[weight_column: ]
[group_column: ]
[ignore_column: ]
[categorical_feature: ]
[forcedbins_filename: ]
[precise_float_parser: 0]
[parser_config_file: ]
[objective_seed: 5]
[num_class: 1]
[is_unbalance: 0]
[scale_pos_weight: 1]
[sigmoid: 1]
[boost_from_average: 1]
[reg_sqrt: 0]
[alpha: 0.9]
[fair_c: 1]
[poisson_max_delta_step: 0.7]
[tweedie_variance_power: 1.5]
[lambdarank_truncation_level: 30]
[lambdarank_norm: 1]
[label_gain: ]
[lambdarank_position_bias_regularization: 0]
[eval_at: ]
[multi_error_top_k: 1]
[auc_mu_weights: ]
[num_machines: 1]
[local_listen_port: 12400]
[time_out: 120]
[machine_list_filename: ]
[machines: ]
[gpu_platform_id: -1]
[gpu_device_id: -1]
[gpu_use_dp: 0]
[num_gpu: 1]

end of parameters

pandas_categorical:null
