tree
version=v4
num_class=1
num_tree_per_iteration=1
label_index=0
max_feature_idx=93
objective=regression
feature_names=Column_0 Column_1 Column_2 Column_3 Column_4 Column_5 Column_6 Column_7 Column_8 Column_9 Column_10 Column_11 Column_12 Column_13 Column_14 Column_15 Column_16 Column_17 Column_18 Column_19 Column_20 Column_21 Column_22 Column_23 Column_24 Column_25 Column_26 Column_27 Column_28 Column_29 Column_30 Column_31 Column_32 Column_33 Column_34 Column_35 Column_36 Column_37 Column_38 Column_39 Column_40 Column_41 Column_42 Column_43 Column_44 Column_45 Column_46 Column_47 Column_48 Column_49 Column_50 Column_51 Column_52 Column_53 Column_54 Column_55 Column_56 Column_57 Column_58 Column_59 Column_60 Column_61 Column_62 Column_63 Column_64 Column_65 Column_66 Column_67 Column_68 Column_69 Column_70 Column_71 Column_72 Column_73 Column_74 Column_75 Column_76 Column_77 Column_78 Column_79 Column_80 Column_81 Column_82 Column_83 Column_84 Column_85 Column_86 Column_87 Column_88 Column_89 Column_90 Column_91 Column_92 Column_93
feature_infos=[21.379060058805386:37.275862068965516] [36.43333333333333:98] [21.091523184506652:28] [74.448275862068968:995.4666666666667] [0:23] [0:6] [1:31] [1:12] [0:1] [0:1] [0:4] [-1:1] [-1:1] [-0.8660254037844386:1] [-1:1] [-0.97492791218182362:0.97492791218182362] [-0.90096886790241903:1] [0.86264113865415681:57.653065105883371] [0.86264113865415681:57.653065105883371] [0.86264113865415681:57.653065105883371] [0.86264113865415681:57.653065105883371] [0.86264113865415681:57.653065105883371] [0.86264113865415681:57.653065105883371] [0.86264113865415681:57.653065105883371] [0.86264113865415681:57.653065105883371] [21.379060058805386:37.275862068965516] [21.379060058805386:37.275862068965516] [21.379060058805386:37.275862068965516] [21.379060058805386:37.275862068965516] [21.379060058805386:37.275862068965516] [21.379060058805386:37.275862068965516] [21.379060058805386:37.275862068965516] [21.379060058805386:37.275862068965516] [36.43333333333333:98] [36.43333333333333:98] [36.43333333333333:98] [36.43333333333333:98] [36.43333333333333:98] [36.43333333333333:98] [36.43333333333333:98] [36.43333333333333:98] [21.091523184506652:28] [21.091523184506652:28] [21.091523184506652:28] [21.091523184506652:28] [21.091523184506652:28] [21.091523184506652:28] [21.091523184506652:28] [21.091523184506652:28] [74.448275862068968:995.4666666666667] [74.448275862068968:995.4666666666667] [74.448275862068968:995.4666666666667] [74.448275862068968:995.4666666666667] [74.448275862068968:995.4666666666667] [74.448275862068968:995.4666666666667] [74.448275862068968:995.4666666666667] [74.448275862068968:995.4666666666667] [1.3944628536403494:54.811368317369379] [0.013151620988325001:21.662934642891383] [0.86264113865415681:52.315789473684212] [1.5714285714285714:57.653065105883371] [1.7174603174603174:51.496070490934962] [0.16264171505449551:19.437242086301204] [0.86264113865415681:48.927304061434306] [2.1333333333333333:57.653065105883371] [2.1021209633278599:50.147338701571989] [0.32390865348086206:18.145627939604065] [0.86264113865415681:45.851851851851855] [3.2000000000000002:57.653065105883371] [2.4805145046524357:40.712792176693036] [0.8803988324151294:17.425221781532425] [0.86264113865415681:29.586206896551722] [5.2999999999999998:57.653065105883371] [4.171914340448823:37.176929236950784] [2.0238494001842824:16.252792767918283] [0.86264113865415681:28.620689655172413] [10.666666666666666:57.653065105883371] [6.8550147261969929:32.843191370069448] [3.2164864885424089:14.801143658847106] [0.86264113865415681:11.266666666666667] [19.37037037037037:57.653065105883371] [2.522922975706039:46.497032154238724] [1.1279880637366753:17.46197065139728] [3.6013723822427113:40.716500887149664] [1.8329056012600575:17.218430166856994] [5.0126481823476956:37.577846191880163] [2.4536670508036873:17.100392921978425] [-37.403512549728546:27.911701804158376] [-43.408866995073886:40.233333333333334] [-0.86481481481481481:5.0462600660874211] [-0.95593220338983054:7.0666666666666664] [3.7812356979405033:445.23957537555282] [12.010855555555555:25.760000000000002] [0:3]
tree_sizes=812 848 847 851 846 852 850 854 848 851 853 851 851 846 854 853 847 843 852 848 852 845 848 851 853 857 849 847 853 849 859 847 837 849 849 856 852 856 865 850 850 860 843 849 851 851 842 852 856 855 844 854 853 856 847 850 854 855 847 856 849 849 844 856 836 852 841 855 845 859 862 853 857 847 852 852 850 853 851 836 857 849 847 852 855 846 860 853 851 851 843 855 851 846 852 851 849 856 853 848 849 846 855 854 847 858 851 853 850 855 853 848 849 861 853 859 855 846 860 852 836 849 854 851 856 851 858 854 847 848 838 839 851 851 853 849 851 849 845 862 854 850 855 857 838 850 857 858 861 846 853 772 861 853 854 858 853 854 760 842 845 772 750 845 837 760 853 860 853 833 848 837 761 853 762 854 766 858 863 852 853 777 773 847 763 857 862 849 845 764 856 852 758 758 759 863 767 844 848 765 858 856 855 855 856 861 857 851 850 835 850 851 849 843 849 847 850 857 841 758 856 857 845 859 860 844 852 852 856 758 852 764 845 761 853 844 843 844 862 866 844 860 766 758 842 858 854 754 839 868 850 768 856 847 863 856 839 853 852 851 856 768 771 855 847 858 858 756 859 760 766 837 860 832 863 847 842 852 843 846 862 851 837 847 858 859 772 776 840 861 847 762 851 763 844 855 843 851 763 845

Tree=0
num_leaves=8
num_cat=0
split_feature=17 17 69 41 46 17 12
split_gain=132307 30611.5 22779.1 9256.32 5845.23 4646.63 4135.93
threshold=18.898275862068967 9.1017241379310363 27.288454241794451 24.539814814814822 25.264912280701758 27.942857142857147 -0.60355339059327384
decision_type=2 2 2 2 2 2 2
left_child=1 6 4 -3 -2 -4 -1
right_child=2 3 5 -5 -6 -7 -8
leaf_value=14.411976788977814 14.559700611646857 14.507392902618527 14.573734828616052 14.465378196687569 14.514097974204521 14.655673210696671 14.440036164138901
leaf_weight=1006 688 770 98 1641 477 253 1107
leaf_count=1006 688 770 98 1641 477 253 1107
internal_value=14.4815 14.4544 14.5624 14.4788 14.5411 14.633 14.4267
internal_weight=6040 4524 1516 2411 1165 351 2113
internal_count=6040 4524 1516 2411 1165 351 2113
is_linear=0
shrinkage=1


Tree=1
num_leaves=8
num_cat=0
split_feature=17 17 85 41 46 80 17
split_gain=129678 30002.7 22907.7 9072.21 7120.88 4853.18 2713.06
threshold=18.898275862068967 9.1017241379310363 26.871229101790103 24.539814814814822 25.264912280701758 50.385662431941931 5.7071428571428582
decision_type=2 2 2 2 2 2 2
left_child=1 6 4 -3 -2 -4 -1
right_child=2 3 5 -5 -6 -7 -8
leaf_value=-0.067643105897949848 0.079089303375954739 0.025595497025554005 0.1968596864007808 -0.015999278328960469 0.028744387066862838 0.11985341144824477 -0.044631320412260457
leaf_weight=889 699 770 141 1641 471 205 1224
leaf_count=889 699 770 141 1641 471 205 1224
internal_value=1.47079e-07 -0.0268232 0.0800283 -0.00271241 0.0588436 0.151475 -0.054327
internal_weight=6040 4524 1516 2411 1170 346 2113
internal_count=6040 4524 1516 2411 1170 346 2113
is_linear=0
shrinkage=0.01


Tree=2
num_leaves=8
num_cat=0
split_feature=17 17 69 41 59 76 54
split_gain=127101 29405.9 21922.8 8891.77 5290.94 5069.25 2924.27
threshold=18.898275862068967 9.1017241379310363 27.288454241794451 24.539814814814822 21.779885057471265 43.033333333333339 175.15000000000001
decision_type=2 2 2 2 2 2 2
left_child=1 6 4 -3 -2 -4 -1
right_child=2 3 5 -5 -6 -7 -8
leaf_value=-0.076461552992744888 0.041537876189261039 0.025339708083165848 0.046097351020780102 -0.015839334418530797 0.085469960706457238 0.16267022965928146 -0.047643432325205633
leaf_weight=449 721 770 43 1641 444 308 1664
leaf_count=449 721 770 43 1641 444 308 1664
internal_value=4.12595e-07 -0.0265551 0.0792295 -0.00268527 0.058311 0.148477 -0.053784
internal_weight=6040 4524 1516 2411 1165 351 2113
internal_count=6040 4524 1516 2411 1165 351 2113
is_linear=0
shrinkage=0.01


Tree=3
num_leaves=8
num_cat=0
split_feature=17 17 85 41 46 12 80
split_gain=124575 28828 22027.3 8164.33 6959.12 4823.66 4740.81
threshold=18.898275862068967 9.9660919540229909 26.871229101790103 24.539814814814822 25.264912280701758 -0.60355339059327384 50.385662431941931
decision_type=2 2 2 2 2 2 2
left_child=1 5 4 -3 -2 -1 -4
right_child=2 3 6 -5 -6 -7 -8
leaf_value=-0.065607992014005717 0.077678877864419085 0.028409858227244112 0.19334801950724301 -0.013239164725834172 0.027910130923690941 -0.037060279628593658 0.1172525967224671
leaf_weight=1094 699 700 141 1434 471 1296 205
leaf_count=1094 699 700 141 1434 471 1296 205
internal_value=5.92546e-07 -0.0262897 0.0784383 0.000425872 0.0576647 -0.0501389 0.148498
internal_weight=6040 4524 1516 2134 1170 2390 346
internal_count=6040 4524 1516 2134 1170 2390 346
is_linear=0
shrinkage=0.01


Tree=4
num_leaves=8
num_cat=0
split_feature=17 17 83 41 2 12 3
split_gain=122099 28302.6 21252.6 8550.29 4425.16 3933.6 3540.37
threshold=18.898275862068967 9.1017241379310363 27.361005509822366 24.539814814814822 26.033908045977018 -0.60355339059327384 436.74655172413799
decision_type=2 2 2 2 2 2 2
left_child=1 5 4 -3 -2 -1 -4
right_child=2 3 6 -5 -6 -7 -8
leaf_value=-0.067062497824383269 0.066975038187307295 0.02487241500886828 0.088196007188997783 -0.015508163567955265 0.019007697099191281 -0.039699488262128102 0.16312383413744502
leaf_weight=1006 917 770 85 1641 244 1107 270
leaf_count=1006 917 770 85 1641 244 1107 270
internal_value=8.59727e-07 -0.0260269 0.0776553 -0.00260915 0.056907 -0.05274 0.145334
internal_weight=6040 4524 1516 2411 1161 2113 355
internal_count=6040 4524 1516 2411 1161 2113 355
is_linear=0
shrinkage=0.01


Tree=5
num_leaves=8
num_cat=0
split_feature=17 17 69 42 46 12 17
split_gain=119672 27749.4 20730.3 6698.53 5413.14 4637.79 4428.12
threshold=18.898275862068967 9.9660919540229909 27.288454241794451 24.10172413793104 25.264912280701758 -0.60355339059327384 27.942857142857147
decision_type=2 2 2 2 2 2 2
left_child=1 5 4 -3 -2 -1 -4
right_child=2 3 6 -5 -6 -7 -8
leaf_value=-0.064333673978319267 0.074484700643216023 0.027411112504984486 0.086438850149361021 -0.011190256199308373 0.030601563320983769 -0.036341324519663418 0.16638108422716297
leaf_weight=1094 688 643 98 1491 477 1296 253
leaf_count=1094 688 643 98 1491 477 1296 253
internal_value=1.05038e-06 -0.0257667 0.0768799 0.000444265 0.0565384 -0.0491655 0.144217
internal_weight=6040 4524 1516 2134 1165 2390 351
internal_count=6040 4524 1516 2134 1165 2390 351
is_linear=0
shrinkage=0.01


Tree=6
num_leaves=8
num_cat=0
split_feature=17 17 59 41 15 32 54
split_gain=117294 27240.6 16722.6 8246.27 7555.73 4620.4 2792.97
threshold=18.898275862068967 9.1017241379310363 24.904025718060758 24.539814814814822 -1.0000000180025095e-35 24.001830120549666 175.15000000000001
decision_type=2 2 2 2 2 2 2
left_child=1 6 5 -3 -4 -2 -1
right_child=2 3 4 -5 -6 -7 -8
leaf_value=-0.073877397077102155 0.13363965508812353 0.024453581175707055 0.083402242003729865 -0.015202604738803947 0.16188983274688887 0.047297828609920149 -0.045715878671736244
leaf_weight=449 66 770 241 1641 254 955 1664
leaf_count=449 66 770 241 1641 254 955 1664
internal_value=1.26724e-06 -0.0255091 0.0761122 -0.00253497 0.1238 0.0529424 -0.0517163
internal_weight=6040 4524 1516 2411 495 1021 2113
internal_count=6040 4524 1516 2411 495 1021 2113
is_linear=0
shrinkage=0.01


Tree=7
num_leaves=8
num_cat=0
split_feature=17 17 83 41 46 5 12
split_gain=114963 26711.2 20200.8 7564.55 5088.57 4898.03 4512.73
threshold=18.898275862068967 9.9660919540229909 27.361005509822366 24.539814814814822 25.264912280701758 3.5000000000000004 -0.60355339059327384
decision_type=2 2 2 2 2 2 2
left_child=1 6 4 -3 -2 -4 -1
right_child=2 3 5 -5 -6 -7 -8
leaf_value=-0.063173158151815331 0.072450244255412563 0.027398263835775958 0.17033621298863172 -0.012691723136061206 0.029782148758428439 0.093045655458833212 -0.035561236648736207
leaf_weight=1094 689 700 221 1434 472 134 1296
leaf_count=1094 689 700 221 1434 472 134 1296
internal_value=1.51686e-06 -0.0252542 0.0753525 0.000461798 0.0551244 0.141335 -0.0482111
internal_weight=6040 4524 1516 2134 1161 355 2390
internal_count=6040 4524 1516 2134 1161 355 2390
is_linear=0
shrinkage=0.01


Tree=8
num_leaves=8
num_cat=0
split_feature=93 83 42 55 5 11 28
split_gain=103002 36284.6 10335.3 4896.64 4548.35 3592.56 965.666
threshold=1.0000000180025095e-35 27.361005509822366 24.067816091954025 183.58333333333334 3.5000000000000004 0.91597561503675362 30.882142857142863
decision_type=2 2 2 2 2 2 2
left_child=3 2 -2 6 -3 -5 -1
right_child=1 4 -4 5 -6 -7 -8
leaf_value=-0.072760457917185634 0.05484969956818006 0.15923752741164104 0.013373337467384503 -0.038076310170279293 0.08766081421164304 0.0084278910941649274 -0.039245716496678289
leaf_weight=485 938 239 1671 2276 145 179 107
leaf_count=485 938 239 1671 2276 145 179 107
internal_value=1.73535e-06 0.0416648 0.028293 -0.0409229 0.13236 -0.0346843 -0.066742
internal_weight=6040 2993 2609 3047 384 2455 592
internal_count=6040 2993 2609 3047 384 2455 592
is_linear=0
shrinkage=0.01


Tree=9
num_leaves=8
num_cat=0
split_feature=93 59 2 85 22 14 45
split_gain=100954 42802.6 9087.4 7728.62 7001.6 3496.2 3067.64
threshold=1.0000000180025095e-35 21.779885057471265 24.605555555555558 27.218620361483605 9.0122155947641804 0.25000000000000017 22.035340926821661
decision_type=2 2 2 2 2 2 2
left_child=4 2 -2 -3 5 -1 -6
right_child=1 3 -4 -5 6 -7 -8
leaf_value=-0.061376855868853109 0.046003202606365853 0.080686871536492261 0.0041596535007159844 0.14663883072856326 0.036182244515269059 -0.022931953139525667 -0.027787411790912004
leaf_weight=1346 815 456 1428 294 79 288 1334
leaf_count=1346 815 456 1428 294 79 288 1334
internal_value=1.86272e-06 0.0412487 0.0193707 0.106621 -0.0405139 -0.0546102 -0.024199
internal_weight=6040 2993 2243 750 3047 1634 1413
internal_count=6040 2993 2243 750 3047 1634 1413
is_linear=0
shrinkage=0.01


Tree=10
num_leaves=8
num_cat=0
split_feature=17 17 83 2 15 71 54
split_gain=109160 25258.4 18937.9 7514.81 4714.99 4374.82 2636.11
threshold=18.898275862068967 9.1017241379310363 27.361005509822366 24.539814814814822 -1.0000000180025095e-35 16.06666666666667 175.15000000000001
decision_type=2 2 2 2 2 2 2
left_child=1 6 5 -3 -4 -2 -1
right_child=2 3 4 -5 -6 -7 -8
leaf_value=-0.071372778337046888 0.049674122502447071 0.023253782913813699 0.089946197101894804 -0.014589751441653901 0.16576418783729285 0.14500366686830427 -0.044014475468263037
leaf_weight=449 1111 771 134 1640 221 50 1664
leaf_count=449 1111 771 134 1640 221 50 1664
internal_value=2.01166e-06 -0.024608 0.0734266 -0.00248546 0.137314 0.0538407 -0.0498437
internal_weight=6040 4524 1516 2411 355 1161 2113
internal_count=6040 4524 1516 2411 355 1161 2113
is_linear=0
shrinkage=0.01


Tree=11
num_leaves=8
num_cat=0
split_feature=17 17 85 41 46 12 5
split_gain=106991 24756.1 19013.3 7501.2 6227.42 3589.68 2797.86
threshold=18.898275862068967 9.1017241379310363 27.218620361483605 24.539814814814822 25.264912280701758 -0.60355339059327384 3.5000000000000004
decision_type=2 2 2 2 2 2 2
left_child=1 5 4 -3 -2 -1 -4
right_child=2 3 6 -5 -6 -7 -8
leaf_value=-0.063026829742298632 0.07269340447606773 0.023279864998407406 0.16210746796623826 -0.014542396154030565 0.025903401385529556 -0.036889200671395582 0.10029140679305616
leaf_weight=1006 714 770 210 1641 474 1107 118
leaf_count=1006 714 770 210 1641 474 1107 118
internal_value=2.27696e-06 -0.024362 0.0726939 -0.00246059 0.0540438 -0.0493455 0.140057
internal_weight=6040 4524 1516 2411 1188 2113 328
internal_count=6040 4524 1516 2411 1188 2113 328
is_linear=0
shrinkage=0.01


Tree=12
num_leaves=8
num_cat=0
split_feature=17 17 85 41 42 80 54
split_gain=104865 24263.7 18642.3 7352.01 5027.05 4602.97 2562.03
threshold=18.898275862068967 9.1017241379310363 26.871229101790103 24.539814814814822 24.474074074074078 50.385662431941931 175.15000000000001
decision_type=2 2 2 2 2 2 2
left_child=1 6 4 -3 -2 -4 -1
right_child=2 3 5 -5 -6 -7 -8
leaf_value=-0.070076214536643255 0.076070637493565518 0.023047216710517886 0.18056141564871311 -0.014397017081568264 0.034305853107619633 0.10569232455664597 -0.043105810544035318
leaf_weight=449 519 770 141 1641 651 205 1664
leaf_count=449 519 770 141 1641 651 205 1664
internal_value=2.47816e-06 -0.0241185 0.0719681 -0.00243596 0.0528573 0.136421 -0.0488523
internal_weight=6040 4524 1516 2411 1170 346 2113
internal_count=6040 4524 1516 2411 1170 346 2113
is_linear=0
shrinkage=0.01


Tree=13
num_leaves=8
num_cat=0
split_feature=59 22 85 59 57 46 15
split_gain=92777.1 26390.4 14203.9 9148.5 6261.23 4844.23 4014.18
threshold=17.850000000000005 13.321839080459773 27.218620361483605 8.811250165330696 8.3877163116579627 25.33908045977012 -0.8783796973249266
decision_type=2 2 2 2 2 2 2
left_child=1 3 5 -1 -3 -2 -4
right_child=2 4 6 -5 -6 -7 -8
leaf_value=-0.048327308510276466 0.07672318054082948 -0.028678692615869618 0.038228004792531328 -0.012565495026544162 0.021454822258405983 0.026087100414903946 0.14952424703087494
leaf_weight=2087 532 302 37 1089 1412 294 287
leaf_count=2087 532 302 37 1089 1412 294 287
internal_value=2.69588e-06 -0.0190051 0.0808005 -0.0360692 0.0126154 0.0587275 0.136895
internal_weight=6040 4890 1150 3176 1714 826 324
internal_count=6040 4890 1150 3176 1714 826 324
is_linear=0
shrinkage=0.01


Tree=14
num_leaves=8
num_cat=0
split_feature=59 59 69 12 12 72 59
split_gain=90933.3 24719.9 13603.8 7455.53 6678.55 4292.99 3988.93
threshold=17.850000000000005 8.9321839080459799 27.288454241794451 -0.60355339059327384 -0.3794095225512602 47.204166666666673 27.700000000000006
decision_type=2 2 2 2 2 2 2
left_child=1 3 5 -1 -3 -2 -4
right_child=2 4 6 -5 -6 -7 -8
leaf_value=-0.058690989652261598 0.064521539972697439 -0.020045445470557591 0.086235343249836643 -0.025102576106816286 0.018312599985271148 -0.018929253793466425 0.15839120424349629
leaf_weight=1109 742 652 121 1638 1491 67 220
leaf_count=1109 742 652 121 1638 1491 67 220
internal_value=2.85395e-06 -0.0188151 0.0799938 -0.0386711 0.00664012 0.0576022 0.132953
internal_weight=6040 4890 1150 2747 2143 809 341
internal_count=6040 4890 1150 2747 2143 809 341
is_linear=0
shrinkage=0.01


Tree=15
num_leaves=8
num_cat=0
split_feature=17 17 83 41 17 46 5
split_gain=99278.8 23099.5 17152.7 6466.66 5132.28 4613.74 4488.03
threshold=18.898275862068967 10.912962962962965 27.361005509822366 24.539814814814822 7.8248423927284589 25.264912280701758 3.5000000000000004
decision_type=2 2 2 2 2 2 2
left_child=1 4 5 -3 -1 -2 -4
right_child=2 3 6 -5 -6 -7 -8
leaf_value=-0.053132548553277766 0.067882661308463807 0.030081781966067051 0.1585761643268723 -0.0095829069647133235 -0.024950777728950175 0.027256479212970884 0.084638964275999151
leaf_weight=1635 689 627 221 1191 1071 472 134
leaf_count=1635 689 627 221 1191 1071 472 134
internal_value=2.99405e-06 -0.0234667 0.0700256 0.00410106 -0.0419854 0.0513855 0.130827
internal_weight=6040 4524 1516 1818 2706 1161 355
internal_count=6040 4524 1516 1818 2706 1161 355
is_linear=0
shrinkage=0.01


Tree=16
num_leaves=8
num_cat=0
split_feature=17 17 85 2 46 17 45
split_gain=97305.6 22640 17208.3 6277.65 5916.88 5030.16 3431.7
threshold=18.898275862068967 10.912962962962965 26.871229101790103 24.539814814814822 25.264912280701758 7.8248423927284589 22.122127329192548
decision_type=2 2 2 2 2 2 2
left_child=1 5 4 -3 -2 -1 -4
right_child=2 3 6 -5 -6 -7 -8
leaf_value=-0.052601385543697463 0.069419096539478697 0.02975201396114701 0.19967383517676254 -0.0093732343957045657 0.023532625863054019 -0.024701386482350533 0.11627978604426525
leaf_weight=1635 699 624 61 1194 471 1071 285
leaf_count=1635 699 624 61 1194 471 1071 285
internal_value=3.19733e-06 -0.0232321 0.0693265 0.00406011 0.0509652 -0.0415657 0.131251
internal_weight=6040 4524 1516 1818 1170 2706 346
internal_count=6040 4524 1516 1818 1170 2706 346
is_linear=0
shrinkage=0.01


Tree=17
num_leaves=8
num_cat=0
split_feature=59 22 69 59 57 76 76
split_gain=85830.9 25043.8 12810 8353.42 5797.78 4966.4 4258.15
threshold=17.850000000000005 13.321839080459773 27.288454241794451 8.811250165330696 8.3877163116579627 47.644444444444453 43.033333333333339
decision_type=2 2 2 2 2 2 2
left_child=1 3 5 -1 -3 -2 -4
right_child=2 4 6 -5 -6 -7 -8
leaf_value=-0.046615393107419252 0.064585519426541602 -0.027212436721738707 0.033030623940100153 -0.012442549569475004 0.021030153351302167 -0.015305830302068165 0.14216072470038982
leaf_weight=2087 722 302 41 1089 1412 87 300
leaf_count=2087 722 302 41 1089 1412 87 300
internal_value=3.45748e-06 -0.0182789 0.0777178 -0.034902 0.0125243 0.0559892 0.129109
internal_weight=6040 4890 1150 3176 1714 809 341
internal_count=6040 4890 1150 3176 1714 809 341
is_linear=0
shrinkage=0.01


Tree=18
num_leaves=8
num_cat=0
split_feature=17 17 83 41 12 79 4
split_gain=93718.7 21843.1 16175.5 6189.48 4975 4715.14 3586.54
threshold=18.898275862068967 10.912962962962965 27.361005509822366 24.539814814814822 -0.60355339059327384 1.9155172413793105 15.500000000000002
decision_type=2 2 2 2 2 2 2
left_child=1 4 5 -3 -1 -2 -4
right_child=2 3 6 -5 -6 -7 -8
leaf_value=-0.056217608344410488 0.091479309664622921 0.029425898171898973 0.10465569711976884 -0.0093793850498878964 -0.028858702519375577 0.040124601063597297 0.17322302336919876
leaf_weight=1181 221 627 240 1191 1525 940 115
leaf_count=1181 221 627 240 1191 1525 940 115
internal_value=3.55395e-06 -0.0227995 0.0680371 0.00400809 -0.0408075 0.0499357 0.127081
internal_weight=6040 4524 1516 1818 2706 1161 355
internal_count=6040 4524 1516 1818 2706 1161 355
is_linear=0
shrinkage=0.01


Tree=19
num_leaves=8
num_cat=0
split_feature=59 57 85 12 79 12 45
split_gain=82547.5 22897.5 12663.4 9984.58 5249.14 5244.15 3539.87
threshold=17.850000000000005 11.057441396557488 27.218620361483605 -0.3794095225512602 1.9155172413793105 -0.60355339059327384 22.122127329192548
decision_type=2 2 2 2 2 2 2
left_child=1 5 4 -3 -2 -1 -4
right_child=2 3 6 -5 -6 -7 -8
leaf_value=-0.054716953584546618 0.10210063335826826 -0.02511813289882224 0.20338048894689717 0.020307340848399247 0.041726135385469196 -0.0261236657105689 0.11399183969885496
leaf_weight=1077 186 711 54 1512 640 1590 270
leaf_count=1077 186 711 54 1512 640 1590 270
internal_value=3.80445e-06 -0.0179254 0.0762172 0.00577594 0.0553755 -0.0376786 0.129182
internal_weight=6040 4890 1150 2223 826 2667 324
internal_count=6040 4890 1150 2223 826 2667 324
is_linear=0
shrinkage=0.01


Tree=20
num_leaves=8
num_cat=0
split_feature=17 17 85 41 42 80 54
split_gain=90238.4 21170.5 15898.4 6761.34 4637.16 4481.42 2074.58
threshold=18.898275862068967 8.5425287356321853 26.871229101790103 24.539814814814822 24.474074074074078 50.385662431941931 175.15000000000001
decision_type=2 2 2 2 2 2 2
left_child=1 6 4 -3 -2 -4 -1
right_child=2 3 5 -5 -6 -7 -8
leaf_value=-0.06739362510425724 0.071407453204314214 0.019843971023262363 0.16979717053583568 -0.014779575221406327 0.031298523255487362 0.096011365288292988 -0.042160066866103539
leaf_weight=420 519 821 141 1799 651 205 1484
leaf_count=420 519 821 141 1799 651 205 1484
internal_value=4.07797e-06 -0.0223716 0.0667625 -0.00392808 0.0491138 0.126283 -0.0477428
internal_weight=6040 4524 1516 2620 1170 346 1904
internal_count=6040 4524 1516 2620 1170 346 1904
is_linear=0
shrinkage=0.01


Tree=21
num_leaves=8
num_cat=0
split_feature=59 22 69 59 57 76 76
split_gain=79398.3 23756.2 11865.5 7691.71 5394.1 4916.02 4090.57
threshold=17.850000000000005 13.321839080459773 27.288454241794451 8.811250165330696 8.3877163116579627 47.644444444444453 43.033333333333339
decision_type=2 2 2 2 2 2 2
left_child=1 3 5 -1 -3 -2 -4
right_child=2 4 6 -5 -6 -7 -8
leaf_value=-0.045009712188938733 0.062390344562786255 -0.025907500864947142 0.030077525042176964 -0.012218026766238095 0.020625473475607392 -0.017086677258147723 0.13700135456612131
leaf_weight=2087 722 302 41 1089 1412 87 300
leaf_count=2087 722 302 41 1089 1412 87 300
internal_value=4.25659e-06 -0.0175797 0.0747497 -0.0337698 0.0124211 0.0538375 0.12421
internal_weight=6040 4890 1150 3176 1714 809 341
internal_count=6040 4890 1150 3176 1714 809 341
is_linear=0
shrinkage=0.01


Tree=22
num_leaves=8
num_cat=0
split_feature=17 17 85 79 42 12 15
split_gain=86912.2 20434.8 15278 5409.4 4809.16 4703.47 3878.09
threshold=18.898275862068967 10.912962962962965 27.218620361483605 1.9155172413793105 24.10172413793104 -0.60355339059327384 -0.8783796973249266
decision_type=2 2 2 2 2 2 2
left_child=1 5 3 -2 -3 -1 -4
right_child=2 4 6 -5 -6 -7 -8
leaf_value=-0.054356383541190399 0.09209389644648118 0.027753360306148233 0.029003159450689951 0.038253463629956325 -0.0071448319044945443 -0.0277548967089363 0.13815410247634247
leaf_weight=1181 232 579 37 956 1239 1525 291
leaf_count=1181 232 579 37 956 1239 1525 291
internal_value=4.33727e-06 -0.021955 0.0655208 0.0488025 0.00397391 -0.0393729 0.125906
internal_weight=6040 4524 1516 1188 1818 2706 328
internal_count=6040 4524 1516 1188 1818 2706 328
is_linear=0
shrinkage=0.01


Tree=23
num_leaves=8
num_cat=0
split_feature=17 17 69 41 76 76 12
split_gain=85184.7 20102.5 14694.8 6485.6 5005.44 4177.84 2930.18
threshold=18.898275862068967 8.5425287356321853 27.288454241794451 24.539814814814822 47.644444444444453 43.033333333333339 -0.60355339059327384
decision_type=2 2 2 2 2 2 2
left_child=1 6 4 -3 -2 -4 -1
right_child=2 3 5 -5 -6 -7 -8
leaf_value=-0.059122534699388843 0.054397703166416823 0.019518950351764468 0.02882052283451475 -0.014391224088359281 -0.016707547227133353 0.13443856601175555 -0.034265557547067775
leaf_weight=933 1056 821 43 1799 109 308 971
leaf_count=933 1056 821 43 1799 109 308 971
internal_value=4.49003e-06 -0.0217356 0.0648666 -0.00376329 0.0477402 0.12156 -0.0464586
internal_weight=6040 4524 1516 2620 1165 351 1904
internal_count=6040 4524 1516 2620 1165 351 1904
is_linear=0
shrinkage=0.01


Tree=24
num_leaves=8
num_cat=0
split_feature=17 59 17 41 3 44 12
split_gain=83684.1 27960.3 8048.76 6872.55 5944.21 3636.36 2400.96
threshold=13.196928563451793 21.779885057471265 7.8248423927284589 24.305172413793105 467.47528735632187 22.081717770720331 -0.60355339059327384
decision_type=2 2 2 2 2 2 2
left_child=2 3 6 -2 -3 -4 -1
right_child=1 4 5 -5 -6 -7 -8
leaf_value=-0.06076651852576604 0.047029430507376367 0.054865997469020621 0.029041737433709826 0.0075201929919256243 0.11414227396319787 -0.022560287956587759 -0.036459925285844276
leaf_weight=846 683 261 149 1238 489 1585 789
leaf_count=846 683 261 149 1238 489 1585 789
internal_value=4.53778e-06 0.0418042 -0.0331361 0.0215763 0.0935651 -0.0181188 -0.049052
internal_weight=6040 2671 3369 1921 750 1734 1635
internal_count=6040 2671 3369 1921 750 1734 1635
is_linear=0
shrinkage=0.01


Tree=25
num_leaves=8
num_cat=0
split_feature=93 69 12 22 76 10 45
split_gain=75563.7 27227.4 8727.25 5853.52 3972.57 2699.76 2679.99
threshold=1.0000000180025095e-35 27.288454241794451 -0.12940952255126037 9.0122155947641804 43.033333333333339 2.5000000000000004 22.035340926821661
decision_type=2 2 2 2 2 2 2
left_child=3 2 -2 5 -3 -1 -5
right_child=1 4 -4 6 -6 -7 -8
leaf_value=-0.05380709777994877 -0.00098207389006896729 0.031009781591667986 0.037442331203726142 0.036299245176731415 0.12699485034817143 -0.019742436639298647 -0.023486267217709342
leaf_weight=1352 904 50 1707 79 332 282 1334
leaf_count=1352 904 50 1707 79 332 282 1334
internal_value=4.60305e-06 0.0356896 0.0241409 -0.0350479 0.11449 -0.0479363 -0.0201317
internal_weight=6040 2993 2611 3047 382 1634 1413
internal_count=6040 2993 2611 3047 382 1634 1413
is_linear=0
shrinkage=0.01


Tree=26
num_leaves=8
num_cat=0
split_feature=59 57 12 3 12 73 3
split_gain=72546.2 26563.5 10657.9 5778.58 4742.23 3953.24 1266.27
threshold=21.779885057471265 11.057441396557488 -0.3794095225512602 467.47528735632187 -0.60355339059327384 23.229853021397371 235.05000000000004
decision_type=2 2 2 2 2 2 2
left_child=1 4 -3 6 -1 -5 -2
right_child=3 2 -4 5 -6 -7 -8
leaf_value=-0.051469659627266573 0.003496149998552659 -0.020520390008757671 0.023055642945647187 0.080002847969153468 -0.024279650663727465 0.13766094173046964 0.063483635650001521
leaf_weight=1077 42 813 1810 216 1590 273 219
leaf_count=1077 42 813 1810 216 1590 273 219
internal_value=4.66687e-06 -0.0130473 0.00954771 0.0920128 -0.0352674 0.112301 0.0538575
internal_weight=6040 5290 2623 750 2667 489 261
internal_count=6040 5290 2623 750 2667 489 261
is_linear=0
shrinkage=0.01


Tree=27
num_leaves=8
num_cat=0
split_feature=17 17 71 45 22 25 22
split_gain=79462.8 18643.8 13651.1 7840.78 5757.91 2926.82 1959.38
threshold=18.898275862068967 8.5425287356321853 16.06666666666667 22.035340926821661 13.321839080459773 27.942857142857147 9.2833333333333368
decision_type=2 2 2 2 2 2 2
left_child=1 6 3 -2 -3 -4 -1
right_child=2 4 5 -5 -6 -7 -8
leaf_value=-0.052231995805462839 0.097693548558714857 -0.016502165138924326 0.1867679812247012 0.034886100333762778 0.013454549028957947 0.1073423334792475 -0.030895664289701613
leaf_weight=1240 250 1499 59 969 1121 238 664
leaf_count=1240 250 1499 59 969 1121 238 664
internal_value=4.79596e-06 -0.0209924 0.0626506 0.0478022 -0.0036845 0.12341 -0.0448015
internal_weight=6040 4524 1516 1219 2620 297 1904
internal_count=6040 4524 1516 1219 2620 297 1904
is_linear=0
shrinkage=0.01


Tree=28
num_leaves=8
num_cat=0
split_feature=17 17 85 41 79 15 12
split_gain=77885.8 17536.6 14190.8 5681.42 5407.47 3750.2 2722.42
threshold=18.450000000000003 8.5425287356321853 27.218620361483605 24.539814814814822 1.9155172413793105 -0.8783796973249266 -0.60355339059327384
decision_type=2 2 2 2 2 2 2
left_child=1 6 4 -3 -2 -4 -1
right_child=2 3 5 -5 -6 -7 -8
leaf_value=-0.056560155181970447 0.087546224055180547 0.018060756607670349 0.023467555224100753 -0.014221825042931941 0.034750545630996957 0.13069535970524845 -0.032601370038084082
leaf_weight=933 240 788 37 1766 1013 292 971
leaf_count=933 240 788 37 1766 1013 292 971
internal_value=5.03066e-06 -0.0213869 0.0602745 -0.00425972 0.0448943 0.118692 -0.0443537
internal_weight=6040 4458 1582 2554 1253 329 1904
internal_count=6040 4458 1582 2554 1253 329 1904
is_linear=0
shrinkage=0.01


Tree=29
num_leaves=8
num_cat=0
split_feature=17 59 17 41 5 45 12
split_gain=76526 25658.7 7350.25 6606.23 5198.91 3554.1 2226.24
threshold=13.196928563451793 21.779885057471265 7.8248423927284589 24.305172413793105 3.5000000000000004 22.004524886877832 -0.60355339059327384
decision_type=2 2 2 2 2 2 2
left_child=2 3 6 -2 -3 -4 -1
right_child=1 4 5 -5 -6 -7 -8
leaf_value=-0.058176014831114717 0.04555468585100677 0.1146116018018795 0.033934068109498797 0.0068188634402297976 0.061715039370437819 -0.021328194504716867 -0.034771290071286494
leaf_weight=846 683 394 125 1238 356 1609 789
leaf_count=846 683 394 125 1238 356 1609 789
internal_value=5.13948e-06 0.0399772 -0.0316864 0.0205997 0.0895619 -0.0173355 -0.046896
internal_weight=6040 2671 3369 1921 750 1734 1635
internal_count=6040 2671 3369 1921 750 1734 1635
is_linear=0
shrinkage=0.01


Tree=30
num_leaves=8
num_cat=0
split_feature=93 69 12 22 76 14 45
split_gain=68913.9 24976.7 8400.63 5466.58 3790.37 3085.97 2544.06
threshold=1.0000000180025095e-35 27.288454241794451 -0.12940952255126037 9.0122155947641804 43.033333333333339 0.25000000000000017 22.035340926821661
decision_type=2 2 2 2 2 2 2
left_child=3 2 -2 5 -3 -1 -5
right_child=1 4 -4 6 -6 -7 -8
leaf_value=-0.052280658671120139 -0.0016252411640706873 0.028043206861703699 0.036072944276579172 0.035925074125610808 0.12177074645753193 -0.016176978888490481 -0.022323396925381413
leaf_weight=1346 904 50 1707 79 332 288 1334
leaf_count=1346 904 50 1707 79 332 288 1334
internal_value=5.21178e-06 0.0340838 0.0230228 -0.0334694 0.109557 -0.0459244 -0.0190548
internal_weight=6040 2993 2611 3047 382 1634 1413
internal_count=6040 2993 2611 3047 382 1634 1413
is_linear=0
shrinkage=0.01


Tree=31
num_leaves=8
num_cat=0
split_feature=17 17 71 45 2 12 12
split_gain=73908.4 17193.9 12767 7513.73 6102.16 2597.99 2559.85
threshold=18.898275862068967 8.5425287356321853 16.06666666666667 22.035340926821661 24.539814814814822 -0.60355339059327384 -0.3794095225512602
decision_type=2 2 2 2 2 2 2
left_child=1 5 3 -2 -3 -1 -4
right_child=2 4 6 -5 -6 -7 -8
leaf_value=-0.055033510324889151 0.094901484850370241 0.019040372679560286 0.079986456998407021 0.033419272291321786 -0.013895896641320401 -0.031629057972288842 0.1416293998238895
leaf_weight=933 250 817 109 969 1803 971 188
leaf_count=933 250 817 109 969 1803 971 188
internal_value=5.26591e-06 -0.0202448 0.060422 0.0460626 -0.00362345 -0.0431094 0.11918
internal_weight=6040 4524 1516 1219 2620 1904 297
internal_count=6040 4524 1516 1219 2620 1904 297
is_linear=0
shrinkage=0.01


Tree=32
num_leaves=8
num_cat=0
split_feature=63 18 43 71 11 25 85
split_gain=56478.4 21521 11603.4 7274.89 2903.9 2686.14 2684.71
threshold=17.355747126436786 8.7746376811594224 24.067816091954025 16.06666666666667 0.78656609248549325 27.942857142857147 28.405039478880525
decision_type=2 2 2 2 2 2 2
left_child=1 4 -3 6 -1 -5 -2
right_child=3 2 -4 5 -6 -7 -8
leaf_value=-0.042206235708811289 0.046370048570053925 0.032443803598298959 -0.0085556508223083531 0.17725450003244045 -0.003735507997185934 0.10206894046232705 0.117138889525964
leaf_weight=1758 437 990 2277 61 221 235 61
leaf_count=1758 437 990 2277 61 221 235 61
internal_value=5.4362e-06 -0.0118932 0.00387134 0.0785788 -0.0379124 0.117838 0.0551483
internal_weight=6040 5246 3267 794 1979 296 498
internal_count=6040 5246 3267 794 1979 296 498
is_linear=0
shrinkage=0.01


Tree=33
num_leaves=8
num_cat=0
split_feature=17 59 17 41 3 44 12
split_gain=71412.1 24047.3 6828.33 6250.28 5414.3 3303.67 2108.49
threshold=13.196928563451793 21.779885057471265 7.8248423927284589 24.305172413793105 467.47528735632187 22.081717770720331 -0.60355339059327384
decision_type=2 2 2 2 2 2 2
left_child=2 3 6 -2 -3 -4 -1
right_child=1 4 5 -5 -6 -7 -8
leaf_value=-0.056245607154279932 0.044133331844929249 0.049697386185252192 0.02817412012152648 0.00645561472615088 0.10625768467191839 -0.021010110775572702 -0.033469144678645736
leaf_weight=846 683 261 149 1238 489 1585 789
leaf_count=846 683 261 149 1238 489 1585 789
internal_value=5.73105e-06 0.0386191 -0.0306086 0.01986 0.0866216 -0.0167766 -0.0452683
internal_weight=6040 2671 3369 1921 750 1734 1635
internal_count=6040 2671 3369 1921 750 1734 1635
is_linear=0
shrinkage=0.01


Tree=34
num_leaves=8
num_cat=0
split_feature=17 17 71 45 41 12 30
split_gain=70136.8 16319.2 12055.2 7230.2 5071.28 4031.6 2720.64
threshold=18.898275862068967 10.912962962962965 16.06666666666667 22.035340926821661 24.539814814814822 -0.3794095225512602 27.237037037037041
decision_type=2 2 2 2 2 2 2
left_child=1 5 3 -2 -3 -1 -4
right_child=2 4 6 -5 -6 -7 -8
leaf_value=-0.047032616101286846 0.09281554399362342 0.026457966035948806 0.17900920440876381 0.032504984254064541 -0.0086675215086095009 -0.022587097909601211 0.10096450826167813
leaf_weight=1405 250 627 56 969 1191 1301 241
leaf_count=1405 250 627 56 969 1191 1301 241
internal_value=5.77713e-06 -0.0197208 0.0588607 0.0449072 0.00345038 -0.0352861 0.115958
internal_weight=6040 4524 1516 1219 1818 2706 297
internal_count=6040 4524 1516 1219 1818 2706 297
is_linear=0
shrinkage=0.01


Tree=35
num_leaves=8
num_cat=0
split_feature=93 59 41 22 5 11 2
split_gain=62920.9 27558.6 6812.92 5170.19 4894.46 2322.67 2032.33
threshold=1.0000000180025095e-35 21.779885057471265 24.067816091954025 9.0122155947641804 3.5000000000000004 0.91597561503675362 24.011324820704804
decision_type=2 2 2 2 2 2 2
left_child=3 2 -2 6 -3 -5 -1
right_child=1 4 -4 5 -6 -7 -8
leaf_value=-0.018751103243981024 0.039791214193594375 0.10932680155172547 0.0027565896682769354 -0.022163658427715862 0.058010757657214689 0.021106710332449187 -0.049010981196943901
leaf_weight=266 742 394 1501 1276 356 137 1368
leaf_count=266 742 394 1501 1276 356 137 1368
internal_value=6.01277e-06 0.0325692 0.0150143 -0.03198 0.0850243 -0.017962 -0.0440925
internal_weight=6040 2993 2243 3047 750 1413 1634
internal_count=6040 2993 2243 3047 750 1413 1634
is_linear=0
shrinkage=0.01


Tree=36
num_leaves=8
num_cat=0
split_feature=17 17 85 2 46 80 12
split_gain=67566.2 15731.6 11995.8 5560.32 5081.74 4209.69 2416.25
threshold=18.898275862068967 8.5425287356321853 26.871229101790103 24.539814814814822 25.264912280701758 50.385662431941931 -0.60355339059327384
decision_type=2 2 2 2 2 2 2
left_child=1 6 4 -3 -2 -4 -1
right_child=2 3 5 -5 -6 -7 -8
leaf_value=-0.052725601880736828 0.059542612824852632 0.018177398299991009 0.15159232835129377 -0.013262593669279676 0.017026626776113777 0.080204185677542755 -0.030155229488288963
leaf_weight=933 699 817 141 1803 471 205 971
leaf_count=933 699 817 141 1803 471 205 971
internal_value=6.07027e-06 -0.0193557 0.0577724 -0.00345681 0.0424422 0.109474 -0.0412264
internal_weight=6040 4524 1516 2620 1170 346 1904
internal_count=6040 4524 1516 2620 1170 346 1904
is_linear=0
shrinkage=0.01


Tree=37
num_leaves=8
num_cat=0
split_feature=93 85 22 22 53 14 45
split_gain=60599.5 21923.8 7720.01 5012.11 3246.8 2907.82 2371.25
threshold=1.0000000180025095e-35 26.871229101790103 14.135632183908047 9.0122155947641804 531.37413793103462 0.25000000000000017 22.035340926821661
decision_type=2 2 2 2 2 2 2
left_child=3 2 -2 5 -3 -1 -5
right_child=1 4 -4 6 -6 -7 -8
leaf_value=-0.049479930912299762 0.0019983663787058055 0.07583542675411846 0.036677957097298187 0.035495579696395108 0.13493796121730584 -0.014437201085495578 -0.020737994234022148
leaf_weight=1346 1134 207 1479 79 173 288 1334
leaf_count=1346 1134 207 1479 79 173 288 1334
internal_value=6.20103e-06 0.031963 0.021631 -0.0313842 0.102886 -0.0433101 -0.0175822
internal_weight=6040 2993 2613 3047 380 1634 1413
internal_count=6040 2993 2613 3047 380 1634 1413
is_linear=0
shrinkage=0.01


Tree=38
num_leaves=8
num_cat=0
split_feature=93 69 12 12 93 14 11
split_gain=59394.5 21730.8 8178.67 4747.72 3567.72 2835.48 2736.24
threshold=1.0000000180025095e-35 27.288454241794451 -0.12940952255126037 -0.3794095225512602 1.5000000000000002 0.25000000000000017 0.78656609248549325
decision_type=2 2 2 2 2 2 2
left_child=3 2 -2 5 -3 -1 -5
right_child=1 4 -4 6 -6 -7 -8
leaf_value=-0.051189286168614942 -0.0029930107616332928 0.080315064268386374 0.034203133745878758 -0.024923384453268329 0.14568959959858491 -0.01912740285283639 0.0097081250998446427
leaf_weight=1160 904 256 1707 1245 126 363 279
leaf_count=1160 904 256 1707 1245 126 363 279
internal_value=6.30561e-06 0.0316438 0.0213265 -0.0310704 0.102042 -0.0435566 -0.0185819
internal_weight=6040 2993 2611 3047 382 1523 1524
internal_count=6040 2993 2611 3047 382 1523 1524
is_linear=0
shrinkage=0.01


Tree=39
num_leaves=8
num_cat=0
split_feature=17 17 85 41 17 79 80
split_gain=64340.6 19176.6 8672.1 5200.39 3814.82 3738.17 2889.55
threshold=21.898850574712647 11.111726772231293 27.218620361483605 24.539814814814822 7.8248423927284589 1.9155172413793105 50.385662431941931
decision_type=2 2 2 2 2 2 2
left_child=1 4 5 -3 -1 -2 -4
right_child=2 3 6 -5 -6 -7 -8
leaf_value=-0.042962409399585136 0.090906410191669937 0.028304891034079439 0.14809663023678762 -0.0046662545182456694 -0.019123108590055178 0.039706254701808101 0.08531034433565278
leaf_weight=1635 181 735 132 1368 1141 676 172
leaf_count=1635 181 735 132 1368 1141 676 172
internal_value=6.38386e-06 -0.015916 0.0668972 0.00686094 -0.0331693 0.0505671 0.112773
internal_weight=6040 4879 1161 2103 2776 857 304
internal_count=6040 4879 1161 2103 2776 857 304
is_linear=0
shrinkage=0.01


Tree=40
num_leaves=8
num_cat=0
split_feature=93 69 0 54 93 45 36
split_gain=57097 20929.8 6926.97 3507.32 3479.78 2267.46 1019.94
threshold=1.0000000180025095e-35 27.288454241794451 28.575000000000003 175.15000000000001 1.5000000000000002 22.004524886877832 71.678160919540247
decision_type=2 2 2 2 2 2 2
left_child=3 2 -2 6 -3 -5 -1
right_child=1 4 -4 5 -6 -7 -8
leaf_value=-0.021922743100520461 0.032671057589899903 0.0786599489307543 -0.0016333286631083643 0.0097092153755647514 0.14321774300944665 -0.028084521343337651 -0.059906946599896628
leaf_weight=85 1715 256 896 170 126 2347 445
leaf_count=85 1715 256 896 170 126 2347 445
internal_value=6.59046e-06 0.0310261 0.0209008 -0.0304631 0.100115 -0.0255303 -0.0538425
internal_weight=6040 2993 2611 3047 382 2517 530
internal_count=6040 2993 2611 3047 382 2517 530
is_linear=0
shrinkage=0.01


Tree=41
num_leaves=8
num_cat=0
split_feature=93 69 22 22 76 10 57
split_gain=55961.8 20514.8 7231.56 4815.29 3499.23 2066.4 1714.63
threshold=1.0000000180025095e-35 27.288454241794451 17.550000000000004 8.8477011494252888 43.033333333333339 2.5000000000000004 6.6222222222222102
decision_type=2 2 2 2 2 2 2
left_child=3 2 -2 5 -3 -1 -5
right_child=1 4 -4 6 -6 -7 -8
leaf_value=-0.047474807684605998 0.0069834640662425488 0.020873153192129467 0.040896716268995201 -0.036249256284326861 0.11084933243122765 -0.017139053603815374 -0.010982525435942279
leaf_weight=1309 1556 50 1055 354 332 272 1112
leaf_count=1309 1556 50 1055 354 332 272 1112
internal_value=6.65002e-06 0.0307163 0.0206918 -0.0301587 0.0991163 -0.0422631 -0.0170944
internal_weight=6040 2993 2611 3047 382 1581 1466
internal_count=6040 2993 2611 3047 382 1581 1466
is_linear=0
shrinkage=0.01


Tree=42
num_leaves=8
num_cat=0
split_feature=59 57 41 3 5 23 3
split_gain=55374.2 19348 8242.58 4989.3 5952.49 3448.38 1088.88
threshold=21.779885057471265 11.057441396557488 24.305172413793105 467.47528735632187 3.5000000000000004 11.631343506053231 235.05000000000004
decision_type=2 2 2 2 2 2 2
left_child=1 5 -3 6 -5 -1 -2
right_child=3 2 -4 4 -6 -7 -8
leaf_value=-0.038666132744197175 -0.001662922301011927 0.032698826320421051 -0.0047741158161060419 0.13066501099422795 0.060281720244803029 -0.014782155927120195 0.053881727912770863
leaf_weight=1739 42 886 1737 270 219 928 219
leaf_count=1739 42 886 1737 270 219 928 219
internal_value=6.63882e-06 -0.0113965 0.00788717 0.0803912 0.0992385 -0.0303601 0.0449555
internal_weight=6040 5290 2623 750 489 2667 261
internal_count=6040 5290 2623 750 489 2667 261
is_linear=0
shrinkage=0.01


Tree=43
num_leaves=8
num_cat=0
split_feature=59 22 59 63 15 65 6
split_gain=54274.2 20679.4 6438.31 4657.13 4518.87 4551.35 2109.83
threshold=21.779885057471265 13.321839080459773 9.0678160919540236 5.7192118226600996 -1.0000000180025095e-35 22.236331050402317 24.500000000000004
decision_type=2 2 2 2 2 2 2
left_child=1 2 -1 -3 6 -6 -2
right_child=4 3 -4 -5 5 -7 -8
leaf_value=-0.036860209863486877 0.065449650605820905 -0.015468771950001197 -0.0073947075170160692 0.02190531477844666 0.042337611739392059 0.12208693704214289 0.0034959040218896236
leaf_weight=2155 288 422 1131 1582 95 299 68
leaf_count=2155 288 422 1131 1582 95 299 68
internal_value=6.75172e-06 -0.0112825 -0.0267214 0.014033 0.0795889 0.102937 0.0536387
internal_weight=6040 5290 3286 2004 750 394 356
internal_count=6040 5290 3286 2004 750 394 356
is_linear=0
shrinkage=0.01


Tree=44
num_leaves=8
num_cat=0
split_feature=17 17 85 41 12 79 45
split_gain=59243.8 17393.8 7858.46 4908.7 3814.92 3578.7 3062.81
threshold=21.898850574712647 11.111726772231293 27.218620361483605 24.539814814814822 -0.60355339059327384 1.9155172413793105 22.122127329192548
decision_type=2 2 2 2 2 2 2
left_child=1 4 5 -3 -1 -2 -4
right_child=2 3 6 -5 -6 -7 -8
leaf_value=-0.045158234936188285 0.088115553557708573 0.027254402880914595 0.17785061967032298 -0.0047786788472635759 -0.021477600170814778 0.038022259826244645 0.093097881268896163
leaf_weight=1198 181 735 52 1368 1578 676 252
leaf_count=1198 181 735 52 1368 1578 676 252
internal_value=6.84698e-06 -0.0152719 0.0641936 0.00642049 -0.0317036 0.0486479 0.107865
internal_weight=6040 4879 1161 2103 2776 857 304
internal_count=6040 4879 1161 2103 2776 857 304
is_linear=0
shrinkage=0.01


Tree=45
num_leaves=8
num_cat=0
split_feature=17 17 85 11 46 45 12
split_gain=58114.2 13464.8 10001.7 5746.2 4620.83 3193.33 1820.77
threshold=18.898275862068967 7.8248423927284589 27.218620361483605 0.91597561503675362 25.264912280701758 22.122127329192548 -0.60355339059327384
decision_type=2 2 2 2 2 2 2
left_child=1 6 4 -3 -2 -4 -1
right_child=2 3 5 -5 -6 -7 -8
leaf_value=-0.051077316227805244 0.056115989170123885 -0.010248841190748788 0.16983290303670445 0.032682650037492336 0.015823237056946982 0.087672879574934012 -0.029914591147817384
leaf_weight=846 714 2534 58 355 474 270 789
leaf_count=846 714 2534 58 355 474 270 789
internal_value=7.07147e-06 -0.0179494 0.0535808 -0.00496851 0.0400534 0.102439 -0.0408774
internal_weight=6040 4524 1516 2889 1188 328 1635
internal_count=6040 4524 1516 2889 1188 328 1635
is_linear=0
shrinkage=0.01


Tree=46
num_leaves=8
num_cat=0
split_feature=59 22 2 67 3 5 3
split_gain=51347.9 19774.6 6201.96 4976.47 4807.81 5678.05 1036.94
threshold=21.779885057471265 13.321839080459773 24.011324820704804 5.3166666666666673 467.47528735632187 3.5000000000000004 235.05000000000004
decision_type=2 2 2 2 2 2 2
left_child=1 2 -1 -3 6 -6 -2
right_child=4 3 -4 -5 5 -7 -8
leaf_value=0.0024435861088768478 -0.0028448328368804033 -0.010992637650667009 -0.032688295327796629 0.023800147258465697 0.12660626092635771 0.057870408940355979 0.051345185105360049
leaf_weight=619 42 577 2667 1427 270 219 219
leaf_count=619 42 577 2667 1427 270 219 219
internal_value=7.2257e-06 -0.0109735 -0.0260708 0.013782 0.0774143 0.0959143 0.0426343
internal_weight=6040 5290 3286 2004 750 489 261
internal_count=6040 5290 3286 2004 750 489 261
is_linear=0
shrinkage=0.01


Tree=47
num_leaves=8
num_cat=0
split_feature=59 59 12 12 3 15 72
split_gain=50327.9 17790.4 6400.75 4936.06 4712.3 5565.21 1118.8
threshold=21.779885057471265 9.0678160919540236 -0.3794095225512602 -0.60355339059327384 467.47528735632187 -1.0000000180025095e-35 48.518518518518526
decision_type=2 2 2 2 2 2 2
left_child=1 3 -3 -1 6 -6 -2
right_child=4 2 -4 -5 5 -7 -8
leaf_value=-0.044284713347455214 0.0543505171947277 -0.016334417223270697 0.018911176914626134 -0.017222080209757712 0.057293023785529557 0.12534253884639845 0.0069027550729336565
leaf_weight=1130 194 728 1760 1672 219 270 67
leaf_count=1130 194 728 1760 1672 219 270 67
internal_value=7.33275e-06 -0.0108638 0.00859675 -0.0281421 0.0766417 0.094957 0.0422088
internal_weight=6040 5290 2488 2802 750 489 261
internal_count=6040 5290 2488 2802 750 489 261
is_linear=0
shrinkage=0.01


Tree=48
num_leaves=8
num_cat=0
split_feature=17 17 17 22 5 67 12
split_gain=55174.6 12420.5 9338.87 5601.79 4239.85 3302.18 1725.95
threshold=18.450000000000003 7.8248423927284589 30.016666666666669 14.135632183908047 4.5000000000000009 5.3729885057471272 -0.60355339059327384
decision_type=2 2 2 2 2 2 2
left_child=1 6 5 -3 -4 -2 -1
right_child=2 3 4 -5 -6 -7 -8
leaf_value=-0.049856871707264799 -0.0061196267297518427 -0.015837221347299178 0.10520032787247122 0.013518564534363025 0.042121996251510571 0.041666915055308708 -0.029252179484467591
leaf_weight=846 172 1809 353 1014 154 903 789
leaf_count=846 172 1809 353 1014 154 903 789
internal_value=7.41339e-06 -0.0179975 0.0507343 -0.00529214 0.0861018 0.0340213 -0.039926
internal_weight=6040 4458 1582 2823 507 1075 1635
internal_count=6040 4458 1582 2823 507 1075 1635
is_linear=0
shrinkage=0.01


Tree=49
num_leaves=8
num_cat=0
split_feature=93 59 43 12 5 65 14
split_gain=48849.8 21672.7 5289.09 4200.08 4152.48 2958.42 2569.75
threshold=1.0000000180025095e-35 21.779885057471265 24.067816091954025 -0.3794095225512602 3.5000000000000004 16.92909041256743 0.25000000000000017
decision_type=2 2 2 2 2 2 2
left_child=3 2 -2 6 -3 -5 -1
right_child=1 4 -4 5 -6 -7 -8
leaf_value=-0.047185595462996728 0.03453032772347514 0.097597364312946716 0.0021134016325623753 -0.0187553622169024 0.050344011508691201 0.066866399275251176 -0.016666678073356107
leaf_weight=1160 762 394 1481 1483 356 41 363
leaf_count=1160 762 394 1481 1483 356 41 363
internal_value=7.42231e-06 0.0286994 0.0131317 -0.028176 0.0752169 -0.0164304 -0.0399197
internal_weight=6040 2993 2243 3047 750 1524 1523
internal_count=6040 2993 2243 3047 750 1524 1523
is_linear=0
shrinkage=0.01


Tree=50
num_leaves=8
num_cat=0
split_feature=17 17 85 2 79 17 45
split_gain=53176.7 15765.8 7165.5 4467.03 3371.95 3289.21 2920
threshold=21.898850574712647 11.111726772231293 27.218620361483605 24.539814814814822 1.9155172413793105 7.8248423927284589 22.122127329192548
decision_type=2 2 2 2 2 2 2
left_child=1 5 4 -3 -2 -1 -4
right_child=2 3 6 -5 -6 -7 -8
leaf_value=-0.03920494397571473 0.084282905405874756 0.026205299935008957 0.17082537044740861 -0.0044209270238096347 0.035662260814529272 -0.017069435012989211 0.088112503521690283
leaf_weight=1635 181 728 52 1375 676 1141 252
leaf_count=1635 181 728 52 1375 676 1141 252
internal_value=7.48875e-06 -0.0144677 0.0608189 0.00618449 0.0459748 -0.0301116 0.10252
internal_weight=6040 4879 1161 2103 857 2776 304
internal_count=6040 4879 1161 2103 857 2776 304
is_linear=0
shrinkage=0.01


Tree=51
num_leaves=8
num_cat=0
split_feature=17 17 85 22 46 80 12
split_gain=52166.2 11733.7 9392.42 5410.13 4165.15 3639.25 1657.57
threshold=18.450000000000003 7.8248423927284589 27.218620361483605 14.135632183908047 25.203448275862073 50.385662431941931 -0.60355339059327384
decision_type=2 2 2 2 2 2 2
left_child=1 6 4 -3 -2 -4 -1
right_child=2 3 5 -5 -6 -7 -8
leaf_value=-0.048544955671615833 0.051571811518540275 -0.015513528032475915 0.1367571332234738 0.013335683570329254 0.014273844604383244 0.068810645762131889 -0.028353236021702852
leaf_weight=846 757 1809 135 1014 496 194 789
leaf_count=846 757 1809 135 1014 496 194 789
internal_value=7.69976e-06 -0.0174995 0.0493323 -0.00515041 0.0368194 0.0968582 -0.038813
internal_weight=6040 4458 1582 2823 1253 329 1635
internal_count=6040 4458 1582 2823 1253 329 1635
is_linear=0
shrinkage=0.01


Tree=52
num_leaves=8
num_cat=0
split_feature=17 17 83 17 41 11 24
split_gain=51252.7 16139.3 4990.68 4962.45 4360.66 3057.43 1259.39
threshold=13.196928563451793 25.683333333333337 27.361005509822366 7.8248423927284589 24.067816091954025 0.91597561503675362 12.446451586374714
decision_type=2 2 2 2 2 2 2
left_child=3 4 -3 6 -2 -5 -1
right_child=1 2 -4 5 -6 -7 -8
leaf_value=-0.044887591308876838 0.037411658254391175 0.050884305346772456 0.1028299581628237 -0.018371308656251747 0.0055809936296410921 0.027451359156646832 -0.026450147068155547
leaf_weight=1061 665 487 300 1574 1219 160 574
leaf_count=1061 665 487 300 1574 1219 160 574
internal_value=7.78273e-06 0.03272 0.070739 -0.0259279 0.0168236 -0.0141362 -0.0384251
internal_weight=6040 2671 787 3369 1884 1734 1635
internal_count=6040 2671 787 3369 1884 1734 1635
is_linear=0
shrinkage=0.01


Tree=53
num_leaves=8
num_cat=0
split_feature=93 69 12 12 93 65 2
split_gain=45214.9 16777 7667.22 4003.36 3054.32 2868.16 2555.1
threshold=1.0000000180025095e-35 27.288454241794451 -0.12940952255126037 -0.3794095225512602 1.5000000000000002 16.92909041256743 23.100346615754436
decision_type=2 2 2 2 2 2 2
left_child=3 2 -2 6 -3 -5 -1
right_child=1 4 -4 5 -6 -7 -8
leaf_value=-0.00049579134885492009 -0.0049994610051561153 0.069385436419099861 0.031013949110752483 -0.01792912314260045 0.1298295443476189 0.06637508232658168 -0.042977310126781208
leaf_weight=158 904 256 1707 1483 126 41 1365
leaf_count=158 904 256 1707 1483 126 41 1365
internal_value=7.81711e-06 0.0276117 0.0185464 -0.0271068 0.0894675 -0.0156397 -0.0385721
internal_weight=6040 2993 2611 3047 382 1524 1523
internal_count=6040 2993 2611 3047 382 1524 1523
is_linear=0
shrinkage=0.01


Tree=54
num_leaves=8
num_cat=0
split_feature=17 17 71 45 41 12 0
split_gain=49590.8 14515.5 6588.81 4873.57 4435.56 3275.3 2452.19
threshold=21.898850574712647 11.111726772231293 16.06666666666667 22.035340926821661 24.539814814814822 -0.60355339059327384 27.758914813426625
decision_type=2 2 2 2 2 2 2
left_child=1 5 3 -2 -3 -1 -4
right_child=2 4 6 -5 -6 -7 -8
leaf_value=-0.041448148255175447 0.088376500173520167 0.0256501544751917 0.16388800698808098 0.032432465588433081 -0.0047999698912338995 -0.019506481239732278 0.086697079475585956
leaf_weight=1198 202 735 51 680 1368 1578 228
leaf_count=1198 202 735 51 680 1368 1578 228
internal_value=7.92859e-06 -0.0139707 0.0587331 0.0452884 0.0058457 -0.0289815 0.101077
internal_weight=6040 4879 1161 882 2103 2776 279
internal_count=6040 4879 1161 882 2103 2776 279
is_linear=0
shrinkage=0.01


Tree=55
num_leaves=8
num_cat=0
split_feature=59 93 41 22 5 49 6
split_gain=43616.3 19483.5 5517.55 4130.66 3948.14 4152.08 2076.88
threshold=21.779885057471265 1.0000000180025095e-35 24.067816091954025 8.8477011494252888 3.5000000000000004 452.23333333333341 24.500000000000004
decision_type=2 2 2 2 2 2 2
left_child=1 3 -3 -1 5 -2 -6
right_child=4 2 -4 -5 6 -7 -8
leaf_value=-0.037786982626575885 0.036880764738455342 0.034551509555464335 0.0012235955886437042 -0.014477056658198689 0.058820615466790634 0.11196429561017525 -0.0025878252585003849
leaf_weight=1581 99 742 1501 1466 288 295 68
leaf_count=1581 99 742 1501 1466 288 295 68
internal_value=8.12432e-06 -0.0101122 0.0122542 -0.0265763 0.0713499 0.0931701 0.0471023
internal_weight=6040 5290 2243 3047 750 394 356
internal_count=6040 5290 2243 3047 750 394 356
is_linear=0
shrinkage=0.01


Tree=56
num_leaves=8
num_cat=0
split_feature=17 17 85 41 15 17 35
split_gain=47760.4 13941.3 6400.87 4269.25 3636.73 3028.45 2863.85
threshold=21.898850574712647 11.111726772231293 27.218620361483605 24.539814814814822 -0.8783796973249266 7.4747126436781617 73.237356321839101
decision_type=2 2 2 2 2 2 2
left_child=1 5 6 -3 -4 -1 -2
right_child=2 3 4 -5 -6 -7 -8
leaf_value=-0.037812442477355802 0.066704671825340039 0.025140095109747122 0.0026212066362981921 -0.0047336956095392797 0.10970739117609528 -0.016793573653774783 0.029097211995207092
leaf_weight=1535 330 735 36 1368 268 1241 527
leaf_count=1535 330 735 36 1368 268 1241 527
internal_value=8.20004e-06 -0.0137101 0.0576395 0.00571047 0.0970529 -0.0284209 0.0436095
internal_weight=6040 4879 1161 2103 304 2776 857
internal_count=6040 4879 1161 2103 304 2776 857
is_linear=0
shrinkage=0.01


Tree=57
num_leaves=8
num_cat=0
split_feature=17 17 85 22 46 15 23
split_gain=46858.1 10922.2 8152.41 5002.59 4081.21 3445.85 1135.76
threshold=18.898275862068967 7.8248423927284589 27.218620361483605 14.135632183908047 25.33908045977012 -0.8783796973249266 9.5086206896551744
decision_type=2 2 2 2 2 2 2
left_child=1 6 4 -3 -2 -4 -1
right_child=2 3 5 -5 -6 -7 -8
leaf_value=-0.043398354375296433 0.050838472623424565 -0.014373931788866501 0.0012867559941609702 0.012973240332182849 0.012891677077060513 0.10376421385333837 -0.026239965804717293
leaf_weight=1002 720 1838 37 1051 468 291 633
leaf_count=1002 720 1838 37 1051 468 291 633
internal_value=8.26288e-06 -0.0161157 0.0481147 -0.00442451 0.0359019 0.0922253 -0.0367657
internal_weight=6040 4524 1516 2889 1188 328 1635
internal_count=6040 4524 1516 2889 1188 328 1635
is_linear=0
shrinkage=0.01


Tree=58
num_leaves=8
num_cat=0
split_feature=17 17 71 12 46 12 30
split_gain=45977 13428.8 6182.78 4352.73 3540.97 3159.71 2449.37
threshold=21.898850574712647 11.111726772231293 16.06666666666667 -0.3794095225512602 24.737037037037041 -0.3794095225512602 27.237037037037041
decision_type=2 2 2 2 2 2 2
left_child=1 5 4 -3 -2 -1 -4
right_child=2 3 6 -5 -6 -7 -8
leaf_value=-0.038262345792337005 0.061443097434391122 -0.016967323068250356 0.157466417896855 0.014771979374095991 0.021087056808619744 -0.016906173745142632 0.082544645205554962
leaf_weight=1427 490 607 55 1496 392 1349 224
leaf_count=1427 490 607 55 1496 392 1349 224
internal_value=8.26197e-06 -0.0134514 0.0565533 0.0056088 0.0435298 -0.0278894 0.0975712
internal_weight=6040 4879 1161 2103 882 2776 279
internal_count=6040 4879 1161 2103 882 2776 279
is_linear=0
shrinkage=0.01


Tree=59
num_leaves=8
num_cat=0
split_feature=17 59 41 17 3 11 12
split_gain=45074.4 15122.5 4665.48 4415.65 4261.2 2922.94 1503.23
threshold=13.196928563451793 21.779885057471265 24.305172413793105 7.8248423927284589 467.47528735632187 0.91597561503675362 -0.60355339059327384
decision_type=2 2 2 2 2 2 2
left_child=3 2 -2 6 -3 -5 -1
right_child=1 4 -4 5 -6 -7 -8
leaf_value=-0.045369604590709212 0.036780693518566054 0.036022828246920907 0.0042290455640944498 -0.017331885962236275 0.086165652969073928 0.027470980680991554 -0.026142828775106788
leaf_weight=846 683 261 1238 1574 489 160 789
leaf_count=846 683 261 1238 1574 489 160 789
internal_value=8.39964e-06 0.0306857 0.0158094 -0.0243139 0.0687522 -0.0131908 -0.0361025
internal_weight=6040 2671 1921 3369 750 1734 1635
internal_count=6040 2671 1921 3369 750 1734 1635
is_linear=0
shrinkage=0.01


Tree=60
num_leaves=8
num_cat=0
split_feature=59 93 41 3 5 12 76
split_gain=39692.6 17655 5160.07 4176.43 5010.44 3656.33 1095.59
threshold=21.779885057471265 1.0000000180025095e-35 24.067816091954025 467.47528735632187 3.5000000000000004 -0.3794095225512602 48.222222222222229
decision_type=2 2 2 2 2 2 2
left_child=1 5 -3 6 -5 -1 -2
right_child=3 2 -4 4 -6 -7 -8
leaf_value=-0.036275466390430909 0.049253528988332622 0.03320792114023207 0.0009778149777411164 0.11412892023940843 0.049587081547410719 -0.014360012918177312 0.0047942165397338986
leaf_weight=1523 181 742 1501 270 219 1524 80
leaf_count=1523 181 742 1501 270 219 1524 80
internal_value=8.40082e-06 -0.00964596 0.011645 0.0680655 0.0853049 -0.0253185 0.0356633
internal_weight=6040 5290 2243 750 489 3047 261
internal_count=6040 5290 2243 750 489 3047 261
is_linear=0
shrinkage=0.01


Tree=61
num_leaves=8
num_cat=0
split_feature=17 17 71 45 22 30 36
split_gain=43510.8 10183.1 7864.09 5632.42 4783.85 2317.54 1086.94
threshold=18.898275862068967 7.8248423927284589 16.06666666666667 22.035340926821661 14.135632183908047 27.237037037037041 59.016666666666673
decision_type=2 2 2 2 2 2 2
left_child=1 6 3 -2 -3 -4 -1
right_child=2 4 5 -5 -6 -7 -8
leaf_value=-0.0031553195109449064 0.077375688725840788 -0.01396968335257111 0.15051820049454681 0.02415258604060818 0.012772916956868021 0.078707801826005147 -0.037526280104700868
leaf_weight=98 250 1838 56 969 1051 241 1537
leaf_count=98 250 1838 56 969 1051 241 1537
internal_value=8.48595e-06 -0.0155289 0.0463648 0.0350956 -0.00424019 0.0924797 -0.035468
internal_weight=6040 4524 1516 1219 2889 297 1635
internal_count=6040 4524 1516 1219 2889 297 1635
is_linear=0
shrinkage=0.01


Tree=62
num_leaves=8
num_cat=0
split_feature=59 22 2 67 3 5 72
split_gain=38235.1 15813.2 5529.02 4142.09 4055.68 4871.36 1151.8
threshold=21.779885057471265 13.321839080459773 24.011324820704804 5.3166666666666673 467.47528735632187 3.5000000000000004 48.518518518518526
decision_type=2 2 2 2 2 2 2
left_child=1 2 -1 -3 6 -6 -2
right_child=4 3 -4 -5 5 -7 -8
leaf_value=0.0039542972357331794 0.047192806098031975 -0.009931972026466937 -0.02921569889604464 0.021810333197615429 0.11221343807741145 0.048575379819153115 -0.00086937721084665368
leaf_weight=619 194 577 2667 1427 270 219 67
leaf_count=619 194 577 2667 1427 270 219 67
internal_value=8.64098e-06 -0.00946681 -0.0229675 0.0126705 0.0668046 0.0837927 0.034875
internal_weight=6040 5290 3286 2004 750 489 261
internal_count=6040 5290 3286 2004 750 489 261
is_linear=0
shrinkage=0.01


Tree=63
num_leaves=8
num_cat=0
split_feature=93 59 2 3 12 65 2
split_gain=37479.7 16834.1 4827.72 3975.1 3535.08 2736.16 2404.23
threshold=1.0000000180025095e-35 21.779885057471265 24.605555555555558 467.47528735632187 -0.3794095225512602 16.92909041256743 23.100346615754436
decision_type=2 2 2 2 2 2 2
left_child=4 2 -2 -3 6 -6 -1
right_child=1 3 -4 -5 5 -7 -8
leaf_value=0.0014712314610178538 0.030831962444798383 0.034527136716542922 0.00033443739588766356 0.082956434160684045 -0.016139145397602191 0.066199447499341271 -0.039724736514536396
leaf_weight=158 815 261 1428 489 1483 41 1365
leaf_count=158 815 261 1428 489 1483 41 1365
internal_value=8.71572e-06 0.0251407 0.0114204 0.0661379 -0.0246778 -0.0139027 -0.0354516
internal_weight=6040 2993 2243 750 3047 1524 1523
internal_count=6040 2993 2243 750 3047 1524 1523
is_linear=0
shrinkage=0.01


Tree=64
num_leaves=8
num_cat=0
split_feature=59 22 14 67 3 5 72
split_gain=36730.6 15325.6 5254.37 4018.77 3896.02 4775.19 1128.98
threshold=21.779885057471265 13.321839080459773 -0.5 5.3166666666666673 467.47528735632187 3.5000000000000004 48.518518518518526
decision_type=2 2 2 2 2 2 2
left_child=1 2 -1 -3 6 -6 -2
right_child=4 3 -4 -5 5 -7 -8
leaf_value=-0.031902030978994453 0.046377707245991905 -0.0097485502333805631 -0.0054350444525640921 0.021517676358140073 0.11026534783796109 0.047263057187810577 -0.0012034615891951101
leaf_weight=2127 194 577 1159 1427 270 219 67
leaf_count=2127 194 577 1159 1427 270 219 67
internal_value=8.7639e-06 -0.00927839 -0.0225693 0.0125149 0.0654773 0.0821277 0.0341825
internal_weight=6040 5290 3286 2004 750 489 261
internal_count=6040 5290 3286 2004 750 489 261
is_linear=0
shrinkage=0.01


Tree=65
num_leaves=8
num_cat=0
split_feature=17 59 17 32 3 11 24
split_gain=40730.9 13265.9 4058.85 4029.7 3818.6 2796.5 1157.7
threshold=13.196928563451793 21.779885057471265 7.8248423927284589 24.001830120549666 467.47528735632187 0.91597561503675362 12.446451586374714
decision_type=2 2 2 2 2 2 2
left_child=2 3 6 -2 -3 -4 -1
right_child=1 4 5 -5 -6 -7 -8
leaf_value=-0.040608642491055329 0.074152963780377015 0.033841545138657662 -0.016498341508802038 0.011673437851027937 0.081308059181569026 0.027324356917001746 -0.022937809367976222
leaf_weight=1061 109 261 1574 1812 489 160 574
leaf_count=1061 109 261 1574 1812 489 160 574
internal_value=8.82208e-06 0.0291706 -0.0231119 0.0152372 0.0648239 -0.0124477 -0.0344142
internal_weight=6040 2671 3369 1921 750 1734 1635
internal_count=6040 2671 3369 1921 750 1734 1635
is_linear=0
shrinkage=0.01


Tree=66
num_leaves=8
num_cat=0
split_feature=59 59 2 11 3 5 76
split_gain=35285.3 12595.7 4933.69 4793.1 3742.63 4680.92 1043.5
threshold=21.779885057471265 9.0678160919540236 24.372988505747131 0.91597561503675362 467.47528735632187 3.5000000000000004 48.222222222222229
decision_type=2 2 2 2 2 2 2
left_child=1 3 -3 -1 6 -6 -2
right_child=4 2 -4 -5 5 -7 -8
leaf_value=-0.027431447910207987 0.046766607862715061 0.026044563251273779 -0.0032840943093132373 0.0213574977903126 0.10835315446360053 0.045980275295420231 0.0033863131355795061
leaf_weight=2584 181 896 1592 218 270 219 80
leaf_count=2584 181 896 1592 218 270 219 80
internal_value=8.8574e-06 -0.00909374 0.0072809 -0.0236323 0.0641765 0.0804958 0.0335038
internal_weight=6040 5290 2488 2802 750 489 261
internal_count=6040 5290 2488 2802 750 489 261
is_linear=0
shrinkage=0.01


Tree=67
num_leaves=8
num_cat=0
split_feature=59 59 41 23 15 75 6
split_gain=34584.4 12345.1 5076.45 3872.46 3437.94 4262.06 2074.46
threshold=21.779885057471265 9.0678160919540236 24.539814814814822 12.101724137931036 -1.0000000180025095e-35 5.7287356321839091 18.500000000000004
decision_type=2 2 2 2 2 2 2
left_child=1 3 -3 -1 6 -6 -2
right_child=4 2 -4 -5 5 -7 -8
leaf_value=-0.03153422067935268 0.059865386063423086 0.025865551499296393 -0.0037243837791522995 -0.0064117924518141047 -0.0043632600799817399 0.096127663372484989 0.010156735127007131
leaf_weight=1894 220 919 1569 908 48 346 136
leaf_count=1894 220 919 1569 908 48 346 136
internal_value=8.95438e-06 -0.00900279 0.00720814 -0.023396 0.0635361 0.0838938 0.0409178
internal_weight=6040 5290 2488 2802 750 394 356
internal_count=6040 5290 2488 2802 750 394 356
is_linear=0
shrinkage=0.01


Tree=68
num_leaves=8
num_cat=0
split_feature=59 12 67 71 2 45 30
split_gain=33911.5 11421.2 8652.69 5939.18 5913.67 5072.29 2128.87
threshold=17.850000000000005 -0.3794095225512602 6.0678160919540236 16.06666666666667 23.067816091954025 22.035340926821661 27.237037037037041
decision_type=2 2 2 2 2 2 2
left_child=1 4 -3 5 -1 -2 -5
right_child=3 2 -4 6 -6 -7 -8
leaf_value=0.010604304251651018 0.079599073958576169 -0.01325437313142484 0.021820553518967896 0.14242959125352944 -0.037306094526802586 0.021974086887907154 0.07405224669128968
leaf_weight=304 199 1712 1193 57 1681 655 239
leaf_count=304 199 1712 1193 57 1681 655 239
internal_value=8.98487e-06 -0.0114827 0.001151 0.0488577 -0.0299676 0.0354412 0.0874392
internal_weight=6040 4890 2905 1150 1985 854 296
internal_count=6040 4890 2905 1150 1985 854 296
is_linear=0
shrinkage=0.01


Tree=69
num_leaves=8
num_cat=0
split_feature=93 69 12 22 93 45 42
split_gain=33847.5 12997.6 7214.76 3578.67 2639.5 2285.55 1055.41
threshold=1.0000000180025095e-35 27.288454241794451 -0.12940952255126037 8.8477011494252888 1.5000000000000002 22.035340926821661 24.033908045977018
decision_type=2 2 2 2 2 2 2
left_child=3 2 -2 6 -3 -5 -1
right_child=1 4 -4 5 -6 -7 -8
leaf_value=-0.015033730590527148 -0.006926346063856891 0.059687931691824694 0.028007485487056817 0.039285372119556905 0.11583682908465269 -0.015213442425411434 -0.037435565530681579
leaf_weight=251 904 256 1707 81 126 1385 1330
leaf_count=251 904 256 1707 81 126 1385 1330
internal_value=9.14576e-06 0.0238923 0.0159132 -0.0234507 0.0783368 -0.0121895 -0.0338852
internal_weight=6040 2993 2611 3047 382 1466 1581
internal_count=6040 2993 2611 3047 382 1466 1581
is_linear=0
shrinkage=0.01


Tree=70
num_leaves=8
num_cat=0
split_feature=93 59 12 3 12 12 36
split_gain=33174.4 14660.7 4601.88 3587.88 3284.27 2389.59 2169.01
threshold=1.0000000180025095e-35 21.779885057471265 -0.12940952255126037 467.47528735632187 -0.3794095225512602 0.60355339059327384 74.890000000000015
decision_type=2 2 2 2 2 2 2
left_child=4 2 -2 -3 6 -6 -1
right_child=1 3 -4 -5 5 -7 -8
leaf_value=-0.014823300078574811 -0.0083464379861891043 0.031884155376463504 0.021532976510104645 0.077890724816562215 0.0011015285657977063 -0.02408012499390794 -0.041194304300967641
leaf_weight=439 802 261 1441 489 681 843 1084
leaf_count=439 802 261 1441 489 681 843 1084
internal_value=9.19269e-06 0.0236537 0.0108497 0.061913 -0.0232162 -0.0128307 -0.0336006
internal_weight=6040 2993 2243 750 3047 1524 1523
internal_count=6040 2993 2243 750 3047 1524 1523
is_linear=0
shrinkage=0.01


Tree=71
num_leaves=8
num_cat=0
split_feature=17 17 71 12 12 25 12
split_gain=36790 8774.67 6706.79 4023.51 3737.52 2227.84 1303.16
threshold=18.898275862068967 7.8248423927284589 16.06666666666667 -0.3794095225512602 -0.12940952255126037 27.942857142857147 -0.60355339059327384
decision_type=2 2 2 2 2 2 2
left_child=1 6 4 -3 -2 -4 -1
right_child=2 3 5 -5 -6 -7 -8
leaf_value=-0.041414664427627139 0.0054847468107654162 -0.020328365008582074 0.14027303165948693 0.0046240032539024587 0.043692633770442253 0.071307125436934793 -0.023514820018189858
leaf_weight=846 366 975 59 1914 853 238 789
leaf_count=846 366 975 59 1914 853 238 789
internal_value=9.13629e-06 -0.014278 0.0426352 -0.00379898 0.0322282 0.0852218 -0.0327869
internal_weight=6040 4524 1516 2889 1219 297 1635
internal_count=6040 4524 1516 2889 1219 297 1635
is_linear=0
shrinkage=0.01


Tree=72
num_leaves=8
num_cat=0
split_feature=17 17 12 17 53 45 12
split_gain=36150 11972.6 3725.89 3628.73 3627.16 2646.43 1277.24
threshold=13.196928563451793 30.016666666666669 -0.12940952255126037 7.8248423927284589 531.37413793103462 22.004524886877832 -0.60355339059327384
decision_type=2 2 2 2 2 2 2
left_child=3 2 -2 6 -3 -5 -1
right_child=1 4 -4 5 -6 -7 -8
leaf_value=-0.041000762333320007 -0.00021864400019470495 0.055280412024433706 0.027092869520169188 0.032547219243049028 0.1165045652312471 -0.015135321203142441 -0.023279820730030876
leaf_weight=846 782 376 1382 125 131 1609 789
leaf_count=846 782 376 1382 125 131 1609 789
internal_value=9.19483e-06 0.0274822 0.0172254 -0.0217726 0.0711999 -0.0116893 -0.0324592
internal_weight=6040 2671 2164 3369 507 1734 1635
internal_count=6040 2671 2164 3369 507 1734 1635
is_linear=0
shrinkage=0.01


Tree=73
num_leaves=8
num_cat=0
split_feature=17 17 69 76 22 48 25
split_gain=35509.1 10319.5 4879.99 5083.56 3638.96 3476.96 3284.46
threshold=21.898850574712647 13.196928563451793 28.863035372194858 47.644444444444453 9.2833333333333368 22.983333333333338 26.033908045977018
decision_type=2 2 2 2 2 2 2
left_child=1 4 3 -2 -1 -4 -3
right_child=2 6 5 -5 -6 -7 -8
leaf_value=-0.03134402381837445 0.046738502898334096 0.036383379890384697 0.16790788758939573 -0.029492644309543715 -0.010516910578192699 0.070757449866188954 0.0016892098342417689
leaf_weight=1785 791 357 44 98 1584 228 1153
leaf_count=1785 791 357 44 98 1584 228 1153
internal_value=9.22778e-06 -0.0118194 0.0497021 0.0383227 -0.0215549 0.086754 0.0099014
internal_weight=6040 4879 1161 889 3369 272 1510
internal_count=6040 4879 1161 889 3369 272 1510
is_linear=0
shrinkage=0.01


Tree=74
num_leaves=8
num_cat=0
split_feature=17 17 83 76 22 0 5
split_gain=34803.7 10114.2 4785.04 4204.09 3566.56 3565.92 3067.51
threshold=21.898850574712647 13.196928563451793 27.361005509822366 47.644444444444453 9.2833333333333368 26.877489177489181 3.5000000000000004
decision_type=2 2 2 2 2 2 2
left_child=1 4 3 -2 -1 -3 -4
right_child=2 5 6 -5 -6 -7 -8
leaf_value=-0.031030671478159286 0.043765948515849501 0.033039740407602283 0.10567375464938855 -0.031911383116354969 -0.010411774701634277 -0.00035621913086004731 0.042863586310514686
leaf_weight=1785 750 459 202 81 1584 1051 128
leaf_count=1785 750 459 202 81 1584 1051 128
internal_value=9.34495e-06 -0.0117012 0.0492062 0.0363741 -0.0213394 0.00980251 0.0814142
internal_weight=6040 4879 1161 831 3369 1510 330
internal_count=6040 4879 1161 831 3369 1510 330
is_linear=0
shrinkage=0.01


Tree=75
num_leaves=8
num_cat=0
split_feature=17 17 71 45 32 5 54
split_gain=34117.8 7909.44 6633.47 5079.44 4005.59 2045.64 1029.22
threshold=18.450000000000003 7.8248423927284589 16.06666666666667 22.035340926821661 26.444841269841273 4.5000000000000009 167.8298850574713
decision_type=2 2 2 2 2 2 2
left_child=1 6 3 -2 -3 -4 -1
right_child=2 4 5 -5 -6 -7 -8
leaf_value=-0.046542789331304617 0.069163956989984843 0.016687203012324632 0.091449093682680976 0.019897042007242502 -0.010862903226818647 0.0067045797421382029 -0.027395230565645738
leaf_weight=362 263 702 266 1021 2121 32 1273
leaf_count=362 263 702 266 1021 2121 32 1273
internal_value=9.37622e-06 -0.0141489 0.039899 0.0300117 -0.00401005 0.0823772 -0.0316479
internal_weight=6040 4458 1582 1284 2823 298 1635
internal_count=6040 4458 1582 1284 2823 298 1635
is_linear=0
shrinkage=0.01


Tree=76
num_leaves=8
num_cat=0
split_feature=17 17 85 22 76 15 32
split_gain=33506.9 9758.91 4693.36 3462.69 3326.86 3310.98 2725.09
threshold=21.898850574712647 13.196928563451793 27.218620361483605 9.2833333333333368 47.644444444444453 -0.8783796973249266 27.804761904761907
decision_type=2 2 2 2 2 2 2
left_child=1 3 4 -1 -2 -4 -3
right_child=2 6 5 -5 -6 -7 -8
leaf_value=-0.03049740122407581 0.043222914207455568 0.023502814655437285 -0.0079069917691897036 -0.010181016660525209 -0.019444867574263617 0.09410422584714169 -0.0033714864490442622
leaf_weight=1785 762 731 36 1584 95 268 779
leaf_count=1785 762 731 36 1584 95 268 779
internal_value=9.38186e-06 -0.0114809 0.048281 -0.0209483 0.0362682 0.0820292 0.00964167
internal_weight=6040 4879 1161 3369 857 304 1510
internal_count=6040 4879 1161 3369 857 304 1510
is_linear=0
shrinkage=0.01


Tree=77
num_leaves=8
num_cat=0
split_feature=17 17 12 85 15 33 12
split_gain=32840.7 9626.51 4659.9 4600.22 3245.28 2484.2 1441.34
threshold=21.898850574712647 8.5425287356321853 -0.3794095225512602 27.218620361483605 -0.8783796973249266 75.38333333333334 -0.60355339059327384
decision_type=2 2 2 2 2 2 2
left_child=1 6 -3 5 -5 -2 -1
right_child=3 2 -4 4 -6 -7 -8
leaf_value=-0.037800587606956024 0.057516758456236515 -0.018338416223322648 0.0084705238466146679 -0.0078290045620643921 0.093164935912721861 0.022463354438520457 -0.020373534155438203
leaf_weight=933 328 954 2021 36 268 529 971
leaf_count=933 328 954 2021 36 268 529 971
internal_value=9.3596e-06 -0.0113661 -0.000127829 0.0477986 0.0812103 0.0359057 -0.0289211
internal_weight=6040 4879 2975 1161 304 857 1904
internal_count=6040 4879 2975 1161 304 857 1904
is_linear=0
shrinkage=0.01


Tree=78
num_leaves=8
num_cat=0
split_feature=22 90 41 78 93 93 55
split_gain=29409 9356.39 9122.51 4983.03 4286.4 2926.46 2451.46
threshold=17.850000000000005 -0.098826997646149037 22.754310344827591 9.5395370404212034 1.0000000180025095e-35 1.5000000000000002 696.78448275862081
decision_type=2 2 2 2 2 2 2
left_child=2 6 3 -1 -4 -3 -2
right_child=1 5 4 -5 -6 -7 -8
leaf_value=0.048978526743627668 0.0086052288579817147 0.0490469924799413 -0.026817702237466712 -0.015471087417762914 -0.0045832316053818845 0.093980245710802657 0.090255577137717952
leaf_weight=330 825 644 2499 188 1328 188 38
leaf_count=330 825 644 2499 188 1328 188 38
internal_value=9.34563e-06 0.0353324 -0.0137727 0.0255942 -0.0191039 0.0592511 0.0122513
internal_weight=6040 1695 4345 518 3827 832 863
internal_count=6040 1695 4345 518 3827 832 863
is_linear=0
shrinkage=0.01


Tree=79
num_leaves=8
num_cat=0
split_feature=22 90 14 36 69 77 22
split_gain=28824.6 9170.3 8792.82 4289.53 3067.32 2651.36 2384.68
threshold=17.850000000000005 -0.098826997646149037 -0.5 72.305172413793116 28.863035372194858 29.055222980594369 9.0122155947641804
decision_type=2 2 2 2 2 2 2
left_child=2 5 6 -4 -3 -2 -1
right_child=1 4 3 -5 -6 -7 -8
leaf_value=-0.034044773057702718 0.0066609619300596655 0.047183622729240524 0.020465177948547332 -0.010623055326019837 0.09099769054562197 0.068335404448259904 -0.014537418645939418
leaf_weight=1441 787 615 805 988 217 76 1111
leaf_count=1441 787 615 805 988 217 76 1111
internal_value=9.455e-06 0.0349798 -0.0136349 0.00333611 0.0586595 0.0121293 -0.0255571
internal_weight=6040 1695 4345 1793 832 863 2552
internal_count=6040 1695 4345 1793 832 863 2552
is_linear=0
shrinkage=0.01


Tree=80
num_leaves=8
num_cat=0
split_feature=17 17 12 12 5 36 12
split_gain=31292.7 10623 3602.62 3333.98 3112.04 2400.13 2198.75
threshold=13.196928563451793 30.016666666666669 -0.12940952255126037 -0.3794095225512602 4.5000000000000009 74.890000000000015 0.60355339059327384
decision_type=2 2 2 2 2 2 2
left_child=3 2 -2 5 -3 -1 -5
right_child=1 4 -4 6 -6 -7 -8
leaf_value=-0.011656106285716051 -0.0012435126144135485 0.083106510068826064 0.025611802104633524 0.0015245833990680346 0.029107081963213516 -0.038237325905977372 -0.021090001774404631
leaf_weight=481 782 353 1382 805 154 1161 922
leaf_count=481 782 353 1382 805 154 1161 922
internal_value=9.50573e-06 0.0255703 0.0159089 -0.0202561 0.0667501 -0.030457 -0.0105511
internal_weight=6040 2671 2164 3369 507 1642 1727
internal_count=6040 2671 2164 3369 507 1642 1727
is_linear=0
shrinkage=0.01


Tree=81
num_leaves=8
num_cat=0
split_feature=22 2 90 81 23 22 77
split_gain=27875.9 8910.45 8876.44 4555.15 4003.48 2629.4 2585.7
threshold=17.850000000000005 22.754310344827591 -0.098826997646149037 12.755210328470229 9.2833333333333368 25.350000000000005 29.055222980594369
decision_type=2 2 2 2 2 2 2
left_child=1 3 6 -1 -3 -4 -2
right_child=2 4 5 -5 -6 -7 -8
leaf_value=-0.011635103313905888 0.0065179249753885803 -0.029200114924056633 0.041591103301502119 0.049510514459000871 -0.0087470720617883104 0.077432043272847306 0.067423900402449319
leaf_weight=199 787 1854 459 313 1979 373 76
leaf_count=199 787 1854 459 313 1979 373 76
internal_value=9.46533e-06 -0.0134085 0.0343995 0.0257558 -0.0186427 0.0576967 0.0119181
internal_weight=6040 4345 1695 512 3833 832 863
internal_count=6040 4345 1695 512 3833 832 863
is_linear=0
shrinkage=0.01


Tree=82
num_leaves=8
num_cat=0
split_feature=17 17 32 53 12 92 12
split_gain=30231.4 10249.7 3873.06 3389 3243.22 2282.92 2144.1
threshold=13.196928563451793 30.016666666666669 24.001830120549666 531.37413793103462 -0.3794095225512602 17.351719851339229 0.60355339059327384
decision_type=2 2 2 2 2 2 2
left_child=4 2 -2 -3 5 -1 -6
right_child=1 3 -4 -5 6 -7 -8
leaf_value=0.002425177658596016 0.072779167427023256 0.050203092011579797 0.012507207815894834 0.10936420648700837 0.0015871167725881692 -0.03425982142044684 -0.020744588355796768
leaf_weight=192 112 376 2052 131 805 1450 922
leaf_count=192 112 376 2052 131 805 1450 922
internal_value=9.5312e-06 0.0251331 0.015643 0.065583 -0.0199095 -0.0299705 -0.0103375
internal_weight=6040 2671 2164 507 3369 1642 1727
internal_count=6040 2671 2164 507 3369 1642 1727
is_linear=0
shrinkage=0.01


Tree=83
num_leaves=8
num_cat=0
split_feature=22 2 90 12 83 69 55
split_gain=26971.2 8653.77 8584.14 7535.56 4353.39 2893.75 2376.17
threshold=17.850000000000005 22.754310344827591 -0.098826997646149037 -0.3794095225512602 13.208626681918117 28.863035372194858 696.78448275862081
decision_type=2 2 2 2 2 2 2
left_child=1 4 6 -3 -1 -4 -2
right_child=2 3 5 -5 -6 -7 -8
leaf_value=-0.010263279161232448 0.0081394294235857603 -0.033893095393012142 0.045601232078779787 -0.0057006545429020864 0.049205902204184034 0.088156780846708124 0.088525330422325174
leaf_weight=205 825 1719 615 2114 307 217 38
leaf_count=205 825 1719 615 2114 307 217 38
internal_value=9.59886e-06 -0.0131888 0.0338369 -0.0183471 0.0254072 0.0567473 0.0117288
internal_weight=6040 4345 1695 3833 512 832 863
internal_count=6040 4345 1695 3833 512 832 863
is_linear=0
shrinkage=0.01


Tree=84
num_leaves=8
num_cat=0
split_feature=59 93 41 3 8 11 72
split_gain=25953 11532.5 4239.44 3190.28 3004.25 2756.44 1133.73
threshold=21.779885057471265 1.0000000180025095e-35 24.067816091954025 467.47528735632187 1.0000000180025095e-35 0.91597561503675362 48.518518518518526
decision_type=2 2 2 2 2 2 2
left_child=1 5 -3 6 -5 -1 -2
right_child=3 2 -4 4 -6 -7 -8
leaf_value=-0.022861261365713061 0.03895895440508744 0.028955698909229201 -0.00025704773319274181 0.084935839070795147 0.028546657054580777 0.017234517642098466 -0.0086759566483674243
leaf_weight=2865 194 742 1501 360 129 182 67
leaf_count=2865 194 742 1501 360 129 182 67
internal_value=9.69389e-06 -0.0077969 0.00941081 0.0550414 0.0701055 -0.0204637 0.0267357
internal_weight=6040 5290 2243 750 489 3047 261
internal_count=6040 5290 2243 750 489 3047 261
is_linear=0
shrinkage=0.01


Tree=85
num_leaves=8
num_cat=0
split_feature=17 17 71 11 46 25 24
split_gain=28731.2 7155.5 5453.99 4475.54 3751.76 2071.2 1010.32
threshold=18.898275862068967 7.8248423927284589 16.06666666666667 0.91597561503675362 24.737037037037041 27.942857142857147 12.446451586374714
decision_type=2 2 2 2 2 2 2
left_child=1 6 4 -3 -2 -4 -1
right_child=2 3 5 -5 -6 -7 -8
leaf_value=-0.035115291701958769 0.045276768610064855 -0.0078134274648241214 0.12911150190209142 0.030075010369839634 0.01016621321132667 0.062690853755054232 -0.01861465712545279
leaf_weight=1061 629 2534 59 355 590 238 574
leaf_count=1061 629 2534 59 355 590 238 574
internal_value=9.73584e-06 -0.012616 0.037679 -0.00315313 0.0282947 0.076082 -0.0293302
internal_weight=6040 4524 1516 2889 1219 297 1635
internal_count=6040 4524 1516 2889 1219 297 1635
is_linear=0
shrinkage=0.01


Tree=86
num_leaves=8
num_cat=0
split_feature=17 17 12 65 15 32 92
split_gain=28205.4 7254.37 5929.71 4513.91 2958.71 2869.3 2734.47
threshold=16.10172413793104 30.016666666666669 -0.3794095225512602 9.7235632183908063 -1.0000000180025095e-35 24.001830120549666 17.351719851339229
decision_type=2 2 2 2 2 2 2
left_child=2 5 6 -4 -3 -2 -1
right_child=1 4 3 -5 -6 -7 -8
leaf_value=0.0033829830879080576 0.078501529155548214 0.039125914046867834 -0.018449190805054957 0.010089068178343871 0.087561815271150381 0.016357491247189191 -0.033142877208822544
leaf_weight=235 78 253 1105 1111 254 1407 1597
leaf_count=235 78 253 1105 1111 254 1407 1597
internal_value=9.81793e-06 0.0308105 -0.0151489 -0.00414215 0.063455 0.0196473 -0.0284576
internal_weight=6040 1992 4048 2216 507 1485 1832
internal_count=6040 1992 4048 2216 507 1485 1832
is_linear=0
shrinkage=0.01


Tree=87
num_leaves=8
num_cat=0
split_feature=59 93 32 3 15 11 78
split_gain=24575.5 10894.1 4062.31 3078.6 4273.2 2640.73 924.745
threshold=21.779885057471265 1.0000000180025095e-35 27.7573510904821 467.47528735632187 -0.8783796973249266 0.91597561503675362 9.4900357000929443
decision_type=2 2 2 2 2 2 2
left_child=1 5 -3 6 -5 -1 -2
right_child=3 2 -4 4 -6 -7 -8
leaf_value=-0.022244615192040011 0.036242574277863766 0.023198623113323755 -0.0037381403289108873 -0.0021937059804695803 0.080728722553648782 0.017000364400181052 -0.0079110147972106942
leaf_weight=2865 199 1072 1171 73 416 182 62
leaf_count=2865 199 1072 1171 73 416 182 62
internal_value=9.87406e-06 -0.00758673 0.00913786 0.0535613 0.0683591 -0.0198979 0.025757
internal_weight=6040 5290 2243 750 489 3047 261
internal_count=6040 5290 2243 750 489 3047 261
is_linear=0
shrinkage=0.01


Tree=88
num_leaves=8
num_cat=0
split_feature=17 12 67 2 85 45 79
split_gain=27231.1 8365.37 6728.27 4489.62 3914.17 2677.23 2597.33
threshold=21.898850574712647 -0.3794095225512602 5.7071428571428582 23.067816091954025 27.218620361483605 22.122127329192548 1.9155172413793105
decision_type=2 2 2 2 2 2 2
left_child=1 3 -3 -1 6 -6 -2
right_child=4 2 -4 -5 5 -7 -8
leaf_value=0.0093242046478139527 0.066164022826376692 -0.013261430498878105 0.017628200863749308 -0.032106764592793484 0.1395396580264682 0.060641281080895136 0.023515411421987015
leaf_weight=308 181 1557 1288 1726 52 252 676
leaf_count=308 181 1557 1288 1726 52 252 676
internal_value=9.87474e-06 -0.0103486 0.000723514 -0.0258321 0.0435266 0.0743457 0.0325568
internal_weight=6040 4879 2845 2034 1161 304 857
internal_count=6040 4879 2845 2034 1161 304 857
is_linear=0
shrinkage=0.01


Tree=89
num_leaves=8
num_cat=0
split_feature=17 17 32 17 15 44 39
split_gain=26737.5 9141.45 3668.9 2997.45 2841.14 2770.62 1114.66
threshold=13.196928563451793 30.016666666666669 24.001830120549666 5.7071428571428582 -1.0000000180025095e-35 22.081717770720331 90.898275862068985
decision_type=2 2 2 2 2 2 2
left_child=3 2 -2 6 -3 -5 -1
right_child=1 4 -4 5 -6 -7 -8
leaf_value=-0.037669174719101389 0.070284250600867806 0.037998174453290144 0.01162301557130304 0.024440046310261504 0.085460267409506616 -0.01604597592992274 0.0047080659999891566
leaf_weight=822 112 253 2052 182 254 2298 67
leaf_count=822 112 253 2052 182 254 2298 67
internal_value=1.00031e-05 0.0236372 0.0146749 -0.0187226 0.0618378 -0.0130703 -0.034474
internal_weight=6040 2671 2164 3369 507 2480 889
internal_count=6040 2671 2164 3369 507 2480 889
is_linear=0
shrinkage=0.01


Tree=90
num_leaves=8
num_cat=0
split_feature=22 2 59 12 81 45 74
split_gain=24394 7998.99 6983 6851.14 4127.45 2845.25 2706.57
threshold=17.850000000000005 22.754310344827591 21.779885057471265 -0.3794095225512602 12.868410036300965 22.035340926821661 9.2450928480138863
decision_type=2 2 2 2 2 2 2
left_child=1 4 6 -3 -1 -4 -2
right_child=2 3 5 -5 -6 -7 -8
leaf_value=-0.010026499683628214 0.027123617587695083 -0.032324473764633231 0.1117440813422203 -0.0054427885468428198 0.047832342042060508 0.050892916081725526 -0.0079025342562383111
leaf_weight=206 831 1719 92 2114 306 472 300
leaf_count=206 831 1719 92 2114 306 472 300
internal_value=1.00552e-05 -0.012542 0.0321807 -0.0175013 0.0245652 0.0609101 0.017833
internal_weight=6040 4345 1695 3833 512 564 1131
internal_count=6040 4345 1695 3833 512 564 1131
is_linear=0
shrinkage=0.01


Tree=91
num_leaves=8
num_cat=0
split_feature=17 17 17 11 53 79 54
split_gain=25834.7 6656.65 4966.77 3378.26 3219.73 3168.16 872.348
threshold=16.10172413793104 30.016666666666669 7.8248423927284589 0.91597561503675362 531.37413793103462 1.8816091954022991 167.8298850574713
decision_type=2 2 2 2 2 2 2
left_child=2 5 6 -4 -3 -2 -1
right_child=1 4 3 -5 -6 -7 -8
leaf_value=-0.041662212984605596 0.051781252190287112 0.045775530502457383 -0.0096571831972848531 0.027315605044641915 0.10342253358055883 0.012322005230613369 -0.024037489389830489
leaf_weight=362 243 376 2134 279 131 1242 1273
leaf_count=362 243 376 2134 279 131 1242 1273
internal_value=1.01045e-05 0.029488 -0.0144976 -0.00537727 0.0607587 0.0187946 -0.0279516
internal_weight=6040 1992 4048 2413 507 1485 1635
internal_count=6040 1992 4048 2413 507 1485 1635
is_linear=0
shrinkage=0.01


Tree=92
num_leaves=8
num_cat=0
split_feature=59 12 65 45 5 12 78
split_gain=22456 9676.73 7911.04 5083.29 2836.8 3278.31 2235.54
threshold=21.779885057471265 -0.3794095225512602 9.6816570881226074 22.004524886877832 3.5000000000000004 -0.12940952255126037 8.2596928879533014
decision_type=2 2 2 2 2 2 2
left_child=1 3 -3 -1 5 -2 -6
right_child=4 2 -4 -5 6 -7 -8
leaf_value=0.022735443060768676 0.032736881657296241 -0.016865680455100729 0.015691756544383949 -0.029210648672410806 0.066393499793587857 0.092284145348703439 0.013079806083964965
leaf_weight=209 150 1183 2020 1878 117 244 239
leaf_count=209 150 1183 2020 1878 117 244 239
internal_value=1.01411e-05 -0.00725148 0.00366604 -0.0240041 0.0512002 0.0696854 0.0306714
internal_weight=6040 5290 3203 2087 750 394 356
internal_count=6040 5290 3203 2087 750 394 356
is_linear=0
shrinkage=0.01


Tree=93
num_leaves=8
num_cat=0
split_feature=17 17 32 53 17 44 39
split_gain=24966.2 8508.95 3573.41 3141.53 2836.72 2650.1 1079.06
threshold=13.196928563451793 30.016666666666669 24.001830120549666 531.37413793103462 5.7071428571428582 22.081717770720331 90.898275862068985
decision_type=2 2 2 2 2 2 2
left_child=4 2 -2 -3 6 -6 -1
right_child=1 3 -4 -5 5 -7 -8
leaf_value=-0.036558297474161471 0.069075296373897144 0.044897359710053146 0.01118282626379853 0.10183833673290428 0.024092573021770747 -0.015502888800404124 0.005133624613947339
leaf_weight=822 112 376 2052 131 182 2298 67
leaf_count=822 112 376 2052 131 182 2298 67
internal_value=1.02051e-05 0.0228414 0.0141946 0.0596967 -0.0180913 -0.0125926 -0.0334145
internal_weight=6040 2671 2164 507 3369 2480 889
internal_count=6040 2671 2164 507 3369 2480 889
is_linear=0
shrinkage=0.01


Tree=94
num_leaves=8
num_cat=0
split_feature=93 69 76 76 11 36 61
split_gain=21480.9 8960.25 5423.55 2599.54 2470.5 2207.79 1878.76
threshold=1.0000000180025095e-35 27.288454241794451 47.644444444444453 43.033333333333339 0.91597561503675362 57.610344827586211 7.1894636015325686
decision_type=2 2 2 2 2 2 2
left_child=4 2 -2 -3 5 -1 -6
right_child=1 3 -4 -5 6 -7 -8
leaf_value=0.0086070986055358442 0.016924811448037331 -0.0029474619615196002 -0.033583063436524514 0.074350418460066611 -0.021714916102838197 -0.023554210618011356 0.04352535851958985
leaf_weight=232 2378 50 233 332 74 2633 108
leaf_count=232 2378 50 233 332 74 2633 108
internal_value=1.02745e-05 0.0190366 0.0124118 0.064241 -0.0186788 -0.0209487 0.0170095
internal_weight=6040 2993 2611 382 3047 2865 182
internal_count=6040 2993 2611 382 3047 2865 182
is_linear=0
shrinkage=0.01


Tree=95
num_leaves=8
num_cat=0
split_feature=17 12 67 2 17 82 53
split_gain=24213.2 7603.91 6215.5 4102.19 3571.03 2763.85 2371.64
threshold=21.898850574712647 -0.3794095225512602 5.7071428571428582 23.741666666666671 36.276854925394737 7.2264543214507349 533.22011494252888
decision_type=2 2 2 2 2 2 2
left_child=1 3 -3 -1 5 -2 -6
right_child=4 2 -4 -5 6 -7 -8
leaf_value=0.0061998972862235078 0.048042427949978803 -0.012642750490778523 0.01704648465363957 -0.031081290436505298 0.058685236000912244 0.013490618573112286 0.13582878150485811
leaf_weight=358 511 1557 1288 1676 174 424 52
leaf_count=358 511 1557 1288 1676 174 424 52
internal_value=1.02219e-05 -0.00975742 0.000798739 -0.0245194 0.0410448 0.0323901 0.0766979
internal_weight=6040 4879 2845 2034 1161 935 226
internal_count=6040 4879 2845 2034 1161 935 226
is_linear=0
shrinkage=0.01


Tree=96
num_leaves=8
num_cat=0
split_feature=17 12 67 41 71 28 1
split_gain=23732.4 7452.63 6091.85 3923.69 3605 2638.95 2458.79
threshold=21.898850574712647 -0.3794095225512602 5.7071428571428582 22.893588362068972 5.3833333333333337 27.334523809523812 88.287931034482781
decision_type=2 2 2 2 2 2 2
left_child=1 3 -3 -1 6 -6 -2
right_child=4 2 -4 -5 5 -7 -8
leaf_value=0.01120809160661152 -0.01191910502290338 -0.012516363524317887 0.016876086024498839 -0.029707102564841478 0.025988558529094232 0.06217822609230144 0.056815990724029215
leaf_weight=270 184 1557 1288 1764 305 600 72
leaf_count=270 184 1557 1288 1764 305 600 72
internal_value=1.03172e-05 -0.00965986 0.000790758 -0.0242742 0.0406355 0.0500033 0.00748376
internal_weight=6040 4879 2845 2034 1161 905 256
internal_count=6040 4879 2845 2034 1161 905 256
is_linear=0
shrinkage=0.01


Tree=97
num_leaves=8
num_cat=0
split_feature=17 22 71 12 14 24 41
split_gain=23285.4 6227.68 4894.02 3526.19 3417.63 2293.6 1921.88
threshold=18.450000000000003 13.321839080459773 16.06666666666667 -0.12940952255126037 0.25000000000000017 12.446451586374714 26.762643678160924
decision_type=2 2 2 2 2 2 2
left_child=1 4 3 -2 -1 -3 -4
right_child=2 5 6 -5 -6 -7 -8
leaf_value=-0.025463824743294627 -0.00085037151189223806 -0.0085024112780467346 0.090150807456863116 0.03531234945326199 -0.0003371205079583047 0.017232731283459531 0.038059697000676122
leaf_weight=2354 385 624 179 899 703 777 119
leaf_count=2354 385 624 179 899 703 777 119
internal_value=1.03132e-05 -0.0116863 0.0329645 0.0244727 -0.0196868 0.0057711 0.0694496
internal_weight=6040 4458 1582 1284 3057 1401 298
internal_count=6040 4458 1582 1284 3057 1401 298
is_linear=0
shrinkage=0.01


Tree=98
num_leaves=8
num_cat=0
split_feature=17 17 56 53 17 44 39
split_gain=22887.3 7903.45 3259.51 2981.56 2677.18 2517.88 1048.32
threshold=13.196928563451793 30.016666666666669 462.57167119565224 531.37413793103462 5.7071428571428582 22.081717770720331 90.898275862068985
decision_type=2 2 2 2 2 2 2
left_child=4 2 -2 -3 6 -6 -1
right_child=1 3 -4 -5 5 -7 -8
leaf_value=-0.035305909061898393 0.0020735973292777305 0.042974206030668115 0.026675248068465076 0.098442475249332168 0.023778577077102989 -0.014816193439055268 0.0057831199984307649
leaf_weight=822 1156 376 1008 131 182 2298 67
leaf_count=822 1156 376 1008 131 182 2298 67
internal_value=1.03298e-05 0.0218703 0.0135369 0.0573901 -0.0173212 -0.0119794 -0.0322071
internal_weight=6040 2671 2164 507 3369 2480 889
internal_count=6040 2671 2164 507 3369 2480 889
is_linear=0
shrinkage=0.01


Tree=99
num_leaves=8
num_cat=0
split_feature=17 12 65 2 71 36 1
split_gain=22470.2 7185.76 5901 3872.53 3481.47 2914.81 2408.25
threshold=21.898850574712647 -0.3794095225512602 9.7235632183908063 23.067816091954025 5.3833333333333337 67.983333333333348 88.287931034482781
decision_type=2 2 2 2 2 2 2
left_child=1 3 -3 -1 6 -6 -2
right_child=4 2 -4 -5 5 -7 -8
leaf_value=0.008901039481942272 -0.01223882521751531 -0.016315314508643892 0.0129329603381938 -0.029577037109725302 0.070377853607252253 0.033801862155617618 0.055785671290241437
leaf_weight=308 184 1174 1671 1726 369 536 72
leaf_count=308 184 1174 1671 1726 369 536 72
internal_value=1.03528e-05 -0.00939916 0.000862627 -0.0237495 0.0395404 0.0487463 0.00696256
internal_weight=6040 4879 2845 2034 1161 905 256
internal_count=6040 4879 2845 2034 1161 905 256
is_linear=0
shrinkage=0.01


Tree=100
num_leaves=8
num_cat=0
split_feature=17 17 67 53 17 45 62
split_gain=22055.2 7630.09 3035.97 2917.49 2600 2399.39 489.319
threshold=13.196928563451793 30.016666666666669 5.3729885057471272 531.37413793103462 5.7071428571428582 22.004524886877832 3.4550117577626476
decision_type=2 2 2 2 2 2 2
left_child=4 2 -2 -3 6 -6 -1
right_child=1 3 -4 -5 5 -7 -8
leaf_value=-0.026102779146123845 -0.0092892869175197606 0.042110156085594479 0.019493663956500613 0.096977118610429222 0.026561440725412663 -0.014262619265728499 -0.04166544143224326
leaf_weight=572 467 376 1697 131 153 2327 317
leaf_count=572 467 376 1697 131 153 2327 317
internal_value=1.03524e-05 0.0214693 0.0132812 0.0563694 -0.0170032 -0.011739 -0.031673
internal_weight=6040 2671 2164 507 3369 2480 889
internal_count=6040 2671 2164 507 3369 2480 889
is_linear=0
shrinkage=0.01


Tree=101
num_leaves=8
num_cat=0
split_feature=22 41 88 78 32 22 73
split_gain=20848.8 7044.63 6246.74 4627.39 3905.04 2508.53 2499.7
threshold=17.850000000000005 22.754310344827591 -2.3637931034482755 9.5395370404212034 25.528594771241835 25.350000000000005 29.034654659277503
decision_type=2 2 2 2 2 2 2
left_child=1 3 6 -1 -3 -4 -2
right_child=2 4 5 -5 -6 -7 -8
leaf_value=0.045535200707265001 0.0043638784239862314 0.01731279562187242 0.034788325306238772 -0.01656932963778707 -0.019314699733613442 0.070404521035662304 0.052735240470180404
leaf_weight=330 754 317 477 188 3510 340 124
leaf_count=330 754 317 477 188 3510 340 124
internal_value=1.03258e-05 -0.0115938 0.0297515 0.0230001 -0.0162788 0.0496448 0.0112221
internal_weight=6040 4345 1695 518 3827 817 878
internal_count=6040 4345 1695 518 3827 817 878
is_linear=0
shrinkage=0.01


Tree=102
num_leaves=8
num_cat=0
split_feature=17 17 12 53 17 44 23
split_gain=21330.2 7352.91 3229.39 2845.18 2539.05 2372.84 507.846
threshold=13.196928563451793 30.016666666666669 -0.12940952255126037 531.37413793103462 5.7071428571428582 22.081717770720331 12.813793103448278
decision_type=2 2 2 2 2 2 2
left_child=4 2 -2 -3 6 -6 -1
right_child=1 3 -4 -5 5 -7 -8
leaf_value=-0.034882382623665158 -0.0031627616405763776 0.041293275907963445 0.022262360313451204 0.095474521268513274 0.023193648002291584 -0.014272964494561377 -0.015546518332069426
leaf_weight=720 782 376 1382 131 182 2298 169
leaf_count=720 782 376 1382 131 182 2298 169
internal_value=1.03817e-05 0.0211137 0.0130757 0.055374 -0.0167212 -0.0115191 -0.031218
internal_weight=6040 2671 2164 507 3369 2480 889
internal_count=6040 2671 2164 507 3369 2480 889
is_linear=0
shrinkage=0.01


Tree=103
num_leaves=8
num_cat=0
split_feature=59 93 32 3 15 21 76
split_gain=18687.1 8108.16 3709.22 2714.81 4064.5 1925.7 1174.26
threshold=21.779885057471265 1.0000000180025095e-35 27.770430107526884 467.47528735632187 -0.8783796973249266 21.694827586206902 48.222222222222229
decision_type=2 2 2 2 2 2 2
left_child=1 5 -3 6 -5 -1 -2
right_child=3 2 -4 4 -6 -7 -8
leaf_value=-0.019948358596341979 0.034681534475480155 0.021131078530329236 -0.0045990908485111634 -0.0081686119913649408 0.072665762174333418 0.0060444632405576007 -0.011243608236775636
leaf_weight=2729 181 1082 1161 73 416 318 80
leaf_count=2729 181 1082 1161 73 416 318 80
internal_value=1.03717e-05 -0.0066139 0.0078146 0.0467075 0.0606014 -0.0172349 0.0206084
internal_weight=6040 5290 2243 750 489 3047 261
internal_count=6040 5290 2243 750 489 3047 261
is_linear=0
shrinkage=0.01


Tree=104
num_leaves=8
num_cat=0
split_feature=17 12 65 45 45 13 7
split_gain=20593 6858.14 5547.66 3717.8 3541.82 4403.35 3708.27
threshold=21.898850574712647 -0.3794095225512602 9.7235632183908063 22.004524886877832 22.035340926821661 0.68301270189221941 11.500000000000002
decision_type=2 2 2 2 2 2 2
left_child=1 3 -3 -1 6 -6 -2
right_child=4 2 -4 -5 5 -7 -8
leaf_value=0.019555450461859795 0.038306566285904335 -0.01562820883264639 0.01273088438678441 -0.0273061953499509 0.0082717701917815988 0.051700676895760543 0.12036792515442163
leaf_weight=186 130 1174 1671 1848 484 451 96
leaf_count=186 130 1174 1671 1848 484 451 96
internal_value=1.03421e-05 -0.00899755 0.00102753 -0.0230169 0.0378532 0.0292368 0.0733555
internal_weight=6040 4879 2845 2034 1161 935 226
internal_count=6040 4879 2845 2034 1161 935 226
is_linear=0
shrinkage=0.01


Tree=105
num_leaves=8
num_cat=0
split_feature=17 71 12 46 65 2 15
split_gain=20216.7 5331.58 4651.65 3808.38 3636.85 2257.4 1690.03
threshold=16.10172413793104 15.466205121277534 -0.3794095225512602 24.768750000000001 9.7235632183908063 23.741666666666671 -0.8783796973249266
decision_type=2 2 2 2 2 2 2
left_child=2 3 5 -2 -4 -1 -3
right_child=1 6 4 -5 -6 -7 -8
leaf_value=0.0014648772843552631 0.034658859782961085 -0.0047432785987854007 -0.015916943415434974 0.004525678920271916 0.0096991272494276488 -0.029334227946646335 0.071877033770602339
leaf_weight=281 808 32 1105 872 1111 1551 280
leaf_count=281 808 32 1105 872 1111 1551 280
internal_value=1.04133e-05 0.0260869 -0.0128232 0.0190246 -0.00307471 -0.0246107 0.0640219
internal_weight=6040 1992 4048 1680 2216 1832 312
internal_count=6040 1992 4048 1680 2216 1832 312
is_linear=0
shrinkage=0.01


Tree=106
num_leaves=8
num_cat=0
split_feature=93 85 76 78 55 78 28
split_gain=17291.7 7594.1 5452.87 3668.39 2114.84 2008.31 750.41
threshold=1.0000000180025095e-35 26.871229101790103 43.981527093596064 7.4023116158467923 223.70000000000002 5.3063107979028148 30.81379310344828
decision_type=2 2 2 2 2 2 2
left_child=4 2 -2 -3 6 -6 -1
right_child=1 3 -4 -5 5 -7 -8
leaf_value=-0.033456718462656895 0.016996792480873997 0.1641878650071191 -0.023781868753434004 0.049567714909195218 -0.029325977520751674 -0.0057589029549652559 -0.011796193842512971
leaf_weight=768 2229 30 384 350 466 1610 203
leaf_count=768 2229 30 384 350 466 1610 203
internal_value=1.03698e-05 0.017081 0.0110005 0.0588219 -0.0167576 -0.011055 -0.0289372
internal_weight=6040 2993 2613 380 3047 2076 971
internal_count=6040 2993 2613 380 3047 2076 971
is_linear=0
shrinkage=0.01


Tree=107
num_leaves=8
num_cat=0
split_feature=17 17 32 17 84 53 24
split_gain=19598.2 6205.15 3623.98 3222.85 2368.57 2150.6 868.029
threshold=21.898850574712647 7.8248423927284589 26.221262846120812 36.276854925394737 6.8774896723352938 533.22011494252888 12.446451586374714
decision_type=2 2 2 2 2 2 2
left_child=1 6 -3 4 -2 -5 -1
right_child=3 2 -4 5 -6 -7 -8
leaf_value=-0.030020234811473753 0.048319334967149623 0.018513198272696013 -0.0065614724188669468 0.053653421613582566 0.015775166769105318 0.12708716957001459 -0.014731403106043815
leaf_weight=1061 371 749 2495 174 564 52 574
leaf_count=1061 371 749 2495 174 564 52 574
internal_value=1.03684e-05 -0.00877727 -0.000769922 0.0369279 0.0287079 0.0707951 -0.0246592
internal_weight=6040 4879 3244 1161 935 226 1635
internal_count=6040 4879 3244 1161 935 226 1635
is_linear=0
shrinkage=0.01


Tree=108
num_leaves=8
num_cat=0
split_feature=17 17 41 17 82 53 36
split_gain=19229.7 6590.03 3808.36 2615.15 2298.87 2108.41 851.309
threshold=23.559195402298855 7.8248423927284589 24.539814814814822 36.276854925394737 7.0330706432106451 533.22011494252888 59.016666666666673
decision_type=2 2 2 2 2 2 2
left_child=1 6 -3 4 -2 -5 -1
right_child=3 2 -4 5 -6 -7 -8
leaf_value=0.0041399022759822423 0.049626104557981519 0.015490858776806449 -0.0072036569017092187 0.053118424750160015 0.014955094758021554 0.12582840075038731 -0.02623439198058674
leaf_weight=98 363 1083 2328 174 405 52 1537
leaf_count=98 363 1083 2328 174 405 52 1537
internal_value=1.04411e-05 -0.00790973 2.96948e-06 0.0402011 0.0313648 0.0700912 -0.0244128
internal_weight=6040 5046 3411 994 768 226 1635
internal_count=6040 5046 3411 994 768 226 1635
is_linear=0
shrinkage=0.01


Tree=109
num_leaves=8
num_cat=0
split_feature=17 17 22 79 53 32 10
split_gain=18892.2 5018.73 4673.14 2946.53 2637.8 1959.88 1881.23
threshold=16.10172413793104 30.016666666666669 13.321839080459773 1.8816091954022991 531.37413793103462 28.535497835497839 2.5000000000000004
decision_type=2 2 2 2 2 2 2
left_child=2 3 6 -2 -3 -4 -1
right_child=1 4 5 -5 -6 -7 -8
leaf_value=-0.023423021607061893 0.047744038519317585 0.038814847661408622 0.014378589688333044 0.0096925105769659434 0.090979371201516113 -0.012906386672310541 -0.0039540403820135326
leaf_weight=2264 243 376 740 1242 131 408 636
leaf_count=2264 243 376 740 1242 131 408 636
internal_value=1.05294e-05 0.0252184 -0.0123956 0.0159334 0.0523706 0.00467966 -0.0191549
internal_weight=6040 1992 4048 1485 507 1148 2900
internal_count=6040 1992 4048 1485 507 1148 2900
is_linear=0
shrinkage=0.01


Tree=110
num_leaves=8
num_cat=0
split_feature=17 22 45 13 7 14 76
split_gain=18538.4 5297.56 4172.05 4373.85 3691.75 3023.03 2374.5
threshold=18.898275862068967 13.321839080459773 22.035340926821661 0.68301270189221941 11.500000000000002 0.25000000000000017 43.981527093596064
decision_type=2 2 2 2 2 2 2
left_child=1 5 4 -4 -2 -1 -3
right_child=2 6 3 -5 -6 -7 -8
leaf_value=-0.022957109581227538 0.03416615663043255 0.012095761368426281 0.0058835713475252939 0.043770289606696454 0.10824199563194499 0.00050096584754136275 -0.020113196989022288
leaf_weight=2370 161 1154 699 540 116 715 285
leaf_count=2370 161 1154 699 540 116 715 285
internal_value=1.05584e-05 -0.0101312 0.030269 0.0224073 0.065328 -0.0175209 0.00571152
internal_weight=6040 4524 1516 1239 277 3085 1439
internal_count=6040 4524 1516 1239 277 3085 1439
is_linear=0
shrinkage=0.01


Tree=111
num_leaves=8
num_cat=0
split_feature=22 2 88 12 6 32 69
split_gain=18131.4 6456.91 5541.92 5274.27 3514.53 2460.68 2275.1
threshold=17.850000000000005 22.754310344827591 -2.3637931034482755 -0.3794095225512602 20.500000000000004 24.001830120549666 27.288454241794451
decision_type=2 2 2 2 2 2 2
left_child=1 4 6 -3 -1 -4 -2
right_child=2 3 5 -5 -6 -7 -8
leaf_value=0.0037046463118654235 0.0038426585444117046 -0.028272587650104559 0.11283399052710406 -0.0046864540392000447 0.058974171721213706 0.041901775316304235 0.050463058752655492
leaf_weight=338 757 1719 52 2114 174 765 121
leaf_count=338 757 1719 52 2114 174 765 121
internal_value=1.05891e-05 -0.0108109 0.0277459 -0.0152667 0.0225278 0.0464833 0.0102932
internal_weight=6040 4345 1695 3833 512 817 878
internal_count=6040 4345 1695 3833 512 817 878
is_linear=0
shrinkage=0.01


Tree=112
num_leaves=8
num_cat=0
split_feature=22 41 90 12 77 55 32
split_gain=17771.1 6236.27 5859.69 5128.68 3703.26 2191.57 2121.84
threshold=17.850000000000005 22.754310344827591 -0.098826997646149037 -0.3794095225512602 14.859348966634697 696.78448275862081 24.001830120549666
decision_type=2 2 2 2 2 2 2
left_child=1 4 5 -3 -1 -2 -4
right_child=2 3 6 -5 -6 -7 -8
leaf_value=0.055366280064412 0.0057576392728108782 -0.028009234577890806 0.1062632048420004 -0.0047206106486062036 0.00053622779211425398 0.082954039545802327 0.042093926447390358
leaf_weight=201 825 1707 55 2120 317 38 777
leaf_count=201 825 1707 55 2120 317 38 777
internal_value=1.06833e-05 -0.0107027 0.0274691 -0.0151107 0.0218458 0.00920343 0.0463978
internal_weight=6040 4345 1695 3827 518 863 832
internal_count=6040 4345 1695 3827 518 863 832
is_linear=0
shrinkage=0.01


Tree=113
num_leaves=8
num_cat=0
split_feature=17 22 46 90 22 59 46
split_gain=17721.7 6310.78 4784.21 4336.8 2334.22 1207.27 1188.2
threshold=13.196928563451793 19.203448275862073 25.016666666666669 -0.098826997646149037 8.5425287356321853 5.3051724137931044 25.636753787746823
decision_type=2 2 2 2 2 2 2
left_child=4 2 -2 -3 6 -6 -1
right_child=1 3 -4 -5 5 -7 -8
leaf_value=-0.015201498139927654 0.021833693065883709 0.012941812522729421 -0.014003964147988254 0.052345425704479559 -0.022349930528908067 -0.0028257578685293157 -0.032500655703370386
leaf_weight=780 827 464 677 703 412 1365 812
leaf_count=780 827 464 677 703 412 1365 812
internal_value=1.07944e-05 0.0192464 0.00570236 0.0366912 -0.0152399 -0.00735776 -0.0240327
internal_weight=6040 2671 1504 1167 3369 1777 1592
internal_count=6040 2671 1504 1167 3369 1777 1592
is_linear=0
shrinkage=0.01


Tree=114
num_leaves=8
num_cat=0
split_feature=59 3 57 5 3 78 28
split_gain=15558.2 5794.73 4260.45 2541.81 3810.48 2221.92 1399.78
threshold=21.779885057471265 212.63333333333335 9.6668582375478724 3.5000000000000004 454.87931034482762 8.2596928879533014 30.882142857142863
decision_type=2 2 2 2 2 2 2
left_child=1 6 -3 4 -2 -5 -1
right_child=3 2 -4 5 -6 -7 -8
leaf_value=-0.032531665047401841 0.01069610719687409 -0.014089010148336238 0.0070894001980493105 0.058808420594210958 0.079682414659881642 0.0056818975161659936 -0.0078340148531712631
leaf_weight=842 112 1479 2653 117 282 239 316
leaf_count=842 112 1479 2653 117 282 239 316
internal_value=1.06841e-05 -0.00603362 -0.000491825 0.0426195 0.0601118 0.0232014 -0.0257988
internal_weight=6040 5290 4132 750 394 356 1158
internal_count=6040 5290 4132 750 394 356 1158
is_linear=0
shrinkage=0.01


Tree=115
num_leaves=8
num_cat=0
split_feature=17 22 37 90 22 79 10
split_gain=17101.9 6124.27 4614.96 4210.71 2264.71 1392.91 1203.21
threshold=13.196928563451793 19.203448275862073 73.237356321839101 -0.098826997646149037 8.5425287356321853 2.5591954022988515 2.5000000000000004
decision_type=2 2 2 2 2 2 2
left_child=4 2 -2 -3 6 -6 -1
right_child=1 3 -4 -5 5 -7 -8
leaf_value=-0.027672941481896557 0.023618051603900216 0.012690481481000991 -0.011421085054636109 0.051516965487009465 0.0023351648812326613 -0.01541788644383772 -0.0049222657542258522
leaf_weight=1309 729 464 775 703 822 955 283
leaf_count=1309 729 464 775 703 822 955 283
internal_value=1.06671e-05 0.0189069 0.00556452 0.036092 -0.014971 -0.0072071 -0.0236318
internal_weight=6040 2671 1504 1167 3369 1777 1592
internal_count=6040 2671 1504 1167 3369 1777 1592
is_linear=0
shrinkage=0.01


Tree=116
num_leaves=8
num_cat=0
split_feature=59 12 71 45 15 75 6
split_gain=15003.4 7251.66 5631.77 3848.3 2489.16 3224.64 2089.44
threshold=21.779885057471265 -0.3794095225512602 6.6380952380952394 22.004524886877832 -1.0000000180025095e-35 5.7287356321839091 20.500000000000004
decision_type=2 2 2 2 2 2 2
left_child=1 3 -3 -1 6 -6 -2
right_child=4 2 -4 -5 5 -7 -8
leaf_value=0.020239372149652185 0.040539452867885475 -0.0046423087698089687 0.025045666760330786 -0.024957510474666711 -0.017480600421883399 0.069806623380722591 -0.010067581169572274
leaf_weight=209 230 2322 881 1878 48 346 126
leaf_count=209 230 2322 881 1878 48 346 126
internal_value=1.0585e-05 -0.00592497 0.00352599 -0.0204273 0.0418527 0.0591627 0.0226376
internal_weight=6040 5290 3203 2087 750 394 356
internal_count=6040 5290 3203 2087 750 394 356
is_linear=0
shrinkage=0.01


Tree=117
num_leaves=8
num_cat=0
split_feature=17 22 45 74 41 78 24
split_gain=16533.7 6281.86 3306.72 3158.25 3049.27 3004.73 2977.51
threshold=23.559195402298855 14.663913572008292 22.004524886877832 9.3072348418112032 24.415229885057474 12.307491263437823 9.7669802865664632
decision_type=2 2 2 2 2 2 2
left_child=1 4 6 -3 -1 -4 -2
right_child=2 3 5 -5 -6 -7 -8
leaf_value=0.0025212818523874703 0.13448000434321217 0.017720926347836754 0.033658840095744054 -0.016695165402058402 -0.01962553712348674 -0.043275689337231693 0.047998654618337466
leaf_weight=804 58 1157 754 346 2739 54 128
leaf_count=804 58 1157 754 346 2739 54 128
internal_value=1.05599e-05 -0.00733344 0.0372775 0.00979488 -0.0146001 0.028493 0.0752569
internal_weight=6040 5046 994 1503 3543 808 186
internal_count=6040 5046 994 1503 3543 808 186
is_linear=0
shrinkage=0.01


Tree=118
num_leaves=8
num_cat=0
split_feature=17 22 37 90 22 45 7
split_gain=16277.9 5844.33 4458.85 4051.7 2170.46 2080.48 1172.65
threshold=13.196928563451793 19.203448275862073 73.237356321839101 -0.098826997646149037 8.5425287356321853 22.004524886877832 9.0000000000000018
decision_type=2 2 2 2 2 2 2
left_child=4 2 -2 -3 6 -6 -1
right_child=1 3 -4 -5 5 -7 -8
leaf_value=-0.0257486402494259 0.023157652559323141 0.012278490645588407 -0.011283719064443247 0.050364589341201936 0.035430469796439192 -0.0097611431581481143 0.0045375753852184139
leaf_weight=1452 729 464 775 703 108 1669 140
leaf_count=1452 729 464 775 703 108 1669 140
internal_value=1.05848e-05 0.0184459 0.00541209 0.0352337 -0.0146057 -0.00700508 -0.0230844
internal_weight=6040 2671 1504 1167 3369 1777 1592
internal_count=6040 2671 1504 1167 3369 1777 1592
is_linear=0
shrinkage=0.01


Tree=119
num_leaves=8
num_cat=0
split_feature=17 85 12 78 17 44 39
split_gain=15954.1 5827.89 4295.96 3507.05 2143.12 2050.93 983.666
threshold=13.196928563451793 26.871229101790103 -0.12940952255126037 7.4023116158467923 5.6442528735632189 22.081717770720331 90.898275862068985
decision_type=2 2 2 2 2 2 2
left_child=4 2 -2 -3 6 -6 -1
right_child=1 3 -4 -5 5 -7 -8
leaf_value=-0.031079459534577088 -0.0071549332705059679 0.15786473198406031 0.021907452629648629 0.045711800996263097 0.022512349512928156 -0.012305628831712165 0.0093042126509524491
leaf_weight=799 759 30 1540 342 182 2323 65
leaf_count=799 759 30 1540 342 182 2323 65
internal_value=1.05452e-05 0.0182616 0.012313 0.0549575 -0.0144596 -0.00977175 -0.0280371
internal_weight=6040 2671 2299 372 3369 2505 864
internal_count=6040 2671 2299 372 3369 2505 864
is_linear=0
shrinkage=0.01


Tree=120
num_leaves=8
num_cat=0
split_feature=22 14 88 36 32 12 56
split_gain=15635.8 5632.9 4803.08 3332.8 2352.92 2066.02 2040.39
threshold=17.850000000000005 -0.5 -2.3637931034482755 72.305172413793116 24.001830120549666 -0.3794095225512602 635.56666666666672
decision_type=2 2 2 2 2 2 2
left_child=1 5 6 -3 -4 -1 -2
right_child=2 3 4 -5 -6 -7 -8
leaf_value=-0.029950189267683093 0.0045760874073673807 0.018643006199817066 0.10807946106025153 -0.0087599042864105608 0.038732537561994726 -0.011767614179360208 0.056545268630553147
leaf_weight=1096 795 805 52 988 765 1456 83
leaf_count=1096 795 805 52 988 765 1456 83
internal_value=1.06117e-05 -0.0100386 0.0257666 0.00354462 0.0432103 -0.019581 0.00951885
internal_weight=6040 4345 1695 1793 817 2552 878
internal_count=6040 4345 1695 1793 817 2552 878
is_linear=0
shrinkage=0.01


Tree=121
num_leaves=8
num_cat=0
split_feature=17 17 32 45 13 7 35
split_gain=15475.2 5498.68 3406.56 3233.72 3125.77 3059.56 808.972
threshold=23.559195402298855 7.8248423927284589 25.966091954022989 22.004524886877832 0.68301270189221941 11.500000000000002 53.016666666666673
decision_type=2 2 2 2 2 2 2
left_child=1 6 -3 5 -5 -2 -1
right_child=3 2 -4 4 -6 -7 -8
leaf_value=0.007823943120775995 0.035725958275854286 0.024375269453607948 -0.0039849477226184269 0.0079337619778783192 0.047274846177373327 0.11721901107178948 -0.023816206447756554
leaf_weight=85 100 495 2916 409 399 86 1550
leaf_count=85 100 495 2916 409 399 86 1550
internal_value=1.06522e-05 -0.00709437 0.000133474 0.0360649 0.0273787 0.0736215 -0.0221691
internal_weight=6040 5046 3411 994 808 186 1635
internal_count=6040 5046 3411 994 808 186 1635
is_linear=0
shrinkage=0.01


Tree=122
num_leaves=8
num_cat=0
split_feature=22 46 90 59 55 21 23
split_gain=15137.6 5798.27 4970.85 3299.52 2107.2 1887.67 1560.69
threshold=17.850000000000005 25.016666666666669 -0.098826997646149037 15.604249949850432 696.78448275862081 37.966666666666676 8.2034482758620708
decision_type=2 2 2 2 2 2 2
left_child=1 3 4 -1 -2 -4 -3
right_child=2 6 5 -5 -6 -7 -8
leaf_value=-0.0029428908674960781 0.0051510644628068956 -0.028958128294217712 0.03838865487745774 0.031252568325887714 0.080846120307971905 0.094854134249132735 -0.01290915788410725
leaf_weight=1539 825 1084 768 345 38 64 1377
leaf_count=1539 825 1084 768 345 38 64 1377
internal_value=1.07241e-05 -0.00987706 0.025353 0.00332538 0.00852956 0.0427871 -0.0199829
internal_weight=6040 4345 1695 1884 863 832 2461
internal_count=6040 4345 1695 1884 863 832 2461
is_linear=0
shrinkage=0.01


Tree=123
num_leaves=8
num_cat=0
split_feature=59 12 67 36 15 3 78
split_gain=13353.4 6697.27 6292.55 3282.57 2411.35 3432.95 1869.2
threshold=21.779885057471265 -0.3794095225512602 5.7071428571428582 75.38333333333334 -0.8783796973249266 467.47528735632187 8.2596928879533014
decision_type=2 2 2 2 2 2 2
left_child=1 3 -3 -1 6 -6 -2
right_child=4 2 -4 -5 5 -7 -8
leaf_value=-0.001850011676668407 0.056808992594060762 -0.010153979462355175 0.017884266816953907 -0.028423239918103055 0.015189800532547275 0.063924488709253421 -0.03081133091988102
leaf_weight=699 35 1644 1559 1388 222 416 77
leaf_count=699 35 1644 1559 1388 222 416 77
internal_value=1.07879e-05 -0.00558888 0.00349361 -0.0195259 0.0394852 0.0469926 -0.00329475
internal_weight=6040 5290 3203 2087 750 638 112
internal_count=6040 5290 3203 2087 750 638 112
is_linear=0
shrinkage=0.01


Tree=124
num_leaves=8
num_cat=0
split_feature=22 46 90 59 55 21 22
split_gain=14649.7 6251.44 5216.68 3628.04 1955.69 1677.02 1611.66
threshold=19.067464884435637 25.016666666666669 -0.098826997646149037 8.9833333333333361 696.78448275862081 37.966666666666676 8.5425287356321853
decision_type=2 2 2 2 2 2 2
left_child=1 3 4 -1 -2 -4 -3
right_child=2 6 5 -5 -6 -7 -8
leaf_value=-0.010317818320132281 0.0052982240423778935 -0.027981698100096035 0.041670135614097589 0.016740265478022567 0.082377291489338519 0.096413266903016645 -0.012024554846831291
leaf_weight=912 721 1155 670 1084 34 61 1403
leaf_count=912 721 1155 670 1084 34 61 1403
internal_value=1.07476e-05 -0.00888572 0.027269 0.00437731 0.00882222 0.0463018 -0.0192339
internal_weight=6040 4554 1486 1996 755 731 2558
internal_count=6040 4554 1486 1996 755 731 2558
is_linear=0
shrinkage=0.01


Tree=125
num_leaves=8
num_cat=0
split_feature=17 17 32 5 17 44 38
split_gain=14455.1 5261.39 3186.57 2294.53 1995.63 1944.7 474.215
threshold=13.196928563451793 30.016666666666669 24.001830120549666 4.5000000000000009 5.6442528735632189 22.081717770720331 88.593103448275869
decision_type=2 2 2 2 2 2 2
left_child=4 2 -2 -3 6 -6 -1
right_child=1 3 -4 -5 5 -7 -8
leaf_value=-0.029882719252728278 0.062406923989190004 0.060402063628761396 0.0077408055302188505 0.014091833950246421 0.022197427105607643 -0.011706608759196626 -0.0086319949194969929
leaf_weight=741 112 353 2052 154 182 2323 123
leaf_count=741 112 353 2052 154 182 2323 123
internal_value=1.08e-05 0.0173833 0.0105841 0.0463642 -0.0137628 -0.00923918 -0.0268648
internal_weight=6040 2671 2164 507 3369 2505 864
internal_count=6040 2671 2164 507 3369 2505 864
is_linear=0
shrinkage=0.01


Tree=126
num_leaves=8
num_cat=0
split_feature=17 12 65 2 12 15 56
split_gain=14204 5514.15 4469.73 3085.89 2384.51 2686.98 2320.96
threshold=23.559195402298855 -0.3794095225512602 9.7235632183908063 23.404902502347465 -0.12940952255126037 -0.8783796973249266 451.77988505747129
decision_type=2 2 2 2 2 2 2
left_child=1 3 -3 -1 6 -6 -2
right_child=4 2 -4 -5 5 -7 -8
leaf_value=0.0081989305738256052 -0.024875243291191992 -0.013156927916109689 0.011911093011415701 -0.024693615085991584 0.00065874158456462079 0.054095477566860131 0.031701564254387318
leaf_weight=341 111 1180 1789 1736 113 563 207
leaf_count=341 111 1180 1789 1736 113 563 207
internal_value=1.07894e-05 -0.00679617 0.00194735 -0.0192924 0.0345526 0.0451708 0.0119434
internal_weight=6040 5046 2969 2077 994 676 318
internal_count=6040 5046 2969 2077 994 676 318
is_linear=0
shrinkage=0.01


Tree=127
num_leaves=8
num_cat=0
split_feature=22 46 90 17 55 21 22
split_gain=13988.4 6246.25 5301.42 3936.07 1931.54 1544.87 1508.1
threshold=19.203448275862073 25.016666666666669 -0.098826997646149037 9.0122155947641804 696.78448275862081 37.966666666666676 8.5425287356321853
decision_type=2 2 2 2 2 2 2
left_child=1 3 4 -1 -2 -4 -3
right_child=2 6 5 -5 -6 -7 -8
leaf_value=-0.014628480310080462 0.0046516305296553841 -0.02738590201130681 0.041823665335044641 0.014802757663712966 0.081281768294348231 0.094817003782130482 -0.011981613000253912
leaf_weight=694 709 1155 658 1314 34 60 1416
leaf_count=694 709 1155 658 1314 34 60 1416
internal_value=1.07186e-05 -0.00858568 0.0269472 0.00462945 0.00821123 0.0463157 -0.018906
internal_weight=6040 4579 1461 2008 743 718 2571
internal_count=6040 4579 1461 2008 743 718 2571
is_linear=0
shrinkage=0.01


Tree=128
num_leaves=8
num_cat=0
split_feature=17 17 32 45 7 78 24
split_gain=13698.4 4931.16 3227.22 3095.75 2940.12 2934.02 743.245
threshold=23.559195402298855 7.8248423927284589 25.966091954022989 22.004524886877832 11.500000000000002 12.307491263437823 12.446451586374714
decision_type=2 2 2 2 2 2 2
left_child=1 6 -3 4 -2 -5 -1
right_child=3 2 -4 5 -6 -7 -8
leaf_value=-0.025909472875369013 0.033538731248076284 0.023765778134448228 -0.0038378174221349094 0.030540426926039321 0.1134110019445161 -0.045474413471484398 -0.011766081110006111
leaf_weight=1061 100 495 2916 754 86 54 574
leaf_count=1061 100 495 2916 754 86 54 574
internal_value=1.0764e-05 -0.00667395 0.000170731 0.0339322 0.0706766 0.0254346 -0.0209496
internal_weight=6040 5046 3411 994 186 808 1635
internal_count=6040 5046 3411 994 186 808 1635
is_linear=0
shrinkage=0.01


Tree=129
num_leaves=8
num_cat=0
split_feature=22 2 90 12 78 32 77
split_gain=13573.3 5310.13 4455.52 4273.68 4048.92 1958.8 1904.44
threshold=17.850000000000005 22.754310344827591 -0.098826997646149037 -0.3794095225512602 9.5395370404212034 24.001830120549666 29.055222980594369
decision_type=2 2 2 2 2 2 2
left_child=1 4 6 -3 -1 -4 -2
right_child=2 3 5 -5 -6 -7 -8
leaf_value=0.042010401290302514 0.0034473011812851538 -0.025100435995227349 0.098009964691626067 -0.003869231438818772 -0.016476199888938038 0.036382737165823624 0.055714688658129931
leaf_weight=327 787 1719 55 2114 185 777 76
leaf_count=327 787 1719 55 2114 185 777 76
internal_value=1.07502e-05 -0.00935223 0.024008 -0.013393 0.0208811 0.0405137 0.0080804
internal_weight=6040 4345 1695 3833 512 832 863
internal_count=6040 4345 1695 3833 512 832 863
is_linear=0
shrinkage=0.01


Tree=130
num_leaves=8
num_cat=0
split_feature=17 69 76 11 17 44 39
split_gain=13278.7 4893.03 5126.92 2243.68 1867.73 1838.41 942.669
threshold=13.196928563451793 28.863035372194858 47.644444444444453 -0.5 5.6442528735632189 22.081717770720331 90.898275862068985
decision_type=2 2 2 2 2 2 2
left_child=4 2 -2 -3 6 -6 -1
right_child=1 3 -4 -5 5 -7 -8
leaf_value=-0.028844078125731504 0.016447234154849256 0.091010910162814831 -0.034508182727434174 0.034295170199714696 0.021751101490712327 -0.011213265239442265 0.010680502417205855
leaf_weight=799 2145 107 217 202 182 2323 65
leaf_count=799 2145 107 217 202 182 2323 65
internal_value=1.08009e-05 0.0166614 0.0117594 0.0540515 -0.0131904 -0.00881419 -0.0258655
internal_weight=6040 2671 2362 309 3369 2505 864
internal_count=6040 2671 2362 309 3369 2505 864
is_linear=0
shrinkage=0.01


Tree=131
num_leaves=8
num_cat=0
split_feature=22 14 90 77 55 23 2
split_gain=13158.6 5502.07 4993.37 4052.28 1883.79 1777.7 1534.05
threshold=19.203448275862073 -0.5 -0.098826997646149037 14.921178483134364 696.78448275862081 18.616666666666671 26.762643678160924
decision_type=2 2 2 2 2 2 2
left_child=1 5 4 -3 -2 -1 -4
right_child=2 3 6 -5 -6 -7 -8
leaf_value=-0.02035125775596737 0.0044373626866921981 0.01791748613914983 0.052664053023259549 -0.011079850682046557 0.080114221489947776 0.0077597971598147384 0.017227137054763142
leaf_weight=2394 709 1039 561 898 34 248 157
leaf_count=2394 709 1039 561 898 34 248 157
internal_value=1.07761e-05 -0.00832674 0.0261361 0.00447457 0.00795259 -0.0177114 0.0449334
internal_weight=6040 4579 1461 1937 743 2642 718
internal_count=6040 4579 1461 1937 743 2642 718
is_linear=0
shrinkage=0.01


Tree=132
num_leaves=8
num_cat=0
split_feature=59 3 76 3 48 11 72
split_gain=11585.4 4681.47 3389.95 2110.35 2226.73 1322.57 1234.84
threshold=21.779885057471265 212.63333333333335 43.981527093596064 467.47528735632187 26.996282320110286 -0.78656609248549292 48.518518518518526
decision_type=2 2 2 2 2 2 2
left_child=1 5 -3 6 -5 -1 -2
right_child=3 2 -4 4 -6 -7 -8
leaf_value=-0.0048032134511387927 0.026549603654670229 0.0032099077046528085 -0.024109583377379198 0.054951208841371189 -0.027495050030694884 -0.029258524970377314 -0.02310815109516735
leaf_weight=298 194 3613 519 454 35 860 67
leaf_count=298 194 3613 519 454 35 860 67
internal_value=1.07939e-05 -0.00520502 -0.000223939 0.0367793 0.0490271 -0.0229704 0.0137805
internal_weight=6040 5290 4132 750 489 1158 261
internal_count=6040 5290 4132 750 489 1158 261
is_linear=0
shrinkage=0.01


Tree=133
num_leaves=8
num_cat=0
split_feature=22 2 90 12 78 21 74
split_gain=12804.9 5109.61 4169.21 4103.58 3927.91 1722.4 1378.05
threshold=17.850000000000005 22.754310344827591 -0.098826997646149037 -0.3794095225512602 9.5395370404212034 37.966666666666676 9.2450928480138863
decision_type=2 2 2 2 2 2 2
left_child=1 4 6 -3 -1 -4 -2
right_child=2 3 5 -5 -6 -7 -8
leaf_value=0.041384725135837803 0.016595040231654919 -0.024519220766910644 0.0350854555838193 -0.0037148621683006765 -0.016221204442577061 0.089012482158897455 -0.010454571626503189
leaf_weight=327 586 1719 768 2114 185 64 277
leaf_count=327 586 1719 768 2114 185 64 277
internal_value=1.06635e-05 -0.0090834 0.0233187 -0.0130472 0.0205736 0.0392853 0.00791123
internal_weight=6040 4345 1695 3833 512 832 863
internal_count=6040 4345 1695 3833 512 832 863
is_linear=0
shrinkage=0.01


Tree=134
num_leaves=8
num_cat=0
split_feature=22 46 90 32 55 21 22
split_gain=12565.7 5845.5 4742.25 3321.06 1837.06 1452.34 1385
threshold=19.203448275862073 25.016666666666669 -0.098826997646149037 27.969444444444445 696.78448275862081 37.966666666666676 8.5425287356321853
decision_type=2 2 2 2 2 2 2
left_child=1 3 4 -1 -2 -4 -3
right_child=2 6 5 -5 -6 -7 -8
leaf_value=0.017775411488189747 0.0043488121979775229 -0.026247089548933122 0.039505147904440499 -0.007944952075993111 0.079080941283184547 0.090878787032828839 -0.011484813135868138
leaf_weight=983 709 1155 658 1025 34 60 1416
leaf_count=983 709 1155 658 1025 34 60 1416
internal_value=1.06614e-05 -0.00813684 0.0255406 0.00464728 0.00782014 0.0438592 -0.0181206
internal_weight=6040 4579 1461 2008 743 718 2571
internal_count=6040 4579 1461 2008 743 718 2571
is_linear=0
shrinkage=0.01


Tree=135
num_leaves=8
num_cat=0
split_feature=17 69 76 36 17 11 39
split_gain=12348.2 4581.82 4992.46 2536.96 1770.46 1639.68 912.937
threshold=13.196928563451793 28.863035372194858 47.644444444444453 64.067816091954043 5.6442528735632189 0.91597561503675362 90.898275862068985
decision_type=2 2 2 2 2 2 2
left_child=4 2 -2 -3 6 -6 -1
right_child=1 3 -4 -5 5 -7 -8
leaf_value=-0.027991454685727755 0.01594978999137343 0.096151766300382649 -0.034332888937407532 0.033455070480224731 -0.01073791103234068 0.020237966923759922 0.010902703084335982
leaf_weight=799 2145 92 217 217 2321 184 65
leaf_count=799 2145 92 217 217 2321 184 65
internal_value=1.07095e-05 0.0160673 0.0113238 0.0522488 -0.0127196 -0.00845885 -0.0250602
internal_weight=6040 2671 2362 309 3369 2505 864
internal_count=6040 2671 2362 309 3369 2505 864
is_linear=0
shrinkage=0.01


Tree=136
num_leaves=8
num_cat=0
split_feature=22 2 78 67 32 79 49
split_gain=12171.6 4944.8 3842.72 3360.14 3025.57 2751.54 862.898
threshold=17.850000000000005 22.754310344827591 9.5395370404212034 5.3166666666666673 25.528594771241835 6.8500000000000005 464.91551724137935
decision_type=2 2 2 2 2 2 2
left_child=1 2 -1 6 -3 -5 -2
right_child=3 4 -4 5 -6 -7 -8
leaf_value=0.040903346415830939 0.0038808550117827721 0.017018672722806202 -0.016074442091084155 0.035601632839553914 -0.015404663436265578 -0.0019845174375627598 -0.032551202757569848
leaf_weight=327 208 313 185 1159 3520 234 94
leaf_count=327 208 313 185 1159 3520 234 94
internal_value=1.0689e-05 -0.00885565 0.0203191 0.0227351 -0.012755 0.029289 -0.00749233
internal_weight=6040 4345 512 1695 3833 1393 302
internal_count=6040 4345 512 1695 3833 1393 302
is_linear=0
shrinkage=0.01


Tree=137
num_leaves=8
num_cat=0
split_feature=17 12 67 45 45 66 14
split_gain=11959 4906.24 4386.06 2966.9 2886.49 2881.32 2786.88
threshold=23.559195402298855 -0.3794095225512602 6.7166666666666677 22.004524886877832 22.004524886877832 6.792847000331717 0.93301270189221952
decision_type=2 2 2 2 2 2 2
left_child=1 4 -3 6 -1 -5 -2
right_child=3 2 -4 5 -6 -7 -8
leaf_value=0.018358252169437046 0.031525477688110884 -0.0072110918788191184 0.018023874542134968 0.03996503607750037 -0.021839009622623886 0.0018853606597751592 0.10927773281983559
leaf_weight=197 100 1884 1085 456 1880 352 86
leaf_count=197 100 1884 1085 456 1880 352 86
internal_value=1.06073e-05 -0.00623529 0.00201216 0.0317053 -0.0180226 0.0233879 0.0676747
internal_weight=6040 5046 2969 994 2077 808 186
internal_count=6040 5046 2969 994 2077 808 186
is_linear=0
shrinkage=0.01


Tree=138
num_leaves=8
num_cat=0
split_feature=22 2 90 80 36 55 2
split_gain=11776 4886.16 4543.33 3080.31 2493.34 1795.12 1518.28
threshold=19.203448275862073 22.754310344827591 -0.098826997646149037 55.163247195839681 62.174769667655291 696.78448275862081 26.762643678160924
decision_type=2 2 2 2 2 2 2
left_child=1 3 5 -1 -3 -2 -4
right_child=2 4 6 -5 -6 -7 -8
leaf_value=0.027247334381310717 0.0039495047187636662 0.006166666419836265 0.050345491557366291 -0.048763762674411806 -0.015254009890223888 0.077823208401168603 0.015101762889207355
leaf_weight=515 709 648 561 59 3357 34 157
leaf_count=515 709 648 561 59 3357 34 157
internal_value=1.06609e-05 -0.00787667 0.0247253 0.0193978 -0.0117877 0.00738073 0.0426556
internal_weight=6040 4579 1461 574 4005 743 718
internal_count=6040 4579 1461 574 4005 743 718
is_linear=0
shrinkage=0.01


Tree=139
num_leaves=8
num_cat=0
split_feature=17 17 12 22 45 45 35
split_gain=11595.3 4378.89 3105.6 1702.62 1789.73 1661.02 1059.55
threshold=13.196928563451793 36.276854925394737 -0.12940952255126037 8.5425287356321853 22.004524886877832 22.139772970657532 61.336956521739133
decision_type=2 2 2 2 2 2 2
left_child=3 2 -2 6 -5 -3 -1
right_child=1 5 -4 4 -6 -7 -8
leaf_value=-0.00074781912002281779 -0.0035735680416753321 0.096409749258284605 0.019999896762617594 0.033764139085493056 -0.0081503262588066474 0.038504554911519662 -0.023321358009423081
leaf_weight=246 864 74 1581 108 1669 152 1346
leaf_count=246 864 74 1581 108 1669 152 1346
internal_value=1.06533e-05 0.0155701 0.0116704 -0.0123255 -0.00559385 0.0576378 -0.0198349
internal_weight=6040 2671 2445 3369 1777 226 1592
internal_count=6040 2671 2445 3369 1777 226 1592
is_linear=0
shrinkage=0.01


Tree=140
num_leaves=8
num_cat=0
split_feature=22 85 76 78 42 78 12
split_gain=11401.9 4164.24 7493.64 3803.17 3306.45 2753.27 1987.06
threshold=15.033908045977013 26.871229101790103 43.981527093596064 7.4483170982718754 24.033908045977018 12.613473963960383 -0.60355339059327384
decision_type=2 2 2 2 2 2 2
left_child=4 2 -2 -3 5 -1 -6
right_child=1 3 -4 -5 6 -7 -8
leaf_value=0.013543448697531489 0.021792343281412486 0.15215875948759225 -0.028944354111228247 0.038680252418410589 -0.025525001990150193 -0.047729678004614418 -0.0088333831096692635
leaf_weight=732 1495 32 361 335 1166 81 1838
leaf_count=732 1495 32 361 335 1166 81 1838
internal_value=1.06725e-05 0.0180121 0.0119184 0.0487698 -0.0104741 0.00741255 -0.0153156
internal_weight=6040 2223 1856 367 3817 813 3004
internal_count=6040 2223 1856 367 3817 813 3004
is_linear=0
shrinkage=0.01


Tree=141
num_leaves=8
num_cat=0
split_feature=17 12 65 45 7 36 24
split_gain=11242.5 4654.54 3916.13 2860.39 2821.05 2768.4 2746.41
threshold=23.559195402298855 -0.3794095225512602 9.7235632183908063 22.004524886877832 10.500000000000002 75.38333333333334 9.7669802865664632
decision_type=2 2 2 2 2 2 2
left_child=1 5 -3 6 -5 -1 -2
right_child=3 2 -4 4 -6 -7 -8
leaf_value=-0.00090339259748778693 0.12290878998112476 -0.012150132528040461 0.011314183806561788 0.027631528743780658 -0.046272776399344739 -0.025543404050778741 0.039916239480911997
leaf_weight=676 58 1180 1789 753 55 1401 128
leaf_count=676 58 1180 1789 753 55 1401 128
internal_value=1.06603e-05 -0.00604522 0.00198788 0.0307412 0.0225748 -0.0175262 0.0660585
internal_weight=6040 5046 2969 994 808 2077 186
internal_count=6040 5046 2969 994 808 2077 186
is_linear=0
shrinkage=0.01


Tree=142
num_leaves=8
num_cat=0
split_feature=22 46 90 17 77 2 22
split_gain=11078.9 5446.27 4351.85 3382.16 1708.29 1484.89 1236.25
threshold=19.203448275862073 25.016666666666669 -0.098826997646149037 9.0122155947641804 29.055222980594369 26.762643678160924 8.5425287356321853
decision_type=2 2 2 2 2 2 2
left_child=1 3 4 -1 -2 -4 -3
right_child=2 6 5 -5 -6 -7 -8
leaf_value=-0.013151492104122699 0.0019094753174937389 -0.024954254816787189 0.049135611564956792 0.01413041373158491 0.052095571374064252 0.014284729449332706 -0.01100701563844394
leaf_weight=694 668 1155 561 1314 75 157 1416
leaf_count=694 668 1155 561 1314 75 157 1416
internal_value=1.06496e-05 -0.00763967 0.0239827 0.00470013 0.00700767 0.041531 -0.0172765
internal_weight=6040 4579 1461 2008 743 718 2571
internal_count=6040 4579 1461 2008 743 718 2571
is_linear=0
shrinkage=0.01


Tree=143
num_leaves=8
num_cat=0
split_feature=22 46 32 69 78 48 23
split_gain=10858.7 5337.92 3128.27 2748.82 4366.78 3144.46 1217.63
threshold=19.203448275862073 25.016666666666669 27.969444444444445 28.863035372194858 9.4900357000929443 22.983333333333338 8.2034482758620708
decision_type=2 2 2 2 2 2 2
left_child=1 2 -1 4 -2 -5 -3
right_child=3 6 -4 5 -6 -7 -8
leaf_value=0.017394495962714151 0.025568776708744769 -0.025061865325267343 -0.0075681830540568241 0.12554750430207504 -0.025933240133583998 0.036615987555887887 -0.011146051939126236
leaf_weight=983 966 1100 1025 47 198 250 1471
leaf_count=983 966 1100 1025 47 198 250 1471
internal_value=1.06122e-05 -0.00756331 0.00465313 0.0237433 0.0168003 0.0508784 -0.0171038
internal_weight=6040 4579 2008 1461 1164 297 2571
internal_count=6040 4579 2008 1461 1164 297 2571
is_linear=0
shrinkage=0.01


Tree=144
num_leaves=8
num_cat=0
split_feature=59 23 74 15 14 75 78
split_gain=9677.41 4025.23 2562.52 2271.33 2162.61 2136.54 1797.29
threshold=21.779885057471265 9.5086206896551744 9.8196819650851186 -0.8783796973249266 -0.5 4.0339080459770118 8.2596928879533014
decision_type=2 2 2 2 2 2 2
left_child=1 4 -3 6 -1 -5 -2
right_child=3 2 -4 5 -6 -7 -8
leaf_value=-0.021964106147126003 0.051074398373214286 0.0061212115398275773 -0.019766279560698805 -0.00843928420312943 -0.00017648509715173765 0.047676651524733132 -0.034848869829024041
leaf_weight=1491 35 2698 445 77 656 561 77
leaf_count=1491 35 2698 445 77 656 561 77
internal_value=1.06173e-05 -0.00475638 0.00245322 0.0336153 -0.0153089 0.040902 -0.00788574
internal_weight=6040 5290 3143 750 2147 638 112
internal_count=6040 5290 3143 750 2147 638 112
is_linear=0
shrinkage=0.01


Tree=145
num_leaves=8
num_cat=0
split_feature=17 85 72 53 17 92 39
split_gain=10583.4 4188.3 3586.85 2479.71 1612.99 1551.4 879.664
threshold=13.196928563451793 26.871229101790103 43.914285714285718 531.37413793103462 5.6442528735632189 17.351719851339229 90.898275862068985
decision_type=2 2 2 2 2 2 2
left_child=4 2 -2 -3 6 -6 -1
right_child=1 3 -4 -5 5 -7 -8
leaf_value=-0.026431466154477359 0.013784358515774154 0.022081145131188643 -0.029619332481575757 0.073931000481454692 0.020621450315776974 -0.0098925803112659329 0.011742020819933361
leaf_weight=799 2090 201 209 171 179 2326 65
leaf_count=799 2090 201 209 171 179 2326 65
internal_value=1.0525e-05 0.0148755 0.00983277 0.0459839 -0.011775 -0.00770826 -0.0235539
internal_weight=6040 2671 2299 372 3369 2505 864
internal_count=6040 2671 2299 372 3369 2505 864
is_linear=0
shrinkage=0.01


Tree=146
num_leaves=8
num_cat=0
split_feature=22 46 88 85 76 80 11
split_gain=10425.6 3916.1 4580.58 3790.87 7255.21 3340.71 936.531
threshold=15.033908045977013 25.016666666666669 12.487931034482758 26.871229101790103 43.981527093596064 50.385662431941931 -0.60355339059327362
decision_type=2 2 2 2 2 2 2
left_child=1 2 -1 4 -2 -5 -3
right_child=3 6 -4 5 -6 -7 -8
leaf_value=-0.0030943836343247811 0.02112550615199316 -0.0079455884001775629 0.06002167585569932 0.083406664365226937 -0.028797386816541769 0.021821542763926276 -0.022712747750414781
leaf_weight=1504 1495 588 124 147 361 220 1601
leaf_count=1504 1495 588 124 147 361 220 1601
internal_value=1.04836e-05 -0.0100154 0.00172963 0.017224 0.0114099 0.0465704 -0.018749
internal_weight=6040 3817 1628 2223 1856 367 2189
internal_count=6040 3817 1628 2223 1856 367 2189
is_linear=0
shrinkage=0.01


Tree=147
num_leaves=8
num_cat=0
split_feature=22 46 88 88 56 41 22
split_gain=10245.4 5083.98 4061.98 3122.04 1811.33 1595.83 1151.16
threshold=19.203448275862073 25.016666666666669 -2.3637931034482755 12.487931034482758 635.56666666666672 26.996282320110286 8.5425287356321853
decision_type=2 2 2 2 2 2 2
left_child=1 3 4 -1 -2 -4 -3
right_child=2 6 5 -5 -6 -7 -8
leaf_value=0.00086392027611708732 0.0019399682656851681 -0.024066027705028609 0.047196574365827082 0.046457491929400775 0.052361522563973313 0.0059515533139970567 -0.01060732975567172
leaf_weight=1845 687 1155 583 163 79 112 1416
leaf_count=1845 687 1155 583 163 79 112 1416
internal_value=1.04805e-05 -0.00734642 0.0230631 0.00457588 0.00717152 0.0405597 -0.0166572
internal_weight=6040 4579 1461 2008 766 695 2571
internal_count=6040 4579 1461 2008 766 695 2571
is_linear=0
shrinkage=0.01


Tree=148
num_leaves=8
num_cat=0
split_feature=22 67 46 88 32 51 28
split_gain=10048 3831.04 3755.27 4424.76 2580.58 1056.01 919.321
threshold=15.033908045977013 5.3166666666666673 25.016666666666669 12.487931034482758 24.001830120549666 436.74655172413799 28.575000000000003
decision_type=2 2 2 2 2 2 2
left_child=2 5 3 -1 -3 -2 -4
right_child=1 4 6 -5 -6 -7 -8
leaf_value=-0.0030720864025564555 0.0015346006442312078 0.070058514611985964 -0.024230390575913398 0.058961159528618357 0.020521187473999683 -0.030938610641085974 -0.011190080540740992
leaf_weight=1504 326 112 1207 124 1641 144 982
leaf_count=1504 326 112 1207 124 1641 144 982
internal_value=1.04775e-05 0.0169094 -0.00983215 0.00166915 0.0237055 -0.00843588 -0.0183845
internal_weight=6040 2223 3817 1628 1753 470 2189
internal_count=6040 2223 3817 1628 1753 470 2189
is_linear=0
shrinkage=0.01


Tree=149
num_leaves=8
num_cat=0
split_feature=17 17 67 53 36 32 77
split_gain=9919.32 3944.69 2615.31 1855.1 1658.28 1571.8 667.75
threshold=13.196928563451793 36.276854925394737 5.3729885057471272 533.22011494252888 55.406896551724145 28.435416666666672 16.305993249298371
decision_type=2 2 2 2 2 2 2
left_child=4 2 -2 -3 6 -6 -1
right_child=1 3 -4 -5 5 -7 -8
leaf_value=0.029811813347647147 -0.010162800227032269 0.038462502007498102 0.015824685403231939 0.10653920299609503 -0.0060425312942900345 -0.02010813197652114 -0.010601932179276683
leaf_weight=131 482 174 1963 52 1581 1598 59
leaf_count=131 482 174 1963 52 1581 1598 59
internal_value=1.04395e-05 0.0144015 0.0107004 0.054329 -0.0113994 -0.0131151 0.0172648
internal_weight=6040 2671 2445 226 3369 3179 190
internal_count=6040 2671 2445 226 3369 3179 190
is_linear=0
shrinkage=0.01


Tree=150
num_leaves=8
num_cat=0
split_feature=22 71 36 88 32 56 2
split_gain=9755.85 4461.91 4911.72 3934.98 1991.63 1769.24 1606.24
threshold=19.203448275862073 6.5807864539012151 73.237356321839101 -2.3637931034482755 26.221262846120812 635.56666666666672 26.762643678160924
decision_type=2 2 2 2 2 2 2
left_child=1 4 -3 5 -1 -2 -5
right_child=3 2 -4 6 -6 -7 -8
leaf_value=0.0028367902768256909 0.0016943402354527605 0.031401971342023514 -0.0098687048837037203 0.047629340695715658 -0.016596198365288379 0.051526384014003675 0.010452557004041192
leaf_weight=651 687 551 604 547 2773 79 148
leaf_count=651 687 551 604 547 2773 79 148
internal_value=1.04533e-05 -0.00716854 0.00982437 0.0225056 -0.0129014 0.00686459 0.0397265
internal_weight=6040 4579 1155 1461 3424 766 695
internal_count=6040 4579 1155 1461 3424 766 695
is_linear=0
shrinkage=0.01


Tree=151
num_leaves=7
num_cat=0
split_feature=85 12 67 15 36 12
split_gain=8313.79 6236.24 6744.14 3579.82 2984.1 2884.34
threshold=26.871229101790103 -0.3794095225512602 6.6948275862068973 -0.8783796973249266 75.758156498673756 -0.60355339059327384
decision_type=2 2 2 2 2 2
left_child=1 4 -3 -2 -1 -5
right_child=3 2 -4 5 -6 -7
leaf_value=-5.6174739285162027e-05 -0.033287689861742041 -0.0069952077668824532 0.020956181094676181 0.010111360156077605 -0.025031511626232749 0.074658673464425784
leaf_weight=724 51 1993 1522 97 1410 243
leaf_count=724 51 1993 1522 97 1410 243
internal_value=1.04498e-05 -0.00307767 0.0051089 0.0445745 -0.0165604 0.0562871
internal_weight=6040 5649 3515 391 2134 340
internal_count=6040 5649 3515 391 2134 340
is_linear=0
shrinkage=0.01


Tree=152
num_leaves=8
num_cat=0
split_feature=22 46 90 88 45 47 22
split_gain=9419.06 4108.49 3335.18 3197.13 2014.5 1542.04 1049.97
threshold=17.850000000000005 25.016666666666669 -0.30311997126436768 12.487931034482758 22.035340926821661 26.898275862068967 8.5425287356321853
decision_type=2 2 2 2 2 2 2
left_child=1 3 5 -1 -4 -2 -3
right_child=2 6 4 -5 -6 -7 -8
leaf_value=-0.00055428186740291642 -0.005410838511300863 -0.023241550068372203 0.058946707413313676 0.047063768119493608 0.023794108641272928 0.046843056885980242 -0.010146675550769851
leaf_weight=1731 510 1155 198 153 924 63 1306
leaf_count=1731 510 1155 198 153 924 63 1306
internal_value=1.0377e-05 -0.00778925 0.0200008 0.00332398 0.0300214 0.000369313 -0.0162961
internal_weight=6040 4345 1695 1884 1122 573 2461
internal_count=6040 4345 1695 1884 1122 573 2461
is_linear=0
shrinkage=0.01


Tree=153
num_leaves=8
num_cat=0
split_feature=17 17 44 68 76 8 35
split_gain=9300.33 3549.98 2547.38 1862.49 2728.36 2414.91 701.268
threshold=23.559195402298855 7.8248423927284589 22.004524886877832 39.000000000000007 48.222222222222229 1.0000000180025095e-35 53.016666666666673
decision_type=2 2 2 2 2 2 2
left_child=1 6 -3 4 -2 -5 -1
right_child=3 2 -4 5 -6 -7 -8
leaf_value=0.010302925489450757 0.023685307592828827 0.025179685017000252 -0.0026920651166178092 0.059759646020021782 -0.04881217853090037 0.0048960398295267819 -0.019143990744462717
leaf_weight=85 536 367 3044 290 57 111 1550
leaf_count=85 536 367 3044 290 57 111 1550
internal_value=1.03861e-05 -0.00549764 0.000309847 0.0279608 0.0166807 0.0445992 -0.0176101
internal_weight=6040 5046 3411 994 593 401 1635
internal_count=6040 5046 3411 994 593 401 1635
is_linear=0
shrinkage=0.01


Tree=154
num_leaves=8
num_cat=0
split_feature=59 12 67 2 15 12 78
split_gain=8257.18 4769.88 4577.83 2324.97 2148.56 2308.77 1748.28
threshold=21.779885057471265 -0.3794095225512602 5.406896551724139 22.065035092114531 -0.8783796973249266 -0.12940952255126037 8.2596928879533014
decision_type=2 2 2 2 2 2 2
left_child=1 3 -3 -1 6 -6 -2
right_child=4 2 -4 -5 5 -7 -8
leaf_value=0.015708544066360731 0.048852783814282486 -0.0090568912806698754 0.014860957116003071 -0.019647883601082768 0.013352628534279373 0.052751551270967402 -0.035893659270194271
leaf_weight=206 35 1552 1651 1881 237 401 77
leaf_count=206 35 1552 1651 1881 237 401 77
internal_value=1.03271e-05 -0.00439299 0.0032719 -0.0161548 0.0310513 0.0381386 -0.00930653
internal_weight=6040 5290 3203 2087 750 638 112
internal_count=6040 5290 3203 2087 750 638 112
is_linear=0
shrinkage=0.01


Tree=155
num_leaves=8
num_cat=0
split_feature=93 12 28 56 11 21 61
split_gain=7632.08 4031.09 3624.68 2693.32 1744.44 1562.22 1489.14
threshold=1.0000000180025095e-35 -0.12940952255126037 24.991666666666671 473.25000000000006 0.91597561503675362 24.728735632183913 7.1894636015325686
decision_type=2 2 2 2 2 2 2
left_child=4 3 -3 -2 5 -1 -6
right_child=1 2 -4 -5 6 -7 -8
leaf_value=-0.015135730954806375 -0.017276083130284267 0.11364351604014267 0.017998167647851209 0.014987531762403338 -0.015638957788530212 0.012928254001011903 0.042454997043318461
leaf_weight=2651 637 40 1881 435 74 214 108
leaf_count=2651 637 40 1881 435 74 214 108
internal_value=1.02916e-05 0.0113513 0.0200191 -0.00418269 -0.0111296 -0.0130374 0.0188535
internal_weight=6040 2993 1921 1072 3047 2865 182
internal_count=6040 2993 1921 1072 3047 2865 182
is_linear=0
shrinkage=0.01


Tree=156
num_leaves=8
num_cat=0
split_feature=17 12 67 41 12 39 56
split_gain=8872.75 3978.57 3544.75 2262.86 2123.38 2906.71 1916.89
threshold=23.559195402298855 -0.3794095225512602 6.7166666666666677 22.081717770720331 -0.12940952255126037 68.237356321839101 451.77988505747129
decision_type=2 2 2 2 2 2 2
left_child=1 3 -3 -1 6 -6 -2
right_child=4 2 -4 -5 5 -7 -8
leaf_value=0.015442401702499995 -0.02746341870745201 -0.0062343693234641218 0.016451633346343832 -0.019447823699695613 0.088186392444094236 0.02884223302283696 0.023948215615892984
leaf_weight=206 111 1884 1085 1871 96 580 207
leaf_count=206 111 1884 1085 1871 96 580 207
internal_value=1.0317e-05 -0.0053696 0.00205728 -0.0159842 0.0273107 0.0373295 0.00598613
internal_weight=6040 5046 2969 2077 994 676 318
internal_count=6040 5046 2969 2077 994 676 318
is_linear=0
shrinkage=0.01


Tree=157
num_leaves=8
num_cat=0
split_feature=59 12 67 36 5 3 6
split_gain=7887.57 4507.35 4366.25 2515.91 2036.44 2995.45 2036.87
threshold=21.779885057471265 -0.3794095225512602 5.406896551724139 75.38333333333334 3.5000000000000004 454.87931034482762 20.500000000000004
decision_type=2 2 2 2 2 2 2
left_child=1 3 -3 -1 5 -2 -6
right_child=4 2 -4 -5 6 -7 -8
leaf_value=-0.00025317737598070679 0.0022226613876554701 -0.0088828527935055843 0.014475718268807983 -0.02351621941525291 0.030666037099609668 0.063350934878809259 -0.019281118257479232
leaf_weight=699 112 1552 1651 1388 230 282 126
leaf_count=699 112 1552 1651 1388 230 282 126
internal_value=1.03137e-05 -0.00429333 0.00315765 -0.0157269 0.0303486 0.0460005 0.0129845
internal_weight=6040 5290 3203 2087 750 394 356
internal_count=6040 5290 3203 2087 750 394 356
is_linear=0
shrinkage=0.01


Tree=158
num_leaves=7
num_cat=0
split_feature=69 76 71 47 76 4
split_gain=7481.21 4599.17 9452.68 5730.74 2228.59 1525.22
threshold=27.288454241794451 43.981527093596064 6.6380952380952394 26.996282320110286 43.033333333333339 15.500000000000002
decision_type=2 2 2 2 2 2
left_child=1 2 -1 -3 -2 -6
right_child=4 3 -4 -5 5 -7
leaf_value=-0.0080736552569443485 -0.019194805782107475 -0.035794848391301898 0.022828004273250092 0.1006695761167086 0.036340416023750315 0.081324427597712745
leaf_weight=3677 51 586 1354 32 226 114
leaf_count=3677 51 586 1354 32 226 114
internal_value=1.02584e-05 -0.00291915 0.000244294 -0.0286523 0.0422841 0.051522
internal_weight=6040 5649 5031 618 391 340
internal_count=6040 5649 5031 618 391 340
is_linear=0
shrinkage=0.01


Tree=159
num_leaves=8
num_cat=0
split_feature=59 45 4 80 45 14 62
split_gain=7621.35 3561.5 3042.49 2603.72 1992.94 2418.83 2222.55
threshold=21.779885057471265 22.035340926821661 6.5000000000000009 42.769764969313393 22.004524886877832 0.93301270189221952 5.0088420061985017
decision_type=2 2 2 2 2 2 2
left_child=1 3 -3 -1 6 -6 -2
right_child=4 2 -4 -5 5 -7 -8
leaf_value=0.070531378279072909 0.0097687278407291318 0.0058568868527308828 -0.011891699031782244 0.010595390169582225 0.027494344231249711 -0.048352802156092042 0.091798702133947585
leaf_weight=87 51 1343 3436 424 560 45 94
leaf_count=87 51 1343 3436 424 560 45 94
internal_value=1.03032e-05 -0.00422008 -0.00690378 0.0208597 0.0298322 0.0218167 0.0630829
internal_weight=6040 5290 4779 511 750 605 145
internal_count=6040 5290 4779 511 750 605 145
is_linear=0
shrinkage=0.01


Tree=160
num_leaves=8
num_cat=0
split_feature=17 17 32 53 36 11 77
split_gain=8333.03 3460.96 2345.64 1767.5 1575.63 1637.74 670.672
threshold=13.196928563451793 36.276854925394737 24.001830120549666 533.22011494252888 55.406896551724145 0.91597561503675362 16.305993249298371
decision_type=2 2 2 2 2 2 2
left_child=4 2 -2 -3 6 -6 -1
right_child=1 3 -4 -5 5 -7 -8
leaf_value=0.030066887565552057 0.051495852614427906 0.035123193853051758 0.007434947499778609 0.10154958487919399 -0.014091731333140893 0.013987784067033405 -0.010436148242289278
leaf_weight=131 127 174 2318 52 2956 223 59
leaf_count=131 127 174 2318 52 2956 223 59
internal_value=1.03317e-05 0.0132006 0.00973386 0.0505998 -0.0104474 -0.01212 0.0174926
internal_weight=6040 2671 2445 226 3369 3179 190
internal_count=6040 2671 2445 226 3369 3179 190
is_linear=0
shrinkage=0.01


Tree=161
num_leaves=7
num_cat=0
split_feature=22 46 32 6 66 22
split_gain=8401.36 4436.4 2798.78 2474.45 2631.58 957.555
threshold=19.203448275862073 25.016666666666669 27.969444444444445 30.500000000000004 12.126991381714562 8.5425287356321853
decision_type=2 2 2 2 2 2
left_child=1 2 -1 4 -2 -3
right_child=3 5 -4 -5 -6 -7
leaf_value=0.016537168499462587 0.020349633871156833 -0.022106459130773626 -0.0070743192890858776 -0.058259438031679621 0.092530630440371381 -0.0098313412264670278
leaf_weight=983 1371 1155 1025 38 52 1416
leaf_count=983 1371 1155 1025 38 52 1416
internal_value=1.04089e-05 -0.0066516 0.00448548 0.0208857 0.0230192 -0.0153493
internal_weight=6040 4579 2008 1461 1423 2571
internal_count=6040 4579 2008 1461 1423 2571
is_linear=0
shrinkage=0.01


Tree=162
num_leaves=7
num_cat=0
split_feature=22 6 85 14 79 25
split_gain=8238.6 3460.15 3859.82 3236.37 3023.01 1126.41
threshold=15.033908045977013 30.500000000000004 26.483709764987939 -0.5 3.4747126436781612 24.991666666666671
decision_type=2 2 2 2 2 2
left_child=3 2 -2 5 -5 -1
right_child=1 -3 -4 4 -6 -7
leaf_value=0.03362643940495641 0.011266776941201187 -0.064922309366861983 0.04698543517436049 0.013498358174801025 -0.016161303598127591 -0.017197203914036889
leaf_weight=44 1808 52 363 940 541 2292
leaf_count=44 1808 52 363 940 541 2292
internal_value=1.03298e-05 0.0153122 0.0172488 -0.00890212 0.00266173 -0.0162327
internal_weight=6040 2223 2171 3817 1481 2336
internal_count=6040 2223 2171 3817 1481 2336
is_linear=0
shrinkage=0.01


Tree=163
num_leaves=8
num_cat=0
split_feature=17 12 65 45 78 24 36
split_gain=7981 3702.48 3154.32 2544.67 2733.64 2523.29 2368.3
threshold=23.559195402298855 -0.3794095225512602 9.7235632183908063 22.004524886877832 12.307491263437823 9.7669802865664632 75.38333333333334
decision_type=2 2 2 2 2 2 2
left_child=1 6 -3 5 -5 -2 -1
right_child=3 2 -4 4 -6 -7 -8
leaf_value=4.079304825575129e-05 0.11368543367813796 -0.010616242646430223 0.01044250120763407 0.023133802219341536 -0.050221875726356419 0.034174897993469053 -0.022747130263118649
leaf_weight=676 58 1180 1789 754 54 128 1401
leaf_count=676 58 1180 1789 754 54 128 1401
internal_value=1.02324e-05 -0.00509217 0.00207236 0.0259024 0.0182027 0.0592095 -0.0153319
internal_weight=6040 5046 2969 994 808 186 2077
internal_count=6040 5046 2969 994 808 186 2077
is_linear=0
shrinkage=0.01


Tree=164
num_leaves=8
num_cat=0
split_feature=22 14 77 90 25 77 32
split_gain=7992.73 3856.3 3894.54 3495.59 1487.54 1478.82 1321.78
threshold=19.203448275862073 -0.5 14.921178483134364 -0.098826997646149037 24.991666666666671 29.055222980594369 24.001830120549666
decision_type=2 2 2 2 2 2 2
left_child=1 4 -3 5 -1 -2 -5
right_child=3 2 -4 6 -6 -7 -8
leaf_value=0.039426628275377913 0.00041621578893246005 0.017407925399636717 -0.011019429145373601 0.084017390650009446 -0.015389330331172988 0.047108744901537103 0.032218657967461664
leaf_weight=50 668 1039 898 53 2592 75 665
leaf_count=50 668 1039 898 53 2592 75 665
internal_value=1.02119e-05 -0.00648776 0.0042292 0.0203715 -0.0143445 0.00515864 0.0360987
internal_weight=6040 4579 1937 1461 2642 743 718
internal_count=6040 4579 1937 1461 2642 743 718
is_linear=0
shrinkage=0.01


Tree=165
num_leaves=7
num_cat=0
split_feature=85 78 71 79 5 32
split_gain=6949.57 5049.8 4251.5 4444.16 3601.88 2603.57
threshold=26.871229101790103 7.3819490879496712 6.5425287356321844 2.7166666666666672 4.5000000000000009 26.221262846120812
decision_type=2 2 2 2 2 2
left_child=2 -2 5 -4 -3 -1
right_child=1 4 3 -5 -6 -7
leaf_value=0.0075246212920813439 0.16017571296508495 0.042644452006792309 0.026286249508559095 -0.0052672586967586598 -0.048491738659320494 -0.012864256468695519
leaf_weight=786 32 309 861 926 50 3076
leaf_count=786 32 309 861 926 50 3076
internal_value=1.0273e-05 0.0407544 -0.00281313 0.00993846 0.0299002 -0.00871412
internal_weight=6040 391 5649 1787 359 3862
internal_count=6040 391 5649 1787 359 3862
is_linear=0
shrinkage=0.01


Tree=166
num_leaves=8
num_cat=0
split_feature=17 12 28 56 17 79 39
split_gain=7618.5 3393.7 3189.94 2098.48 1366.93 1500.19 833.176
threshold=13.196928563451793 -0.12940952255126037 24.991666666666671 473.25000000000006 5.6442528735632189 2.5591954022988515 90.898275862068985
decision_type=2 2 2 2 2 2 2
left_child=4 3 -3 -2 6 -6 -1
right_child=1 2 -4 -5 5 -7 -8
leaf_value=-0.023633079759222689 -0.01601769624897886 0.11206330876668295 0.018794190415893777 0.014455022479685831 0.0016269465990654194 -0.013850355418887109 0.013508205711670961
leaf_weight=799 525 37 1713 396 1231 1274 65
leaf_count=799 525 37 1713 396 1231 1274 65
internal_value=1.0311e-05 0.0126224 0.0207979 -0.00291414 -0.00998903 -0.00624554 -0.0208321
internal_weight=6040 2671 1750 921 3369 2505 864
internal_count=6040 2671 1750 921 3369 2505 864
is_linear=0
shrinkage=0.01


Tree=167
num_leaves=8
num_cat=0
split_feature=17 12 65 36 12 15 56
split_gain=7509.84 3556.66 3000.41 2309.75 2029.45 2338.21 1748.55
threshold=23.559195402298855 -0.3794095225512602 9.7235632183908063 75.38333333333334 -0.12940952255126037 -0.8783796973249266 451.77988505747129
decision_type=2 2 2 2 2 2 2
left_child=1 3 -3 -1 6 -6 -2
right_child=4 2 -4 -5 5 -7 -8
leaf_value=0.00020606941478798428 -0.027662200911764072 -0.010292360966061887 0.010246188051174762 -0.022298244520112781 -0.0065640649945200285 0.043246833268688542 0.021439176297636635
leaf_weight=676 111 1180 1789 1401 113 563 207
leaf_count=676 111 1180 1789 1401 113 563 207
internal_value=1.02972e-05 -0.0049392 0.00208282 -0.0149753 0.0251266 0.034921 0.00428193
internal_weight=6040 5046 2969 2077 994 676 318
internal_count=6040 5046 2969 2077 994 676 318
is_linear=0
shrinkage=0.01


Tree=168
num_leaves=8
num_cat=0
split_feature=22 2 6 90 32 32 56
split_gain=7569.17 3636.39 2893.02 2798.74 2604.48 2209.28 1740.52
threshold=17.850000000000005 22.754310344827591 20.500000000000004 -0.30311997126436768 25.528594771241835 24.001830120549666 635.56666666666672
decision_type=2 2 2 2 2 2 2
left_child=1 2 -1 6 -3 -5 -2
right_child=3 4 -4 5 -6 -7 -8
leaf_value=0.00096263473159585429 -0.0045229362186698201 0.017297487030901979 0.051103623818110462 0.080933476627315884 -0.01278414131300078 0.023436569667397808 0.067768806289619121
leaf_weight=338 538 313 174 71 3520 1051 35
leaf_count=338 538 313 174 71 3520 1051 35
internal_value=1.02003e-05 -0.00698168 0.0180369 0.0179304 -0.0103256 0.0271098 -5.11047e-05
internal_weight=6040 4345 512 1695 3833 1122 573
internal_count=6040 4345 512 1695 3833 1122 573
is_linear=0
shrinkage=0.01


Tree=169
num_leaves=8
num_cat=0
split_feature=22 88 32 39 71 14 41
split_gain=7436.2 2983.23 2856.83 3614.74 3058.94 2059.15 1948.53
threshold=15.033908045977013 12.487931034482758 24.001830120549666 85.169540229885072 15.466205121277534 -0.5 22.065035092114531
decision_type=2 2 2 2 2 2 2
left_child=1 5 3 -2 -4 -1 -3
right_child=2 6 4 -5 -6 -7 -8
leaf_value=-0.016355823978714223 0.022527272308542883 0.10158996466984825 0.0067814298619456219 0.1358856505166082 0.041066219988800529 -0.00077939365722443316 0.015679223000643117
leaf_weight=2263 84 31 1793 42 304 1358 165
leaf_count=2263 84 31 1793 42 304 1358 165
internal_value=1.02863e-05 -0.00845703 0.0145479 0.0607051 0.0117605 -0.0105152 0.0294936
internal_weight=6040 3817 2223 126 2097 3621 196
internal_count=6040 3817 2223 126 2097 3621 196
is_linear=0
shrinkage=0.01


Tree=170
num_leaves=8
num_cat=0
split_feature=17 12 67 45 7 24 36
split_gain=7129.29 3451.66 3039.6 2445.92 2701.04 2435.31 2239.68
threshold=23.559195402298855 -0.3794095225512602 6.7166666666666677 22.004524886877832 10.500000000000002 9.7669802865664632 75.38333333333334
decision_type=2 2 2 2 2 2 2
left_child=1 6 -3 5 -5 -2 -1
right_child=3 2 -4 4 -6 -7 -8
leaf_value=0.00025041378815007906 0.11064941324433711 -0.0055726036554669209 0.015434846564693886 0.021884376087539299 -0.050418145014107359 0.03254676211993518 -0.021909895785134307
leaf_weight=676 58 1884 1085 753 55 128 1401
leaf_count=676 58 1884 1085 753 55 128 1401
internal_value=1.04396e-05 -0.00481202 0.00210556 0.0244821 0.016934 0.0571354 -0.0146988
internal_weight=6040 5046 2969 994 808 186 2077
internal_count=6040 5046 2969 994 808 186 2077
is_linear=0
shrinkage=0.01


Tree=171
num_leaves=8
num_cat=0
split_feature=22 14 77 90 55 25 32
split_gain=7205.94 3544.11 3779.96 3264.95 1581.55 1444.6 1240.77
threshold=19.203448275862073 -0.5 14.921178483134364 -0.098826997646149037 696.78448275862081 24.991666666666671 24.001830120549666
decision_type=2 2 2 2 2 2 2
left_child=1 5 -3 4 -2 -1 -5
right_child=3 2 -4 6 -6 -7 -8
leaf_value=0.039296650704475911 0.0014224302527810421 0.017097982170776127 -0.010908074620020724 0.080967631041446581 0.070759104804716241 -0.014721151652515273 0.030784274981704916
leaf_weight=50 709 1039 898 53 34 2592 665
leaf_count=50 709 1039 898 53 34 2592 665
internal_value=1.04212e-05 -0.00615944 0.00411455 0.0193436 0.00464143 -0.0136914 0.0345431
internal_weight=6040 4579 1937 1461 743 2642 718
internal_count=6040 4579 1937 1461 743 2642 718
is_linear=0
shrinkage=0.01


Tree=172
num_leaves=7
num_cat=0
split_feature=22 6 73 2 78 67
split_gain=7078.25 3321.01 3525.62 2791.97 2371.14 1282.57
threshold=14.135632183908047 30.500000000000004 28.700537738005035 24.438888888888894 12.974319171583907 16.118390804597706
decision_type=2 2 2 2 2 2
left_child=3 2 -2 4 -1 -5
right_child=1 -3 -4 5 -6 -7
leaf_value=0.011969126602784732 0.010316686423066258 -0.061260154361398818 0.046612448248430728 -0.01462241732038797 -0.048991224573456123 0.040127518823777124
leaf_weight=779 2069 58 307 2715 69 43
leaf_count=779 2069 58 307 2715 69 43
internal_value=1.04972e-05 0.0131855 0.0150154 -0.00888287 0.00698237 -0.0137615
internal_weight=6040 2434 2376 3606 848 2758
internal_count=6040 2434 2376 3606 848 2758
is_linear=0
shrinkage=0.01


Tree=173
num_leaves=8
num_cat=0
split_feature=22 45 88 80 12 32 73
split_gain=6946.82 3454.33 3206.15 3140.18 2926.68 1424.66 1368.07
threshold=19.203448275862073 22.004524886877832 -2.3637931034482755 42.769764969313393 -0.3794095225512602 24.001830120549666 29.034654659277503
decision_type=2 2 2 2 2 2 2
left_child=1 3 6 -1 -3 -4 -2
right_child=2 4 5 -5 -6 -7 -8
leaf_value=0.075285660256419279 -0.00097820018290845274 -0.018373776514049197 0.085775481332056577 0.0074531807572373755 -0.0014481916843476323 0.03050086131184214 0.035359320808036124
leaf_weight=85 643 1810 50 339 2345 645 123
leaf_count=85 643 1810 50 339 2345 645 123
internal_value=1.03791e-05 -0.00604753 0.0189927 0.0211255 -0.00882275 0.034537 0.00487528
internal_weight=6040 4579 1461 424 4155 695 766
internal_count=6040 4579 1461 424 4155 695 766
is_linear=0
shrinkage=0.01


Tree=174
num_leaves=7
num_cat=0
split_feature=22 6 73 88 92 92
split_gain=6820.6 3258.96 3407.66 2645.59 2109.63 1723.23
threshold=14.135632183908047 30.500000000000004 28.700537738005035 12.487931034482758 19.228655555555559 17.464577777777784
decision_type=2 2 2 2 2 2
left_child=3 2 -2 5 -5 -1
right_child=1 -3 -4 4 -6 -7
leaf_value=0.013525757369752318 0.010136755654884682 -0.060803340797750363 0.045820173012677254 0.094088053814776529 0.010760399505444818 -0.012777970024322667
leaf_weight=270 2069 58 307 38 145 3153
leaf_count=270 2069 58 307 38 145 3153
internal_value=1.04529e-05 0.0129434 0.0147562 -0.00871956 0.0282754 -0.0107014
internal_weight=6040 2434 2376 3606 183 3423
internal_count=6040 2434 2376 3606 183 3423
is_linear=0
shrinkage=0.01


Tree=175
num_leaves=8
num_cat=0
split_feature=59 12 67 36 5 3 6
split_gain=5957.1 3776.21 3648.09 2167.66 1832.11 2762.36 1958.78
threshold=21.779885057471265 -0.3794095225512602 5.406896551724139 75.38333333333334 3.5000000000000004 454.87931034482762 20.500000000000004
decision_type=2 2 2 2 2 2 2
left_child=1 3 -3 -1 5 -2 -6
right_child=4 2 -4 -5 6 -7 -8
leaf_value=0.00016632546552638653 -0.00079722316503524784 -0.0079155937122130076 0.013435739823831614 -0.021425058398415228 0.027252595820001564 0.05788238831889049 -0.021724138867478128
leaf_weight=699 112 1552 1651 1388 230 282 126
leaf_count=699 112 1552 1651 1388 230 282 126
internal_value=1.04334e-05 -0.00372964 0.00309027 -0.0141949 0.026376 0.0412208 0.00991057
internal_weight=6040 5290 3203 2087 750 394 356
internal_count=6040 5290 3203 2087 750 394 356
is_linear=0
shrinkage=0.01


Tree=176
num_leaves=7
num_cat=0
split_feature=85 78 12 65 5 92
split_gain=5976.51 4960.32 4662.23 3688.26 3393.81 1982.73
threshold=26.871229101790103 7.3819490879496712 -0.3794095225512602 9.7235632183908063 4.5000000000000009 17.464577777777784
decision_type=2 2 2 2 2 2
left_child=2 -2 5 -4 -3 -1
right_child=1 4 3 -5 -6 -7
leaf_value=0.0082200309469239556 0.15614401104266828 0.039413824277398854 -0.0097993971139024322 0.011821467718039045 -0.049043739422713173 -0.018395012306930955
leaf_weight=331 32 309 1195 2320 50 1803
leaf_count=331 32 309 1195 2320 50 1803
internal_value=1.03671e-05 0.0377945 -0.00260792 0.0044705 0.0270414 -0.0142656
internal_weight=6040 391 5649 3515 359 2134
internal_count=6040 391 5649 3515 359 2134
is_linear=0
shrinkage=0.01


Tree=177
num_leaves=8
num_cat=0
split_feature=22 71 12 88 32 41 56
split_gain=6504.58 3329.39 4293.06 3088.11 1648.34 1543.76 1457.55
threshold=19.203448275862073 6.5807864539012151 -0.3794095225512602 -2.3637931034482755 26.221262846120812 26.996282320110286 635.56666666666672
decision_type=2 2 2 2 2 2 2
left_child=1 4 -3 6 -1 -5 -2
right_child=3 2 -4 5 -6 -7 -8
leaf_value=0.0035133965103054331 -0.00016646179146116428 -0.012066074672763992 0.026602653879564918 0.040161225939439264 -0.014165075441899978 -0.00036572743760214911 0.045060621051668373
leaf_weight=651 687 531 624 583 2773 112 79
leaf_count=651 687 531 624 583 2773 112 79
internal_value=1.03779e-05 -0.00585154 0.00882712 0.0183786 -0.0108037 0.033634 0.00452365
internal_weight=6040 4579 1155 1461 3424 695 766
internal_count=6040 4579 1155 1461 3424 695 766
is_linear=0
shrinkage=0.01


Tree=178
num_leaves=8
num_cat=0
split_feature=22 46 90 77 55 41 11
split_gain=6375.29 3807.57 3000.01 2665.99 1505.05 1306.39 859.164
threshold=19.203448275862073 25.016666666666669 -0.098826997646149037 14.921178483134364 696.78448275862081 26.996282320110286 -0.60355339059327362
decision_type=2 2 2 2 2 2 2
left_child=1 3 4 -1 -2 -4 -3
right_child=2 6 5 -5 -6 -7 -8
leaf_value=0.013811920601574733 0.00096244590270048807 -0.0047178443926120988 0.038742280279412608 -0.0097637261844343692 0.068600895511931256 0.0023316276504772122 -0.017511280997871009
leaf_weight=1217 709 736 600 791 34 118 1835
leaf_count=1217 709 736 600 791 34 118 1835
internal_value=1.03466e-05 -0.00579302 0.0181951 0.00452453 0.00410234 0.0327648 -0.0138507
internal_weight=6040 4579 1461 2008 743 718 2571
internal_count=6040 4579 1461 2008 743 718 2571
is_linear=0
shrinkage=0.01


Tree=179
num_leaves=8
num_cat=0
split_feature=22 17 2 88 76 48 36
split_gain=6281.81 2742.08 2610.25 2725.42 2176.32 1445.89 1176.53
threshold=14.135632183908047 36.276854925394737 24.438888888888894 12.778160919540232 43.890000000000008 22.627011494252876 83.750000000000014
decision_type=2 2 2 2 2 2 2
left_child=2 4 3 -1 -2 -3 -4
right_child=1 5 6 -5 -6 -7 -8
leaf_value=0.0019604021880397248 0.015010938638880702 0.090423923500871237 -0.007499477012039713 0.071085059576887433 -0.0075708351023203906 0.030912493253083709 -0.020726960685131322
leaf_weight=787 1652 56 1594 61 575 151 1164
leaf_count=787 1652 56 1594 61 575 151 1164
internal_value=1.03205e-05 0.012422 -0.00836778 0.00697236 0.00917983 0.0471937 -0.013085
internal_weight=6040 2434 3606 848 2227 207 2758
internal_count=6040 2434 3606 848 2227 207 2758
is_linear=0
shrinkage=0.01


Tree=180
num_leaves=8
num_cat=0
split_feature=22 2 77 32 90 32 47
split_gain=6165.25 3204.38 2835.22 2451.53 2446.75 2382.85 1801.19
threshold=17.850000000000005 22.754310344827591 14.921178483134364 25.528594771241835 -0.34484954514984772 23.001575694093908 26.898275862068967
decision_type=2 2 2 2 2 2 2
left_child=1 2 -1 -3 6 -6 -2
right_child=4 3 -4 -5 5 -7 -8
leaf_value=0.045472114602392789 -0.0081204007656203846 0.017360478192918371 -0.0023667280026074787 -0.011824209993516665 0.1101025524252937 0.021871782613820664 0.051162844719575801
leaf_weight=209 471 313 303 3520 31 1136 57
leaf_count=209 471 313 303 3520 31 1136 57
internal_value=1.03618e-05 -0.00629985 0.0171856 -0.00943893 0.0161835 0.0242621 -0.00167721
internal_weight=6040 4345 512 3833 1695 1167 528
internal_count=6040 4345 512 3833 1695 1167 528
is_linear=0
shrinkage=0.01


Tree=181
num_leaves=7
num_cat=0
split_feature=22 6 67 46 59 11
split_gain=6056.43 3147.04 2915.32 2740.11 2656.83 801.79
threshold=15.033908045977013 30.500000000000004 5.3166666666666673 25.016666666666669 15.604249949850432 -0.60355339059327362
decision_type=2 2 2 2 2 2
left_child=3 2 -2 4 -1 -5
right_child=1 -3 -4 5 -6 -7
leaf_value=-0.0030962428561176038 -0.0073954251257842551 -0.063385333074842176 0.020976383927270335 -0.0049435308506520833 0.033029203121142318 -0.018603754587164435
leaf_weight=1390 459 52 1712 588 238 1601
leaf_count=1390 459 52 1712 588 238 1601
internal_value=1.04442e-05 0.0131303 0.0149774 -0.00763105 0.00219321 -0.0149366
internal_weight=6040 2223 2171 3817 1628 2189
internal_count=6040 2223 2171 3817 1628 2189
is_linear=0
shrinkage=0.01


Tree=182
num_leaves=7
num_cat=0
split_feature=22 46 76 6 66 23
split_gain=5955.52 3598.05 2539.52 2113.23 2407.64 835.21
threshold=19.203448275862073 25.016666666666669 43.981527093596064 30.500000000000004 12.126991381714562 8.2034482758620708
decision_type=2 2 2 2 2 2
left_child=1 2 -1 4 -2 -3
right_child=3 5 -4 -5 -6 -7
leaf_value=0.0088270142307080787 0.017005984266594491 -0.020022339676215275 -0.024319301201076043 -0.055548385168050787 0.086039996854748044 -0.0084977016681414448
leaf_weight=1742 1371 1100 266 38 52 1471
leaf_count=1742 1371 1100 266 38 52 1471
internal_value=1.03005e-05 -0.00559875 0.00443091 0.0175862 0.0195583 -0.0134316
internal_weight=6040 4579 2008 1461 1423 2571
internal_count=6040 4579 2008 1461 1423 2571
is_linear=0
shrinkage=0.01


Tree=183
num_leaves=8
num_cat=0
split_feature=85 76 71 80 70 76 8
split_gain=5549.37 5405.32 7597.54 3654.31 4385.17 2185.46 1649.76
threshold=26.871229101790103 43.981527093596064 6.6380952380952394 50.385662431941931 8.4303789491364007 44.18390804597702 1.0000000180025095e-35
decision_type=2 2 2 2 2 2 2
left_child=1 2 -1 4 -2 -3 -5
right_child=3 5 -4 6 -6 -7 -8
leaf_value=-0.0066482583184717193 0.036274229635625349 -0.09535147490206454 0.020900642908441316 0.022255514496860723 0.14974625297773234 -0.025242556360334133 -0.054407138993189878
leaf_weight=3677 102 48 1375 206 51 549 32
leaf_count=3677 102 48 1375 206 51 549 32
internal_value=1.01987e-05 -0.00251278 0.000850938 0.0364191 0.0744661 -0.0309554 0.0118534
internal_weight=6040 5649 5052 391 153 597 238
internal_count=6040 5649 5052 391 153 597 238
is_linear=0
shrinkage=0.01


Tree=184
num_leaves=7
num_cat=0
split_feature=22 6 73 88 46 14
split_gain=5806.27 3028.24 3073.27 2447.32 2318.8 1470.04
threshold=14.135632183908047 30.500000000000004 28.700537738005035 12.487931034482758 25.33908045977012 0.25000000000000017
decision_type=2 2 2 2 2 2
left_child=3 2 -2 5 -5 -1
right_child=1 -3 -4 4 -6 -7
leaf_value=-0.013628327297321956 0.009303428210849566 -0.059144734757578268 0.043190637328118335 0.05233003982503405 -0.02329366130474185 0.0017239244657135605
leaf_weight=2603 2069 58 307 123 60 820
leaf_count=2603 2069 58 307 123 60 820
internal_value=1.01353e-05 0.0119427 0.0136903 -0.00804461 0.0275367 -0.00995074
internal_weight=6040 2434 2376 3606 183 3423
internal_count=6040 2434 2376 3606 183 3423
is_linear=0
shrinkage=0.01


Tree=185
num_leaves=8
num_cat=0
split_feature=17 12 67 35 36 11 77
split_gain=5717.64 3047.54 3356.79 1836.31 1446.27 1370.96 684.443
threshold=13.196928563451793 -0.12940952255126037 5.406896551724139 74.101724137931043 54.169540229885065 0.91597561503675362 16.305993249298371
decision_type=2 2 2 2 2 2 2
left_child=4 3 -3 -2 6 -6 -1
right_child=1 2 -4 -5 5 -7 -8
leaf_value=0.036469520899756198 0.010684461533227671 -0.007963180528211114 0.025877501375905665 -0.017549828312626831 -0.011854268125063603 0.013823855105462491 -0.0086512501530054183
leaf_weight=101 449 372 1378 472 2995 223 50
leaf_count=101 449 372 1378 472 2995 223 50
internal_value=1.00426e-05 0.0109361 0.0186834 -0.00378636 -0.00865249 -0.0100728 0.0215463
internal_weight=6040 2671 1750 921 3369 3218 151
internal_count=6040 2671 1750 921 3369 3218 151
is_linear=0
shrinkage=0.01


Tree=186
num_leaves=8
num_cat=0
split_feature=12 67 28 41 72 11 54
split_gain=5335.07 6403.47 2350.23 1929.39 1580.73 1275.79 1269.94
threshold=-0.3794095225512602 6.7166666666666677 24.991666666666671 22.081717770720331 38.366666666666674 -0.25881904510252113 434.2036616161617
decision_type=2 2 2 2 2 2 2
left_child=3 4 -3 6 -2 -5 -1
right_child=1 2 -4 5 -6 -7 -8
leaf_value=0.034083277083641693 -0.0074789590105533103 0.088542938287895515 0.019282959578393696 -0.0041177812242322691 0.025050683185504029 -0.020903411643781289 -0.012094583774534401
leaf_weight=140 1851 50 1703 682 162 1349 103
leaf_count=140 1851 50 1703 682 162 1349 103
internal_value=9.97513e-06 0.00731286 0.0212834 -0.0120832 -0.00485526 -0.0152695 0.0145232
internal_weight=6040 3766 1753 2274 2013 2031 243
internal_count=6040 3766 1753 2274 2013 2031 243
is_linear=0
shrinkage=0.01


Tree=187
num_leaves=8
num_cat=0
split_feature=22 45 77 88 36 42 55
split_gain=5552.16 3017.4 3240.22 2839.91 2185.49 1371.43 1294.87
threshold=19.203448275862073 22.004524886877832 14.901180573656983 -2.3637931034482755 60.766063348416296 26.996282320110286 696.78448275862081
decision_type=2 2 2 2 2 2 2
left_child=1 2 -1 6 -3 -5 -2
right_child=3 4 -4 5 -6 -7 -8
leaf_value=0.052899580287691372 0.0009142738253858396 0.0094778115804033339 -0.0031959099206020814 0.037696218266020216 -0.0110080530997237 -0.00077947247594729809 0.064492134233019249
leaf_weight=175 733 610 249 585 3545 110 33
leaf_count=175 733 610 249 585 3545 110 33
internal_value=9.97582e-06 -0.0054058 0.0199906 0.0169802 -0.0079996 0.0316096 0.0036942
internal_weight=6040 4579 424 1461 4155 695 766
internal_count=6040 4579 424 1461 4155 695 766
is_linear=0
shrinkage=0.01


Tree=188
num_leaves=8
num_cat=0
split_feature=17 12 67 45 14 24 36
split_gain=5451.79 2858.45 2456.93 2230.4 2486.49 2272.67 1954.82
threshold=23.559195402298855 -0.3794095225512602 3.7459770114942534 22.004524886877832 0.93301270189221952 9.7669802865664632 75.38333333333334
decision_type=2 2 2 2 2 2 2
left_child=1 6 -3 5 -5 -2 -1
right_child=3 2 -4 4 -6 -7 -8
leaf_value=0.00076153628708187612 0.10427622446850836 -0.014042334875686581 0.007216399798921279 0.01886160214814098 -0.051696802474627983 0.028849933129804141 -0.019941224809322682
leaf_weight=676 58 716 2253 755 53 128 1401
leaf_count=676 58 716 2253 755 53 128 1401
internal_value=1.00015e-05 -0.0042071 0.002088 0.0214098 0.0142037 0.0525891 -0.0132043
internal_weight=6040 5046 2969 994 808 186 2077
internal_count=6040 5046 2969 994 808 186 2077
is_linear=0
shrinkage=0.01


Tree=189
num_leaves=7
num_cat=0
split_feature=22 6 29 2 88 36
split_gain=5378.17 2948.37 2603.52 2348.91 2533.6 1091.48
threshold=14.135632183908047 30.500000000000004 23.762643678160924 24.438888888888894 12.778160919540232 84.576436781609218
decision_type=2 2 2 2 2 2
left_child=3 2 -2 4 -1 -5
right_child=1 -3 -4 5 -6 -7
leaf_value=0.0019772974613535082 0.078544007441576788 -0.058649016029814371 0.011538441865321372 -0.0071661719779639614 0.068625024752888258 -0.020057098502063088
leaf_weight=787 59 58 2317 1678 61 1080
leaf_count=787 59 58 2317 1678 61 1080
internal_value=9.96378e-06 0.0114942 0.0132187 -0.00774215 0.00680974 -0.012217
internal_weight=6040 2434 2376 3606 848 2758
internal_count=6040 2434 2376 3606 848 2758
is_linear=0
shrinkage=0.01


Tree=190
num_leaves=8
num_cat=0
split_feature=22 45 80 88 12 41 55
split_gain=5302.16 2890.69 2892.69 2758.27 2476.21 1458.47 1267.71
threshold=19.203448275862073 22.004524886877832 42.769764969313393 -2.3637931034482755 -0.12940952255126037 26.996282320110286 696.78448275862081
decision_type=2 2 2 2 2 2 2
left_child=1 2 -1 6 -3 -5 -2
right_child=3 4 -4 5 -6 -7 -8
leaf_value=0.071556432180585924 0.00074964022520109354 -0.015292912740615441 0.0064534713084506354 0.037355756116078102 0.00015376949017194375 -0.0020287375785244836 0.06365697190298962
leaf_weight=85 733 2145 339 583 2010 112 33
leaf_count=85 733 2145 339 583 2010 112 33
internal_value=9.92602e-06 -0.00528251 0.0195749 0.0165937 -0.00782127 0.0310113 0.00350016
internal_weight=6040 4579 424 1461 4155 695 766
internal_count=6040 4579 424 1461 4155 695 766
is_linear=0
shrinkage=0.01


Tree=191
num_leaves=8
num_cat=0
split_feature=17 17 74 53 36 11 66
split_gain=5213.51 2557.94 2311.75 1650.24 1377.23 1302.28 675.015
threshold=13.196928563451793 36.276854925394737 8.8177572839862517 533.22011494252888 54.169540229885065 0.91597561503675362 3.1524854430823477
decision_type=2 2 2 2 2 2 2
left_child=4 2 -2 -3 6 -6 -1
right_child=1 3 -4 -5 5 -7 -8
leaf_value=-0.00095976896080477499 0.012866627466714979 0.027667297897609563 -0.010025965055165354 0.091795996032442359 -0.011384176435028478 0.013642367383777694 0.041295214035882141
leaf_weight=72 1868 174 577 52 2995 223 79
leaf_count=72 1868 174 577 52 2995 223 79
internal_value=9.96387e-06 0.0104432 0.00746301 0.0425948 -0.00826186 -0.00964789 0.0212072
internal_weight=6040 2671 2445 226 3369 3218 151
internal_count=6040 2671 2445 226 3369 3218 151
is_linear=0
shrinkage=0.01


Tree=192
num_leaves=7
num_cat=0
split_feature=85 76 69 78 5 76
split_gain=5056.77 5413.12 5596.89 4768.13 3088.22 2139.07
threshold=26.871229101790103 43.981527093596064 11.321612445265464 7.3819490879496712 4.5000000000000009 44.18390804597702
decision_type=2 2 2 2 2 2
left_child=1 2 -1 -2 -5 -3
right_child=3 5 -4 4 -6 -7
leaf_value=-0.010493871935827988 0.15079233177258419 -0.094571435444748289 0.010631618691686953 0.036030254343936828 -0.048345614862914131 -0.025209334937452227
leaf_weight=2311 32 48 2741 309 50 549
leaf_count=2311 32 48 2741 309 50 549
internal_value=1.00016e-05 -0.0023984 0.000967738 0.0347654 0.0242265 -0.0308615
internal_weight=6040 5649 5052 391 359 597
internal_count=6040 5649 5052 391 359 597
is_linear=0
shrinkage=0.01


Tree=193
num_leaves=7
num_cat=0
split_feature=85 76 71 75 45 76
split_gain=4956.65 5305.74 6898.99 2889.45 2507.79 2097.08
threshold=26.871229101790103 43.981527093596064 6.6380952380952394 7.0166666666666675 22.122127329192548 44.18390804597702
decision_type=2 2 2 2 2 2
left_child=1 2 -1 -2 -5 -3
right_child=3 5 -4 4 -6 -7
leaf_value=-0.0061880834648921261 0.11130362295145275 -0.093635470596554971 0.020063813310325071 0.080021429072645381 0.011720757483143723 -0.024957470968514816
leaf_weight=3677 43 48 1375 66 282 549
leaf_count=3677 43 48 1375 66 282 549
internal_value=9.91545e-06 -0.00237452 0.00095806 0.0344195 0.024772 -0.0305539
internal_weight=6040 5649 5052 391 348 597
internal_count=6040 5649 5052 391 348 597
is_linear=0
shrinkage=0.01


Tree=194
num_leaves=7
num_cat=0
split_feature=85 76 67 78 5 76
split_gain=4858.74 5200.49 5595.36 4636.17 3011.94 2055.92
threshold=26.871229101790103 43.981527093596064 6.7342387746891648 7.3819490879496712 4.5000000000000009 44.18390804597702
decision_type=2 2 2 2 2 2
left_child=1 2 -1 -2 -5 -3
right_child=3 5 -4 4 -6 -7
leaf_value=-0.0075140579573847125 0.14848746305497793 -0.092708769059058324 0.014033582086255549 0.035343515437138484 -0.047982992313876011 -0.024708123273544144
leaf_weight=3068 32 48 1984 309 50 549
leaf_count=3068 32 48 1984 309 50 549
internal_value=9.89773e-06 -0.00235087 0.000948492 0.034078 0.0236862 -0.0302494
internal_weight=6040 5649 5052 391 359 597
internal_count=6040 5649 5052 391 359 597
is_linear=0
shrinkage=0.01


Tree=195
num_leaves=8
num_cat=0
split_feature=22 46 90 32 71 2 11
split_gain=5008.53 3261.16 2565.37 2392.34 1453.97 1349.11 774.095
threshold=19.203448275862073 25.016666666666669 -0.098826997646149037 27.969444444444445 7.4248269305741905 26.762643678160924 -0.60355339059327362
decision_type=2 2 2 2 2 2 2
left_child=1 3 4 -1 -2 -4 -3
right_child=2 6 5 -5 -6 -7 -8
leaf_value=0.015556813319181967 0.017436231739813911 -0.0039227053222713713 0.036846890313197538 -0.0062730397670255067 -0.010531991257560517 0.0036709160273037263 -0.016065717500013694
leaf_weight=983 362 736 561 1025 381 157 1835
leaf_count=983 362 736 561 1025 381 157 1835
internal_value=9.81776e-06 -0.00513398 0.0161279 0.00441455 0.00309641 0.0296008 -0.0125912
internal_weight=6040 4579 1461 2008 743 718 2571
internal_count=6040 4579 1461 2008 743 718 2571
is_linear=0
shrinkage=0.01


Tree=196
num_leaves=7
num_cat=0
split_feature=22 6 73 2 88 28
split_gain=4930.57 2838.1 2725.16 2241.74 2441.36 999.959
threshold=14.135632183908047 30.500000000000004 28.700537738005035 24.438888888888894 12.778160919540232 28.575000000000003
decision_type=2 2 2 2 2 2
left_child=3 2 -2 4 -1 -5
right_child=1 -3 -4 5 -6 -7
leaf_value=0.0020594686117295234 0.0085667614194547756 -0.057812857456696343 0.040476985197871684 -0.017075754369905743 0.067482990144714108 -0.004929952550073796
leaf_weight=787 2069 58 307 1556 61 1202
leaf_count=787 2069 58 307 1556 61 1202
internal_value=9.74909e-06 0.0110058 0.0126977 -0.00741277 0.00680322 -0.0117844
internal_weight=6040 2434 2376 3606 848 2758
internal_count=6040 2434 2376 3606 848 2758
is_linear=0
shrinkage=0.01


Tree=197
num_leaves=8
num_cat=0
split_feature=22 32 39 71 2 88 36
split_gain=4832.4 2626.76 3487.6 2402.22 2197.24 2393.18 1034.6
threshold=14.135632183908047 24.001830120549666 85.169540229885072 15.466205121277534 24.438888888888894 12.778160919540232 84.576436781609218
decision_type=2 2 2 2 2 2 2
left_child=4 2 -2 -3 5 -1 -6
right_child=1 3 -4 -5 6 -7 -8
leaf_value=0.0020388870639909827 0.01699704661409597 0.0043304347118974006 0.1226333625718167 0.034491567303785942 -0.0067492160614573537 0.06681364552955317 -0.019299550010118079
leaf_weight=787 92 1991 47 304 1678 61 1080
leaf_count=787 92 1991 47 304 1678 61 1080
internal_value=9.68369e-06 0.0108957 0.0530309 0.0083325 -0.00733857 0.00673561 -0.0116666
internal_weight=6040 2434 139 2295 3606 848 2758
internal_count=6040 2434 139 2295 3606 848 2758
is_linear=0
shrinkage=0.01


Tree=198
num_leaves=8
num_cat=0
split_feature=45 13 39 69 80 69 21
split_gain=4740.11 3567.76 3465.57 3273.36 2541.36 3085.56 993.502
threshold=22.004524886877832 0.68301270189221941 83.627011494252898 20.897809938293484 42.769764969313393 30.429604806113428 12.525287356321842
decision_type=2 2 2 2 2 2 2
left_child=4 2 -2 -3 6 -6 -1
right_child=1 3 -4 -5 5 -7 -8
leaf_value=0.028535186790967289 -0.014827489080467372 0.00082997482421693703 0.0035563196142909472 0.036782204411775078 0.0077786439088466646 0.081513399783955068 0.091955380796540725
leaf_weight=39 2504 778 1736 375 474 64 70
leaf_count=39 2504 778 1736 375 474 64 70
internal_value=9.7725e-06 -0.00305934 -0.00730088 0.0125343 0.0255754 0.0166185 0.0695022
internal_weight=6040 5393 4240 1153 647 538 109
internal_count=6040 5393 4240 1153 647 538 109
is_linear=0
shrinkage=0.01


Tree=199
num_leaves=7
num_cat=0
split_feature=69 79 71 77 66 80
split_gain=4324.62 3357.59 5914.65 3580.84 1821.32 1195.45
threshold=27.288454241794451 2.5591954022988515 3.5833333333333339 29.055222980594369 12.126991381714562 49.792857142857152
decision_type=2 2 2 2 2 2
left_child=1 2 -1 -3 5 -2
right_child=4 3 -4 -5 -6 -7
leaf_value=-0.010188291009188048 0.046484016965519306 -0.011856871266327229 0.018402956549029986 0.06723454366076706 0.087616864398845196 0.0082666079536519704
leaf_weight=1339 137 2679 1573 58 51 203
leaf_count=1339 137 2679 1573 58 51 203
internal_value=9.87437e-06 -0.00221735 0.00525642 -0.0101687 0.0321509 0.0237131
internal_weight=6040 5649 2912 2737 391 340
internal_count=6040 5649 2912 2737 391 340
is_linear=0
shrinkage=0.01


Tree=200
num_leaves=8
num_cat=0
split_feature=12 71 73 71 36 90 73
split_gain=4772.7 4805.73 4382.63 3053.81 2342.13 1521.42 671.625
threshold=-0.3794095225512602 6.5425287356321844 21.101281130268202 7.3000000000000007 75.758156498673756 1.1190989886965221 25.492810061363084
decision_type=2 2 2 2 2 2 2
left_child=4 2 -2 -3 5 -1 -6
right_child=1 3 -4 -5 6 -7 -8
leaf_value=-0.0014948070923759948 -0.0033569995194890185 0.058182735109574432 0.10706755043219213 0.015685532821234451 -0.020585314983569244 0.048900429908555879 0.0044382465258080818
leaf_weight=701 2351 197 36 1182 1392 65 116
leaf_count=701 2351 197 36 1182 1392 65 116
internal_value=9.94778e-06 0.00691722 -0.00166933 0.0217758 -0.0114281 0.00281001 -0.0186593
internal_weight=6040 3766 2387 1379 2274 766 1508
internal_count=6040 3766 2387 1379 2274 766 1508
is_linear=0
shrinkage=0.01


Tree=201
num_leaves=8
num_cat=0
split_feature=12 71 71 69 36 90 53
split_gain=4677.81 4710.12 2993.24 2627.84 2295.6 1491.37 605.449
threshold=-0.3794095225512602 6.5425287356321844 7.3000000000000007 20.299444898100223 75.758156498673756 1.1190989886965221 368.98333333333341
decision_type=2 2 2 2 2 2 2
left_child=4 3 -3 -2 5 -1 -6
right_child=1 2 -4 -5 6 -7 -8
leaf_value=-0.0014798697220242544 -0.0028844804771440634 0.057602380359606659 0.015528743898759283 0.087653957870373347 -0.026047409192003365 0.048415158138020352 -0.013157331207263954
leaf_weight=701 2355 197 1182 32 621 65 887
leaf_count=701 2355 197 1182 32 621 65 887
internal_value=1.0022e-05 0.00684829 0.0215583 -0.00165241 -0.0113137 0.00278221 -0.0184727
internal_weight=6040 3766 1379 2387 2274 766 1508
internal_count=6040 3766 1379 2387 2274 766 1508
is_linear=0
shrinkage=0.01


Tree=202
num_leaves=8
num_cat=0
split_feature=12 67 28 68 2 54 35
split_gain=4584.82 5404.13 2238.48 1725.44 1722.32 1192.43 1062.21
threshold=-0.3794095225512602 6.7166666666666677 24.991666666666671 39.000000000000007 22.081717770720331 434.2036616161617 74.746666666666684
decision_type=2 2 2 2 2 2 2
left_child=4 3 -3 -2 5 -1 -6
right_child=1 2 -4 -5 6 -7 -8
leaf_value=0.033078096596090172 -0.0056896730019932295 0.085252019130947571 0.017662328057847523 0.061905709640739798 -0.0074789293528987411 -0.012385054878625774 -0.021968643826216154
leaf_weight=139 1975 50 1703 38 1097 98 940
leaf_count=139 1975 50 1703 38 1097 98 940
internal_value=1.00581e-05 0.00678001 0.0196142 -0.00439835 -0.0112006 0.0142904 -0.0141694
internal_weight=6040 3766 1753 2013 2274 237 2037
internal_count=6040 3766 1753 2013 2274 237 2037
is_linear=0
shrinkage=0.01


Tree=203
num_leaves=8
num_cat=0
split_feature=22 46 77 88 2 56 73
split_gain=4463.1 2993.51 2579.79 2487.95 1454.89 1223.58 775.438
threshold=19.203448275862073 25.016666666666669 14.921178483134364 -2.3637931034482755 26.762643678160924 635.56666666666672 15.940194218731083
decision_type=2 2 2 2 2 2 2
left_child=1 2 -1 5 -5 -2 -3
right_child=3 6 -4 4 -6 -7 -8
leaf_value=0.01343878134316564 -0.0015060658353404565 -0.010046384238461822 -0.0097526007593337002 0.036437874568563344 0.0010927394515888055 0.039931708536198679 -0.027534988210962244
leaf_weight=1217 687 2286 791 547 148 79 285
leaf_count=1217 687 2286 791 547 148 79 285
internal_value=1.00811e-05 -0.00484556 0.00430273 0.0152252 0.0289181 0.00279015 -0.0119902
internal_weight=6040 4579 2008 1461 695 766 2571
internal_count=6040 4579 2008 1461 695 766 2571
is_linear=0
shrinkage=0.01


Tree=204
num_leaves=8
num_cat=0
split_feature=12 67 36 6 67 78 73
split_gain=4460.77 5252.81 2217.94 2069.28 1506.73 1422.93 647.18
threshold=-0.3794095225512602 6.7166666666666677 75.758156498673756 29.500000000000004 14.714063874874991 13.568952538269459 25.492810061363084
decision_type=2 2 2 2 2 2 2
left_child=2 5 4 -3 -1 -2 -4
right_child=1 3 6 -5 -6 -7 -8
leaf_value=-0.0015476131279812361 -0.0032384285481312316 0.022313228614730708 -0.019975480467374011 -0.020319081502058065 0.047925762900158209 -0.06896375693569877 0.0045876623275070234
leaf_weight=699 1980 1631 1392 122 67 33 116
leaf_count=699 1980 1631 1392 122 67 33 116
internal_value=1.00143e-05 0.00668776 -0.0110479 0.019341 0.00280748 -0.004333 -0.0180848
internal_weight=6040 3766 2274 1753 766 2013 1508
internal_count=6040 3766 2274 1753 766 2013 1508
is_linear=0
shrinkage=0.01


Tree=205
num_leaves=8
num_cat=0
split_feature=12 67 36 79 80 67 40
split_gain=4371.92 5148.37 2173.87 1865.76 1680.65 1476.96 637.939
threshold=-0.3794095225512602 6.7166666666666677 75.758156498673756 6.8500000000000005 27.758620689655178 14.714063874874991 93.932183908045985
decision_type=2 2 2 2 2 2 2
left_child=2 4 5 -3 -2 -1 -4
right_child=1 3 6 -5 -6 -7 -8
leaf_value=-0.0015321480589569297 -0.026145862368005448 0.022983671197565548 -0.018833287040026788 -0.0085739581353561096 -0.00047035804164119791 0.047450055585525654 0.027421576125699967
leaf_weight=699 299 1540 1478 213 1714 67 30
leaf_count=699 299 1540 1478 213 1714 67 30
internal_value=9.87917e-06 0.00662079 -0.0109374 0.0191476 -0.00428985 0.0027797 -0.017904
internal_weight=6040 3766 2274 1753 2013 766 1508
internal_count=6040 3766 2274 1753 2013 766 1508
is_linear=0
shrinkage=0.01


Tree=206
num_leaves=8
num_cat=0
split_feature=12 67 28 36 67 72 73
split_gain=4284.85 5045.96 2195.68 2130.67 1447.78 1428.02 634.83
threshold=-0.3794095225512602 6.7166666666666677 24.991666666666671 75.758156498673756 14.714063874874991 38.366666666666674 25.492810061363084
decision_type=2 2 2 2 2 2 2
left_child=3 5 -3 4 -1 -2 -5
right_child=1 2 -4 6 -6 -7 -8
leaf_value=-0.0015168374097660408 -0.0067408599580313427 0.083962128942260641 0.017023206308164798 -0.01959749726943966 0.046979069779978858 0.024177388973579954 0.0047295072499069076
leaf_weight=699 1851 50 1703 1392 67 162 116
leaf_count=699 1851 50 1703 1392 67 162 116
internal_value=9.81294e-06 0.00655456 0.0189562 -0.0108279 0.0027522 -0.00424702 -0.0177249
internal_weight=6040 3766 1753 2274 766 2013 1508
internal_count=6040 3766 1753 2274 766 2013 1508
is_linear=0
shrinkage=0.01


Tree=207
num_leaves=8
num_cat=0
split_feature=45 12 13 85 78 11 52
split_gain=4386.02 3722.3 3284.88 2094.56 3576.09 1045.12 607.234
threshold=22.004524886877832 -0.3794095225512602 0.68301270189221941 27.218620361483605 9.3072967489568601 -0.25881904510252113 479.62686741363217
decision_type=2 2 2 2 2 2 2
left_child=3 5 -3 4 -1 -2 -5
right_child=1 2 -4 6 -6 -7 -8
leaf_value=0.040413620939723442 -0.0034583235350021013 -0.0015899378105035994 0.022648122331089406 0.10987723339887766 -0.0094135920967243301 -0.018680471120270492 0.046124722082106794
leaf_weight=330 676 2652 708 32 255 1357 30
leaf_count=330 676 2652 708 32 255 1357 30
internal_value=9.83896e-06 -0.00294241 0.00351983 0.0246021 0.0187037 -0.0136212 0.079653
internal_weight=6040 5393 3360 647 585 2033 62
internal_count=6040 5393 3360 647 585 2033 62
is_linear=0
shrinkage=0.01


Tree=208
num_leaves=8
num_cat=0
split_feature=45 6 12 67 67 76 4
split_gain=4299.2 4109.16 3648.26 3312.47 1821.71 1624.44 1024.33
threshold=22.004524886877832 23.500000000000004 -0.3794095225512602 15.983333333333336 11.701851851851854 43.981527093596064 13.500000000000002
decision_type=2 2 2 2 2 2 2
left_child=1 5 6 -4 -3 -1 -2
right_child=2 4 3 -5 -6 -7 -8
leaf_value=0.017577942899317724 -0.018493735228262455 0.091194465557446244 0.00041313721897883593 0.035578885390313765 0.030631248848254865 -0.028402847306982514 -0.0034237658427360533
leaf_weight=349 1357 103 3067 293 97 98 676
leaf_count=349 1357 103 3067 293 97 98 676
internal_value=9.89366e-06 0.0243575 -0.00291299 0.00348466 0.0619734 0.00747555 -0.0134851
internal_weight=6040 647 5393 3360 200 447 2033
internal_count=6040 647 5393 3360 200 447 2033
is_linear=0
shrinkage=0.01


Tree=209
num_leaves=8
num_cat=0
split_feature=17 76 14 69 12 8 30
split_gain=4098.71 2341 4044.52 3738.11 1698.52 1906.16 1348.34
threshold=23.559195402298855 43.981527093596064 -0.5 25.981198990451869 -0.12940952255126037 1.0000000180025095e-35 31.837719298245617
decision_type=2 2 2 2 2 2 2
left_child=1 2 -1 -3 6 -6 -2
right_child=4 3 -4 -5 5 -7 -8
leaf_value=-0.0089357286124548373 -0.01333357551278372 -0.034166665543633574 0.010444393334322732 0.04050339956296857 0.038671098585326837 0.0022369422460535924 0.03242705509158153
leaf_weight=2729 229 461 1778 78 469 207 89
leaf_count=2729 229 461 1778 78 469 207 89
internal_value=9.89904e-06 -0.00364661 -0.0012899 -0.0233325 0.018565 0.0275251 -0.000493985
internal_weight=6040 5046 4507 539 994 676 318
internal_count=6040 5046 4507 539 994 676 318
is_linear=0
shrinkage=0.01


Tree=210
num_leaves=8
num_cat=0
split_feature=45 12 72 80 83 20 27
split_gain=4183.42 3559.95 3779.14 2374.27 2594.63 1891.41 1050.82
threshold=22.004524886877832 -0.3794095225512602 27.143333333333338 42.769764969313393 27.361005509822366 13.678160919540231 32.016666666666673
decision_type=2 2 2 2 2 2 2
left_child=3 6 -3 5 -5 -1 -2
right_child=1 2 -4 4 -6 -7 -8
leaf_value=0.11977028491554491 -0.018149733172349816 -0.0073232269135283254 0.013887022355651613 0.0060260123598092491 0.066979236242987905 0.033709407955190562 -0.0026210016839106247
leaf_weight=41 1400 1654 1706 456 82 68 633
leaf_count=41 1400 1654 1706 456 82 68 633
internal_value=9.85709e-06 -0.0028734 0.00344634 0.0240274 0.0153708 0.0664846 -0.0133167
internal_weight=6040 5393 3360 647 538 109 2033
internal_count=6040 5393 3360 647 538 109 2033
is_linear=0
shrinkage=0.01


Tree=211
num_leaves=8
num_cat=0
split_feature=17 32 78 41 12 39 53
split_gain=3960.73 2434.87 2866.28 1971.25 1646.31 2520.9 1337.62
threshold=23.559195402298855 25.966091954022989 9.0426402432571162 24.737037037037041 -0.12940952255126037 68.712068965517247 588.30172413793116
decision_type=2 2 2 2 2 2 2
left_child=1 2 -1 -3 6 -6 -2
right_child=4 3 -4 -5 5 -7 -8
leaf_value=0.034378022387210473 -0.01410027011744594 0.0048028993157576026 -0.0077241965032883025 -0.010304954439150457 0.072252038745503677 0.018799913058973296 0.030349752900386467
leaf_weight=342 221 1180 306 3218 104 572 97
leaf_count=342 221 1180 306 3218 104 572 97
internal_value=9.93503e-06 -0.0035845 0.014505 -0.00625126 0.0182501 0.0270714 -0.000513686
internal_weight=6040 5046 648 4398 994 676 318
internal_count=6040 5046 648 4398 994 676 318
is_linear=0
shrinkage=0.01


Tree=212
num_leaves=8
num_cat=0
split_feature=45 12 72 80 85 63 4
split_gain=4066.35 3466.69 3670.35 2320.22 2737.48 1777.19 988.715
threshold=22.004524886877832 -0.3794095225512602 27.143333333333338 42.769764969313393 25.065642493324038 12.410908380758032 13.500000000000002
decision_type=2 2 2 2 2 2 2
left_child=3 6 -3 5 -5 -1 -2
right_child=1 2 -4 4 -6 -7 -8
leaf_value=0.10543521135454781 -0.018059138681285399 -0.0072096944055892922 0.013693036107913448 0.0058097452990342659 0.069713036316974911 0.024543664219729394 -0.0032535567764696684
leaf_weight=55 1357 1654 1706 460 78 54 676
leaf_count=55 1357 1654 1706 460 78 54 676
internal_value=9.94285e-06 -0.00283268 0.00340373 0.023689 0.0151316 0.0656601 -0.0131383
internal_weight=6040 5393 3360 647 538 109 2033
internal_count=6040 5393 3360 647 538 109 2033
is_linear=0
shrinkage=0.01


Tree=213
num_leaves=8
num_cat=0
split_feature=45 6 31 78 73 76 66
split_gain=3985.92 3874.16 3031.01 2914.85 4415.87 1561.63 710.136
threshold=22.004524886877832 23.500000000000004 25.966091954022989 12.430537279797374 28.700537738005035 43.981527093596064 10.744330188013697
decision_type=2 2 2 2 2 2 2
left_child=1 5 -3 4 -2 -1 -5
right_child=3 2 -4 6 -6 -7 -8
leaf_value=0.016967271343401192 -0.0034060586823259813 0.013144206937154136 0.092326846714764196 -0.052930254360110736 0.041930361576307827 -0.028115620820050313 -0.002534896843869921
leaf_weight=349 4994 82 118 140 224 98 35
leaf_count=349 4994 82 118 140 224 98 35
internal_value=1.00021e-05 0.0234537 0.0599782 -0.00280437 -0.00145592 0.00706184 -0.04289
internal_weight=6040 647 200 5393 5218 447 175
internal_count=6040 647 200 5393 5218 447 175
is_linear=0
shrinkage=0.01


Tree=214
num_leaves=8
num_cat=0
split_feature=22 88 41 77 25 41 77
split_gain=3874.48 2306.49 2204.42 2861.72 2048.85 1392.42 1079.37
threshold=19.203448275862073 -2.3637931034482755 22.754310344827591 14.84348192551842 24.135632183908047 26.996282320110286 29.055222980594369
decision_type=2 2 2 2 2 2 2
left_child=2 6 3 -1 -4 -3 -2
right_child=1 5 4 -5 -6 -7 -8
leaf_value=0.042918993591157834 -0.0020165638535678339 0.033569715648429269 0.061104885671330593 -0.0031894185212801912 -0.007903815039528965 -0.004901219280295902 0.035485960592768782
leaf_weight=212 680 583 43 367 3957 112 86
leaf_count=212 680 583 43 367 3957 112 86
internal_value=9.96526e-06 0.0141863 -0.00451416 0.0137147 -0.0071543 0.0273703 0.00221365
internal_weight=6040 1461 4579 579 4000 695 766
internal_count=6040 1461 4579 579 4000 695 766
is_linear=0
shrinkage=0.01


Tree=215
num_leaves=8
num_cat=0
split_feature=45 6 13 76 76 67 76
split_gain=3861.63 3774.65 3026.24 4438.4 2780.23 1755.17 1527.01
threshold=22.004524886877832 23.500000000000004 0.68301270189221941 43.981527093596064 45.677011494252881 11.701851851851854 43.981527093596064
decision_type=2 2 2 2 2 2 2
left_child=1 6 3 -2 -4 -3 -1
right_child=2 5 4 -5 -6 -7 -8
leaf_value=0.016700456138263233 -0.0031915584241572759 0.087815922551235007 0.003463550302964722 -0.036791769794652512 0.041229257045767201 0.028386023479852921 -0.027879738058913781
leaf_weight=349 3802 103 905 438 248 97 98
leaf_count=349 3802 103 905 438 248 97 98
internal_value=9.99316e-06 0.0230853 -0.00276015 -0.00666657 0.0116014 0.0591376 0.00690537
internal_weight=6040 647 5393 4240 1153 200 447
internal_count=6040 647 5393 4240 1153 200 447
is_linear=0
shrinkage=0.01


Tree=216
num_leaves=8
num_cat=0
split_feature=12 67 28 36 68 67 40
split_gain=3844.07 4582.99 2069.74 1930.62 1607.87 1366.58 616.321
threshold=-0.3794095225512602 6.7166666666666677 24.991666666666671 75.758156498673756 39.000000000000007 14.714063874874991 93.932183908045985
decision_type=2 2 2 2 2 2 2
left_child=3 4 -3 5 -2 -1 -5
right_child=1 2 -4 6 -6 -7 -8
leaf_value=-0.0014759229466670578 -0.0053317430764855123 0.08114112687819075 0.0161514025607409 -0.017734010934678534 0.05991999682590559 0.045640335285111709 0.027725623459112451
leaf_weight=699 1975 50 1703 1478 38 67 30
leaf_count=699 1975 50 1703 1478 38 67 30
internal_value=9.98485e-06 0.00620897 0.018028 -0.0102551 -0.00408514 0.00267164 -0.0168204
internal_weight=6040 3766 1753 2274 2013 766 1508
internal_count=6040 3766 1753 2274 2013 766 1508
is_linear=0
shrinkage=0.01


Tree=217
num_leaves=8
num_cat=0
split_feature=12 71 71 83 4 46 79
split_gain=3767.61 3864.11 4302.2 2415.29 1456.84 1342.81 933.624
threshold=-0.3794095225512602 6.6380952380952394 7.3000000000000007 21.898506477435891 13.500000000000002 22.471428571428575 1.0813205693270787
decision_type=2 2 2 2 2 2 2
left_child=4 3 -3 -2 6 -6 -1
right_child=1 2 -4 -5 5 -7 -8
leaf_value=0.031541527851128286 -0.0024731515103300896 0.070005347149698652 0.013391146127920575 0.087078205350969662 0.034957809970039742 -0.0040900728964323079 -0.017157620999597424
leaf_weight=40 2403 151 1182 30 101 665 1468
leaf_count=40 2403 151 1182 30 101 665 1468
internal_value=1.00564e-05 0.00614709 0.0198285 -0.00135107 -0.0101525 0.00107733 -0.0158555
internal_weight=6040 3766 1333 2433 2274 766 1508
internal_count=6040 3766 1333 2433 2274 766 1508
is_linear=0
shrinkage=0.01


Tree=218
num_leaves=8
num_cat=0
split_feature=45 6 31 78 85 76 21
split_gain=3718.52 3683.31 2953.99 2856.37 4096.48 1506.39 760.08
threshold=22.004524886877832 23.500000000000004 25.966091954022989 12.430537279797374 26.483709764987939 43.981527093596064 26.161558109833976
decision_type=2 2 2 2 2 2 2
left_child=1 5 -3 4 -2 -1 -5
right_child=3 2 -4 6 -6 -7 -8
leaf_value=0.016399976902556752 -0.0034567638061320377 0.01203870096134417 0.090201531519806852 -0.056270214385824441 0.03630034707914153 -0.027878127557674638 -0.011046787942768237
leaf_weight=349 4945 82 118 121 273 98 54
leaf_count=349 4945 82 118 121 273 98 54
internal_value=1.01331e-05 0.0226539 0.0582672 -0.0027082 -0.00137334 0.00667105 -0.0423896
internal_weight=6040 647 200 5393 5218 447 175
internal_count=6040 647 200 5393 5218 447 175
is_linear=0
shrinkage=0.01


Tree=219
num_leaves=7
num_cat=0
split_feature=85 78 32 74 5 41
split_gain=3597.82 4388.13 3080.99 4264.88 2741.06 2562.72
threshold=26.871229101790103 7.3819490879496712 25.966091954022989 8.6101409142995156 4.5000000000000009 22.534523809523815
decision_type=2 2 2 2 2 2
left_child=2 -2 3 -1 -3 -4
right_child=1 4 5 -5 -6 -7
leaf_value=0.031869606232853849 0.1406223217010498 0.030346567091437265 0.015286742826117566 -0.018555370926503667 -0.049134749743017812 -0.0075889036525561716
leaf_weight=544 32 309 552 242 50 4311
leaf_count=544 32 309 552 242 50 4311
internal_value=1.00776e-05 0.0293261 -0.00202138 0.0163418 0.0192224 -0.00499088
internal_weight=6040 391 5649 786 359 4863
internal_count=6040 391 5649 786 359 4863
is_linear=0
shrinkage=0.01


Tree=220
num_leaves=8
num_cat=0
split_feature=12 67 28 36 80 67 40
split_gain=3684.05 4369.8 2014.74 1846.88 1589.9 1317.51 596.846
threshold=-0.3794095225512602 6.7166666666666677 24.991666666666671 75.758156498673756 27.758620689655178 14.714063874874991 93.932183908045985
decision_type=2 2 2 2 2 2 2
left_child=3 4 -3 5 -2 -1 -5
right_child=1 2 -4 6 -6 -7 -8
leaf_value=-0.0014681867529891745 -0.025230862410120257 0.079888197649233411 0.015768102708298603 -0.017359478607718033 -0.0002582572147015376 0.044794368684402217 0.027375522992650017
leaf_weight=699 299 50 1703 1478 1714 67 30
leaf_count=699 299 50 1703 1478 1714 67 30
internal_value=1.00951e-05 0.00607869 0.0176195 -0.0100391 -0.00397314 0.00260421 -0.0164604
internal_weight=6040 3766 1753 2274 2013 766 1508
internal_count=6040 3766 1753 2274 2013 766 1508
is_linear=0
shrinkage=0.01


Tree=221
num_leaves=8
num_cat=0
split_feature=12 67 28 36 12 67 84
split_gain=3610.73 4282.98 1975.14 1810.17 1390.35 1291.48 564.166
threshold=-0.3794095225512602 6.7166666666666677 24.991666666666671 75.758156498673756 0.60355339059327384 14.714063874874991 6.7909196428812644
decision_type=2 2 2 2 2 2 2
left_child=3 4 -3 5 -2 -1 -5
right_child=1 2 -4 6 -6 -7 -8
leaf_value=-0.001453515366542608 0.0043719231005492284 0.07909722570381543 0.01561046790460038 -0.011110259667404776 -0.012245674188424161 0.044349743106961256 -0.023526929034282641
leaf_weight=699 1007 50 1703 879 1006 67 629
leaf_count=699 1007 50 1703 879 1006 67 629
internal_value=1.00955e-05 0.006018 0.0174436 -0.00993858 -0.00393348 0.00257844 -0.0162958
internal_weight=6040 3766 1753 2274 2013 766 1508
internal_count=6040 3766 1753 2274 2013 766 1508
is_linear=0
shrinkage=0.01


Tree=222
num_leaves=8
num_cat=0
split_feature=45 12 11 80 69 20 4
split_gain=3543.72 3123.37 3330.38 2131.45 2632.74 1817.07 1430.05
threshold=22.004524886877832 -0.12940952255126037 0.78656609248549325 42.769764969313393 30.429604806113428 13.678160919540231 14.500000000000002
decision_type=2 2 2 2 2 2 2
left_child=3 6 -3 5 -5 -1 -2
right_child=1 2 -4 4 -6 -7 -8
leaf_value=0.11455699222561824 -0.01552359281063948 -0.0014444823024643211 0.024008873587084371 0.0057499727656735054 0.073856990690379182 0.03024561361848873 0.001551178512337003
leaf_weight=41 1807 2247 666 474 64 68 673
leaf_count=41 1807 2247 666 474 64 68 673
internal_value=1.00725e-05 -0.0026436 0.00437788 0.0221152 0.0139139 0.0623419 -0.0108904
internal_weight=6040 5393 2913 647 538 109 2480
internal_count=6040 5393 2913 647 538 109 2480
is_linear=0
shrinkage=0.01


Tree=223
num_leaves=8
num_cat=0
split_feature=22 46 76 6 85 8 61
split_gain=3504.54 2045.02 2172.3 2001.07 1746.55 921.629 724.598
threshold=17.850000000000005 25.016666666666669 43.981527093596064 29.500000000000004 26.483709764987939 1.0000000180025095e-35 15.953065134099619
decision_type=2 2 2 2 2 2 2
left_child=1 2 -1 4 -2 -5 -3
right_child=3 6 -4 5 -6 -7 -8
leaf_value=0.007178164968077029 0.0096366871424412946 -0.0083758489300418612 -0.025113647653746657 0.0097826410802205419 0.035528651684278816 -0.052190153821309412 -0.023172094643899771
leaf_weight=1646 1263 2067 238 37 328 67 394
leaf_count=1646 1263 2067 238 37 328 67 394
internal_value=1.01671e-05 -0.00474737 0.00309299 0.0122039 0.0149844 -0.030196 -0.0107491
internal_weight=6040 4345 1884 1695 1591 104 2461
internal_count=6040 4345 1884 1695 1591 104 2461
is_linear=0
shrinkage=0.01


Tree=224
num_leaves=8
num_cat=0
split_feature=12 72 56 46 36 65 40
split_gain=3461.15 3451.01 2200.43 1919.89 1739.5 987.507 584.719
threshold=-0.3794095225512602 27.143333333333338 618.71666666666681 24.902380952380955 75.758156498673756 21.559195402298855 93.932183908045985
decision_type=2 2 2 2 2 2 2
left_child=4 3 -3 -2 5 -1 -6
right_child=1 2 -4 -5 6 -7 -8
leaf_value=-0.0021163812515655497 0.012815029643884731 0.011182926014133947 0.044369559789175568 -0.010546732253089124 -0.016852227899675831 0.030196129177085952 0.027424016300772056
leaf_weight=656 482 1761 225 1298 1478 110 30
leaf_count=656 482 1761 225 1298 1478 110 30
internal_value=1.00259e-05 0.00589218 0.0149532 -0.00421858 -0.00973041 0.00253981 -0.0159623
internal_weight=6040 3766 1986 1780 2274 766 1508
internal_count=6040 3766 1986 1780 2274 766 1508
is_linear=0
shrinkage=0.01


Tree=225
num_leaves=8
num_cat=0
split_feature=45 6 78 32 63 76 66
split_gain=3433.06 3510.34 2826.05 3490.74 2423.31 1454.73 702.614
threshold=22.004524886877832 23.500000000000004 12.430537279797374 25.966091954022989 12.073333333333336 43.981527093596064 10.744330188013697
decision_type=2 2 2 2 2 2 2
left_child=1 5 3 -2 -3 -1 -4
right_child=2 4 6 -5 -6 -7 -8
leaf_value=0.015725668463062895 0.022116887745515443 0.10593958468096597 -0.052058988174880957 -0.0041335622859183666 0.031893159513136711 -0.027786250091446231 -0.0019401719947935831
leaf_weight=349 568 66 140 4650 134 98 35
leaf_count=349 568 66 140 4650 134 98 35
internal_value=1.00063e-05 0.0217672 -0.0026019 -0.00127416 0.0565342 0.00616464 -0.0420722
internal_weight=6040 647 5393 5218 200 447 175
internal_count=6040 647 5393 5218 200 447 175
is_linear=0
shrinkage=0.01


Tree=226
num_leaves=8
num_cat=0
split_feature=12 67 6 36 68 90 40
split_gain=3387.18 4089.31 2000.97 1695 1532.54 1426.91 567.422
threshold=-0.3794095225512602 6.7166666666666677 29.500000000000004 75.758156498673756 39.000000000000007 1.1190989886965221 93.932183908045985
decision_type=2 2 2 2 2 2 2
left_child=3 4 -3 5 -2 -1 -5
right_child=1 2 -4 6 -6 -7 -8
leaf_value=-0.0016823104294541365 -0.0051120046930935902 0.019916309961459166 -0.022002766914270361 -0.016654130573580679 0.05859275665685728 0.047122455641513565 0.02696254825396616
leaf_weight=701 1975 1631 122 1478 38 65 30
leaf_count=701 1975 1631 122 1478 38 65 30
internal_value=9.9797e-06 0.00582893 0.0169932 -0.00962581 -0.00389493 0.00248647 -0.0157774
internal_weight=6040 3766 1753 2274 2013 766 1508
internal_count=6040 3766 1753 2274 2013 766 1508
is_linear=0
shrinkage=0.01


Tree=227
num_leaves=8
num_cat=0
split_feature=45 12 11 17 78 27 31
split_gain=3339.63 2937.42 3244.34 1719.35 2165.31 1357.24 738.076
threshold=22.004524886877832 -0.12940952255126037 0.91597561503675362 35.001843344913212 9.0024103999913994 33.175492610837445 25.528594771241835
decision_type=2 2 2 2 2 2 2
left_child=3 5 -3 4 -1 -2 -5
right_child=1 2 -4 6 -6 -7 -8
leaf_value=0.037939623988213753 -0.014354902789652107 -0.00024598201848963431 0.029047547482588192 0.029271392825824111 -0.0014245536419895306 0.0038652638083383341 0.092337666131524637
leaf_weight=244 1964 2467 446 33 326 516 44
leaf_count=244 1964 2467 446 33 326 516 44
internal_value=9.96783e-06 -0.00256615 0.0042431 0.0214691 0.0154437 -0.0105637 0.0656789
internal_weight=6040 5393 2913 647 570 2480 77
internal_count=6040 5393 2913 647 570 2480 77
is_linear=0
shrinkage=0.01


Tree=228
num_leaves=8
num_cat=0
split_feature=12 67 6 36 68 90 40
split_gain=3265.68 3981.92 1963.68 1641.31 1497.69 1396.86 556.96
threshold=-0.3794095225512602 6.7166666666666677 29.500000000000004 75.758156498673756 39.000000000000007 1.1190989886965221 93.932183908045985
decision_type=2 2 2 2 2 2 2
left_child=3 4 -3 5 -2 -1 -5
right_child=1 2 -4 6 -6 -7 -8
leaf_value=-0.0016571512581197731 -0.0050748249808290069 0.019636108655389929 -0.021890309915007379 -0.016373393135084596 0.057901472537548515 0.046631074686086821 0.026838538982829112
leaf_weight=701 1975 1631 122 1478 38 65 30
leaf_count=701 1975 1631 122 1478 38 65 30
internal_value=1.0015e-05 0.00572365 0.0167404 -0.00945137 -0.00387167 0.00246751 -0.0155048
internal_weight=6040 3766 1753 2274 2013 766 1508
internal_count=6040 3766 1753 2274 2013 766 1508
is_linear=0
shrinkage=0.01


Tree=229
num_leaves=7
num_cat=0
split_feature=85 76 71 71 5 76
split_gain=3324.41 5154.98 4992.04 2585.28 2054.62 1993.89
threshold=26.871229101790103 43.981527093596064 6.6380952380952394 10.616666666666669 4.5000000000000009 44.18390804597702
decision_type=2 2 2 2 2 2
left_child=1 2 -1 -2 -5 -3
right_child=3 5 -4 4 -6 -7
leaf_value=-0.0047367237028179609 0.10960144405129929 -0.091228598954751328 0.017594205322085204 0.030422612563445053 -0.035334710865949102 -0.02426198442979759
leaf_weight=3677 35 48 1375 300 56 549
leaf_count=3677 35 48 1375 300 56 549
internal_value=1.00018e-05 -0.00194274 0.00134211 0.0281901 0.0200423 -0.0297189
internal_weight=6040 5649 5052 391 356 597
internal_count=6040 5649 5052 391 356 597
is_linear=0
shrinkage=0.01


Tree=230
num_leaves=8
num_cat=0
split_feature=22 32 36 55 79 84 71
split_gain=3239.8 2444.41 1854.04 1680.36 1455.63 1867.45 1459.87
threshold=19.203448275862073 25.567748917748922 63.916666666666671 223.70000000000002 6.8500000000000005 10.537003836166237 11.203448275862071
decision_type=2 2 2 2 2 2 2
left_child=1 3 -3 -1 5 -2 -6
right_child=4 2 -4 -5 6 -7 -8
leaf_value=-0.027058245157235421 0.012820418883174738 0.0064483100165212692 -0.010139426902947554 0.024452144826710823 -0.049383783048521868 0.052531592488063959 0.0070650588393426552
leaf_weight=74 1123 851 3230 424 68 132 138
leaf_count=74 1123 851 3230 424 68 132 138
internal_value=9.90178e-06 -0.00412711 -0.00667994 0.0167775 0.0129732 0.0170169 -0.0116406
internal_weight=6040 4579 4081 498 1461 1255 206
internal_count=6040 4579 4081 498 1461 1255 206
is_linear=0
shrinkage=0.01


Tree=231
num_leaves=7
num_cat=0
split_feature=85 78 79 71 5 71
split_gain=3228.16 4243.11 3491.84 5130.48 2569.07 1112.98
threshold=26.871229101790103 7.3819490879496712 2.5591954022988515 3.5833333333333339 4.5000000000000009 8.339080459770118
decision_type=2 2 2 2 2 2
left_child=2 -2 3 -1 -3 -4
right_child=1 4 5 -5 -6 -7
leaf_value=-0.008734838698014823 0.13721812980358417 0.028615665615941002 -0.0070693273846176583 0.017847415650552759 -0.048329696433378921 -0.023734547932215699
leaf_weight=1339 32 309 2237 1585 50 488
leaf_count=1339 32 309 2237 1585 50 488
internal_value=9.81747e-06 0.027779 -0.00191445 0.00567491 0.0178453 -0.0100578
internal_weight=6040 391 5649 2924 359 2725
internal_count=6040 391 5649 2924 359 2725
is_linear=0
shrinkage=0.01


Tree=232
num_leaves=8
num_cat=0
split_feature=45 12 11 80 85 63 4
split_gain=3190.15 2805.67 3160.04 2020.4 2433.13 1685.94 1315.66
threshold=22.004524886877832 -0.12940952255126037 0.78656609248549325 42.769764969313393 25.065642493324038 12.410908380758032 14.500000000000002
decision_type=2 2 2 2 2 2 2
left_child=3 6 -3 5 -5 -1 -2
right_child=1 2 -4 4 -6 -7 -8
leaf_value=0.098877833519969982 -0.014768177842300379 -0.0015246936549399427 0.02326917642503467 0.0042120869149262817 0.064456121517784279 0.020144969538811147 0.0016093696749920569
leaf_weight=55 1807 2247 666 460 78 54 673
leaf_count=55 1807 2247 666 460 78 54 673
internal_value=9.79692e-06 -0.002508 0.00414678 0.0209832 0.012999 0.0601472 -0.0103242
internal_weight=6040 5393 2913 647 538 109 2480
internal_count=6040 5393 2913 647 538 109 2480
is_linear=0
shrinkage=0.01


Tree=233
num_leaves=7
num_cat=0
split_feature=85 76 71 78 77 76
split_gain=3143.81 5076.4 4827.96 4165.38 2063.98 1936.24
threshold=26.871229101790103 43.981527093596064 6.6380952380952394 7.3819490879496712 25.454410265436476 44.18390804597702
decision_type=2 2 2 2 2 2
left_child=1 2 -1 -2 -5 -3
right_child=3 5 -4 4 -6 -7
leaf_value=-0.0046074826011434202 0.13584563064483496 -0.090067442830075922 0.017353386424207525 0.043954694088880836 -0.0041776635730662679 -0.024075057145841999
leaf_weight=3677 32 48 1375 162 197 549
leaf_count=3677 32 48 1375 162 197 549
internal_value=9.86394e-06 -0.0018891 0.00137062 0.0274139 0.0175718 -0.0294527
internal_weight=6040 5649 5052 391 359 597
internal_count=6040 5649 5052 391 359 597
is_linear=0
shrinkage=0.01


Tree=234
num_leaves=8
num_cat=0
split_feature=12 67 28 68 4 28 79
split_gain=3108.42 3731.61 1883.94 1434.82 1260.93 1010.88 844.085
threshold=-0.3794095225512602 6.7166666666666677 24.991666666666671 39.000000000000007 13.500000000000002 25.138095238095243 1.0813205693270787
decision_type=2 2 2 2 2 2 2
left_child=4 3 -3 -2 6 -6 -1
right_child=1 2 -4 -5 5 -7 -8
leaf_value=0.030537850131223232 -0.0048823086741686594 0.076460489202253887 0.014459018936723531 0.056757972924740281 0.049226690404386403 -0.0015195033412767212 -0.015764942068971912
leaf_weight=40 1975 50 1703 38 41 725 1468
leaf_count=40 1975 50 1703 38 41 725 1468
internal_value=9.82503e-06 0.0055842 0.016249 -0.00370465 -0.00922094 0.00122636 -0.0145267
internal_weight=6040 3766 1753 2013 2274 766 1508
internal_count=6040 3766 1753 2013 2274 766 1508
is_linear=0
shrinkage=0.01


Tree=235
num_leaves=8
num_cat=0
split_feature=45 6 31 78 32 76 66
split_gain=3078.68 3299.33 2863.84 2755.17 3337.82 1395.47 706.908
threshold=22.004524886877832 23.500000000000004 25.966091954022989 12.430537279797374 24.001830120549666 43.981527093596064 10.744330188013697
decision_type=2 2 2 2 2 2 2
left_child=1 5 -3 4 -2 -1 -5
right_child=3 2 -4 6 -6 -7 -8
leaf_value=0.014852608618466386 0.056808166098594674 0.0088227957140315678 0.085760598057936011 -0.051452779336736358 -0.002255951978709488 -0.027763439626863159 -0.0011925557939939098
leaf_weight=349 97 82 118 140 5121 98 35
leaf_count=349 97 82 118 140 5121 98 35
internal_value=9.89758e-06 0.0206136 0.0543193 -0.00246352 -0.00115255 0.00548779 -0.0414356
internal_weight=6040 647 200 5393 5218 447 175
internal_count=6040 647 200 5393 5218 447 175
is_linear=0
shrinkage=0.01


Tree=236
num_leaves=8
num_cat=0
split_feature=85 80 79 79 67 5 32
split_gain=3061.29 3568.74 3780.42 3513.3 4630.22 1472.68 1209.04
threshold=26.483709764987939 50.385662431941931 5.007747689601227 2.5591954022988515 3.8137931034482762 3.5000000000000004 25.966091954022989
decision_type=2 2 2 2 2 2 2
left_child=3 2 -2 4 -1 -3 -5
right_child=1 5 -4 6 -6 -7 -8
leaf_value=-0.012531171609457064 0.022346443552309303 0.020238307481256872 0.12081172411600338 0.0080569450906311808 0.014399611187233971 -0.030432948655400957 -0.012575076711215565
leaf_weight=943 95 166 66 322 1974 87 2387
leaf_count=943 95 166 66 322 1974 87 2387
internal_value=9.86693e-06 0.0262373 0.0629633 -0.0019222 0.00569267 0.00278617 -0.0101215
internal_weight=6040 414 161 5626 2917 253 2709
internal_count=6040 414 161 5626 2917 253 2709
is_linear=0
shrinkage=0.01


Tree=237
num_leaves=8
num_cat=0
split_feature=22 32 6 32 55 78 5
split_gain=3031.8 2133.04 1850.53 2126.91 1625.16 1483.38 863.303
threshold=17.850000000000005 25.567748917748922 29.500000000000004 23.001575694093908 228.70689655172416 13.205940817552987 4.5000000000000009
decision_type=2 2 2 2 2 2 2
left_child=1 4 3 -2 -1 -3 -4
right_child=2 5 6 -5 -6 -7 -8
leaf_value=-0.027535692163065176 0.09057637291391131 -0.0061298154047558185 0.0092729438018798842 0.012274564754086826 0.023666649152151071 -0.059654234931014828 -0.050708417514518454
leaf_weight=73 35 3823 37 1556 397 52 67
leaf_count=73 35 3823 37 1556 397 52 67
internal_value=9.87693e-06 -0.00441516 0.0113514 0.0140253 0.0156921 -0.00685581 -0.0294218
internal_weight=6040 4345 1695 1591 470 3875 104
internal_count=6040 4345 1695 1591 470 3875 104
is_linear=0
shrinkage=0.01


Tree=238
num_leaves=8
num_cat=0
split_feature=12 67 6 36 90 12 74
split_gain=3022.8 3575 1863.81 1540.37 1369.23 1315.13 540.828
threshold=-0.3794095225512602 6.7166666666666677 29.500000000000004 75.758156498673756 1.1190989886965221 0.60355339059327384 8.8515191829699837
decision_type=2 2 2 2 2 2 2
left_child=3 5 -3 4 -1 -2 -5
right_child=1 2 -4 6 -6 -7 -8
leaf_value=-0.0016301108970388461 0.0044925275584363905 0.018766687360128379 -0.021689386733697386 -0.012207872124523567 0.046178088230941133 -0.011669282156026561 -0.028043181773011589
leaf_weight=701 1007 1631 122 1247 65 1006 261
leaf_count=701 1007 1631 122 1247 65 1006 261
internal_value=9.77056e-06 0.00550683 0.0159455 -0.00909297 0.00245354 -0.00358501 -0.0149573
internal_weight=6040 3766 1753 2274 766 2013 1508
internal_count=6040 3766 1753 2274 766 2013 1508
is_linear=0
shrinkage=0.01


Tree=239
num_leaves=8
num_cat=0
split_feature=12 67 78 80 11 46 79
split_gain=2962.64 3503.86 1944.41 1521.18 1217.22 1171.86 807.701
threshold=-0.3794095225512602 6.7166666666666677 8.9768399259935361 27.758620689655178 -0.25881904510252113 22.471428571428575 1.0813205693270787
decision_type=2 2 2 2 2 2 2
left_child=4 3 -3 -2 5 -1 -6
right_child=1 2 -4 -5 6 -7 -8
leaf_value=0.032912887749266741 -0.024342357507886644 0.022632488741615359 -0.00040894650781486089 8.3860247798174937e-05 0.029867498252126909 -0.0035648840593333637 -0.015426282450022125
leaf_weight=101 299 1232 521 1714 40 665 1468
leaf_count=101 299 1232 521 1714 40 665 1468
internal_value=9.66555e-06 0.00545175 0.015786 -0.00354917 -0.00900204 0.00126253 -0.014215
internal_weight=6040 3766 1753 2013 2274 766 1508
internal_count=6040 3766 1753 2013 2274 766 1508
is_linear=0
shrinkage=0.01


Tree=240
num_leaves=8
num_cat=0
split_feature=45 6 31 78 32 76 66
split_gain=2926.1 3206.83 2816.42 2671.73 3210.08 1378.21 706.147
threshold=22.004524886877832 23.500000000000004 25.966091954022989 12.430537279797374 24.001830120549666 43.981527093596064 10.744330188013697
decision_type=2 2 2 2 2 2 2
left_child=1 5 -3 4 -2 -1 -5
right_child=3 2 -4 6 -6 -7 -8
leaf_value=0.014491249309375733 0.055730057023733091 0.0082114024646354443 0.084505685249461407 -0.050790888984273343 -0.0021928640028445134 -0.027860188092071997 -0.00056705834076438161
leaf_weight=349 97 82 118 140 5121 98 35
leaf_count=349 97 82 118 140 5121 98 35
internal_value=9.60262e-06 0.0200963 0.053326 -0.00240175 -0.00111077 0.00518428 -0.0407792
internal_weight=6040 647 200 5393 5218 447 175
internal_count=6040 647 200 5393 5218 447 175
is_linear=0
shrinkage=0.01


Tree=241
num_leaves=8
num_cat=0
split_feature=12 67 78 80 4 41 79
split_gain=2901.81 3421.41 1896.65 1490.78 1191.69 936.021 790.335
threshold=-0.3794095225512602 6.7166666666666677 8.9768399259935361 27.758620689655178 13.500000000000002 22.081717770720331 1.0813205693270787
decision_type=2 2 2 2 2 2 2
left_child=4 3 -3 -2 6 -6 -1
right_child=1 2 -4 -5 5 -7 -8
leaf_value=0.029538860125306213 -0.024083250171447391 0.022369317701304025 -0.00038736630487947767 9.7649559218922105e-05 0.03264254642890755 -0.0026399855678976127 -0.015265346007216764
leaf_weight=40 299 1232 521 1714 84 682 1468
leaf_count=40 299 1232 521 1714 84 682 1468
internal_value=9.5733e-06 0.0053955 0.0156075 -0.00349889 -0.00890914 0.00124723 -0.0140672
internal_weight=6040 3766 1753 2013 2274 766 1508
internal_count=6040 3766 1753 2013 2274 766 1508
is_linear=0
shrinkage=0.01


Tree=242
num_leaves=7
num_cat=0
split_feature=85 71 79 71 5 36
split_gain=2962.14 3803.17 3425.37 4772.69 2117.29 1387.15
threshold=26.483709764987939 8.5833333333333339 2.5591954022988515 3.5833333333333339 4.5000000000000009 59.20344827586208
decision_type=2 2 2 2 2 2
left_child=2 -2 3 -1 -3 -4
right_child=1 4 5 -5 -6 -7
leaf_value=-0.0082561783342997332 0.13145344066619871 0.027133253050362478 0.0062783575067476742 0.017408456662913449 -0.037778273154206635 -0.013133537643688754
leaf_weight=1339 31 324 439 1578 59 2270
leaf_count=1339 31 324 439 1578 59 2270
internal_value=9.51173e-06 0.0258087 -0.00189101 0.00562797 0.0170963 -0.00998703
internal_weight=6040 414 5626 2917 383 2709
internal_count=6040 414 5626 2917 383 2709
is_linear=0
shrinkage=0.01


Tree=243
num_leaves=7
num_cat=0
split_feature=85 76 32 78 15 76
split_gain=2905.95 4991.46 4260.76 3947.9 2396.59 1892.32
threshold=26.871229101790103 43.981527093596064 25.567748917748922 7.3819490879496712 -0.60785761079279388 44.18390804597702
decision_type=2 2 2 2 2 2
left_child=1 2 -1 -2 -5 -3
right_child=3 5 -4 4 -6 -7
leaf_value=0.027785089371461777 0.13191887885240408 -0.089071666422578466 -0.0017816513334572481 -0.047138136297169293 0.027178226515572512 -0.02383187644717176
leaf_weight=546 32 48 4506 50 309 549
leaf_count=546 32 48 4506 50 309 549
internal_value=9.51849e-06 -0.00181619 0.00141614 0.0263564 0.0167752 -0.0291483
internal_weight=6040 5649 5052 391 359 597
internal_count=6040 5649 5052 391 359 597
is_linear=0
shrinkage=0.01


Tree=244
num_leaves=8
num_cat=0
split_feature=85 80 79 79 67 16 69
split_gain=2850.24 3436.4 3603.51 3350.93 4341 1518.08 1365.72
threshold=26.483709764987939 50.385662431941931 5.007747689601227 2.5591954022988515 3.8137931034482762 -0.56174490092936669 26.29952962506842
decision_type=2 2 2 2 2 2 2
left_child=3 2 -2 4 -1 -5 -3
right_child=1 6 -4 5 -6 -7 -8
leaf_value=-0.012063504594199017 0.021700732384676708 -0.060467482652820523 0.11783365581896073 0.0015084902029089595 0.014012606525595803 -0.014789158427418004 0.010868717478600725
leaf_weight=943 95 30 66 819 1974 1890 223
leaf_count=943 95 30 66 819 1974 1890 223
internal_value=9.44241e-06 0.0253167 0.0613552 -0.00185483 0.005582 -0.00986241 0.00230533
internal_weight=6040 414 161 5626 2917 2709 253
internal_count=6040 414 161 5626 2917 2709 253
is_linear=0
shrinkage=0.01


Tree=245
num_leaves=8
num_cat=0
split_feature=22 92 36 73 53 67 56
split_gain=2801.35 1831.78 1814.68 1618.44 3335.79 2824.28 1517.51
threshold=17.850000000000005 17.464577777777784 63.916666666666671 17.648135735805514 588.30172413793116 5.3166666666666673 474.93218390804606
decision_type=2 2 2 2 2 2 2
left_child=1 6 -3 5 -5 -2 -1
right_child=3 2 -4 4 -6 -7 -8
leaf_value=0.0024203283540702317 -0.0054273070947324954 0.0078010293451559144 -0.0094608641132022404 -0.0053518209785116634 0.042809768563302868 0.037460915869837408 0.045371402491730051
leaf_weight=239 233 750 3231 840 173 449 125
leaf_count=239 233 750 3231 840 173 449 125
internal_value=9.41389e-06 -0.00424412 -0.00620811 0.0109114 0.00288978 0.0228145 0.0172134
internal_weight=6040 4345 3981 1695 1013 682 364
internal_count=6040 4345 3981 1695 1013 682 364
is_linear=0
shrinkage=0.01


Tree=246
num_leaves=8
num_cat=0
split_feature=12 71 73 71 36 90 86
split_gain=2807 2869.99 3652.46 3077.73 1439.18 1331.26 561.538
threshold=-0.3794095225512602 6.5425287356321844 21.101281130268202 7.3000000000000007 75.758156498673756 1.1190989886965221 7.0896625481772526
decision_type=2 2 2 2 2 2 2
left_child=4 2 -2 -3 5 -1 -6
right_child=1 3 -4 -5 6 -7 -8
leaf_value=-0.00162820155286653 -0.002869649320533497 0.053334104103227205 0.097937399372662576 0.010677964424292497 -0.0090812910423685479 0.045512419708812514 -0.021403286581126172
leaf_weight=701 2351 197 36 1182 854 65 654
leaf_count=701 2351 197 36 1182 854 65 654
internal_value=9.41628e-06 0.00530663 -0.00132891 0.0167892 -0.00876238 0.00239841 -0.0144308
internal_weight=6040 3766 2387 1379 2274 766 1508
internal_count=6040 3766 2387 1379 2274 766 1508
is_linear=0
shrinkage=0.01


Tree=247
num_leaves=7
num_cat=0
split_feature=85 76 78 71 5 76
split_gain=2762.24 5225.18 4498.29 4277.82 2487.24 1758.08
threshold=26.483709764987939 43.981527093596064 7.3819490879496712 6.6380952380952394 4.5000000000000009 44.18390804597702
decision_type=2 2 2 2 2 2
left_child=1 3 -2 -1 -4 -3
right_child=2 5 4 -5 -6 -7
leaf_value=-0.0041942725600242325 0.129388883339564 -0.088022232820078261 0.025248750635398144 0.016488524136038223 -0.046707671207664288 -0.025025313143952344
leaf_weight=3677 37 48 321 1373 56 528
leaf_count=3677 37 48 321 1373 56 528
internal_value=9.464e-06 -0.00182581 0.024923 0.00142997 0.0145112 -0.0303477
internal_weight=6040 5626 414 5050 377 576
internal_count=6040 5626 414 5050 377 576
is_linear=0
shrinkage=0.01


Tree=248
num_leaves=8
num_cat=0
split_feature=45 78 85 80 85 63 21
split_gain=2751.13 2573.39 3105.78 1860.16 2203.87 1653.1 696.805
threshold=22.004524886877832 12.430537279797374 26.483709764987939 42.769764969313393 25.065642493324038 12.850389321468301 26.161558109833976
decision_type=2 2 2 2 2 2 2
left_child=3 2 -2 5 -5 -1 -3
right_child=1 6 -4 4 -6 -7 -8
leaf_value=0.09335751979982751 -0.0028758858495148555 -0.053282926901009844 0.031741534073675359 0.0034638101890861147 0.0607986156610167 0.015274398322678307 -0.0099897451385718965
leaf_weight=58 4945 121 273 460 78 51 54
leaf_count=58 4945 121 273 460 78 51 54
internal_value=9.37368e-06 -0.00232877 -0.00106178 0.0194862 0.011826 0.0570644 -0.0399933
internal_weight=6040 5393 5218 647 538 109 175
internal_count=6040 5393 5218 647 538 109 175
is_linear=0
shrinkage=0.01


Tree=249
num_leaves=8
num_cat=0
split_feature=12 67 78 80 11 28 76
split_gain=2748.24 3146.16 1843.48 1446.55 1143.73 939.598 518.82
threshold=-0.3794095225512602 6.7166666666666677 8.9768399259935361 27.758620689655178 -0.25881904510252113 25.138095238095243 49.033333333333339
decision_type=2 2 2 2 2 2 2
left_child=4 3 -3 -2 5 -1 -6
right_child=1 2 -4 -5 6 -7 -8
leaf_value=0.047556737520608551 -0.023555007014970899 0.021709849926873921 -0.00072527623785907907 0.00026450138118935026 -0.012004901398641233 -0.0013675820191001212 -0.033825125483080802
leaf_weight=41 299 1232 521 1714 1390 725 118
leaf_count=41 299 1232 521 1714 1390 725 118
internal_value=9.39535e-06 0.00525088 0.0150434 -0.00327824 -0.00867011 0.00127974 -0.0137233
internal_weight=6040 3766 1753 2013 2274 766 1508
internal_count=6040 3766 1753 2013 2274 766 1508
is_linear=0
shrinkage=0.01


Tree=250
num_leaves=8
num_cat=0
split_feature=45 6 31 13 76 77 76
split_gain=2688.37 3010.18 2759.58 2352.62 4124.94 2896.26 1310.57
threshold=22.004524886877832 23.500000000000004 25.966091954022989 0.68301270189221941 43.981527093596064 14.132929940780569 43.981527093596064
decision_type=2 2 2 2 2 2 2
left_child=1 6 -3 4 -2 -5 -1
right_child=3 2 -4 5 -6 -7 -8
leaf_value=0.013891361877716578 -0.0023963906758057078 0.0068091844262498803 0.082320232714907529 0.048278287535158608 -0.034788199793564387 0.0037361329893820915 -0.027407630531920999
leaf_weight=349 3802 82 118 171 438 982 98
leaf_count=349 3802 82 118 171 438 982 98
internal_value=9.29732e-06 0.0192627 0.0514574 -0.00230202 -0.00574635 0.0103606 0.00481537
internal_weight=6040 647 200 5393 4240 1153 447
internal_count=6040 647 200 5393 4240 1153 447
is_linear=0
shrinkage=0.01


Tree=251
num_leaves=7
num_cat=0
split_feature=73 78 79 71 8 36
split_gain=2566.81 4178.9 3400.55 4622.72 2530.23 1341.91
threshold=28.700537738005035 7.3819490879496712 2.5591954022988515 3.5833333333333339 1.0000000180025095e-35 59.20344827586208
decision_type=2 2 2 2 2 2
left_child=2 -2 3 -1 -3 -4
right_child=1 4 5 -5 -6 -7
leaf_value=-0.0078898908582353666 0.12768017555262945 0.026929558004547563 0.0062910294066129838 0.017235219021638232 -0.051077127663776124 -0.012693123976500569
leaf_weight=1339 36 260 444 1615 49 2297
leaf_count=1339 36 260 444 1615 49 2297
internal_value=9.28006e-06 0.0264751 -0.0015961 0.00584684 0.0144954 -0.00961721
internal_weight=6040 345 5695 2954 309 2741
internal_count=6040 345 5695 2954 309 2741
is_linear=0
shrinkage=0.01


Tree=252
num_leaves=8
num_cat=0
split_feature=12 85 15 74 36 81 84
split_gain=2687.9 2623.64 3182.79 2198.32 1382.37 958.52 541.668
threshold=-0.3794095225512602 27.218620361483605 -0.8783796973249266 8.7410042353834765 75.758156498673756 20.559249740416117 6.7909196428812644
decision_type=2 2 2 2 2 2 2
left_child=4 3 -3 -2 5 -1 -6
right_child=1 2 -4 -5 6 -7 -8
leaf_value=-0.0023439633099623853 0.0067744435097071044 -0.049932937843698851 0.052902272054080178 -0.013614854377047896 -0.0090507748984456956 0.028913305945984728 -0.021214075553870809
leaf_weight=651 2884 35 200 647 879 115 629
leaf_count=651 2884 35 200 647 879 115 629
internal_value=9.27539e-06 0.0051929 0.0375108 0.00303689 -0.00857442 0.00236385 -0.0141299
internal_weight=6040 3766 235 3531 2274 766 1508
internal_count=6040 3766 235 3531 2274 766 1508
is_linear=0
shrinkage=0.01


Tree=253
num_leaves=8
num_cat=0
split_feature=45 6 13 75 77 67 76
split_gain=2605.82 2925.84 2271.29 4044.11 2844.85 1608.42 1283.54
threshold=22.004524886877832 23.500000000000004 0.68301270189221941 8.155172413793105 14.132929940780569 11.701851851851854 43.981527093596064
decision_type=2 2 2 2 2 2 2
left_child=1 6 3 -2 -4 -3 -1
right_child=2 5 4 -5 -6 -7 -8
leaf_value=0.013703145060565681 -0.0028719262543905966 0.078145813863922442 0.04775504832434585 -0.039978308634753303 0.0036100877440840237 0.021310706414931858 -0.027167575174479316
leaf_weight=349 3923 103 171 317 982 97 98
leaf_count=349 3923 103 171 317 982 97 98
internal_value=9.17391e-06 0.0189647 -0.00226638 -0.00565066 0.0101755 0.0507052 0.00472121
internal_weight=6040 647 5393 4240 1153 200 447
internal_count=6040 647 5393 4240 1153 200 447
is_linear=0
shrinkage=0.01


Tree=254
num_leaves=8
num_cat=0
split_feature=12 72 6 46 36 90 74
split_gain=2634.84 2876.51 2490.27 1627.86 1346.32 1302.28 516.954
threshold=-0.3794095225512602 27.143333333333338 29.500000000000004 24.902380952380955 75.758156498673756 1.0780771725032428 8.8515191829699837
decision_type=2 2 2 2 2 2 2
left_child=4 3 -3 -2 5 -1 -6
right_child=1 2 -4 -5 6 -7 -8
leaf_value=-0.0017103091315030627 0.011595302079949974 0.016035480681970655 -0.034353538572788236 -0.0099164635990938183 -0.011284299040484225 0.044595535874366758 -0.026764711464425807
leaf_weight=700 482 1883 103 1298 1247 66 261
leaf_count=700 482 1883 103 1298 1247 66 261
internal_value=9.16123e-06 0.00514136 0.0134139 -0.00408947 -0.00848938 0.00230532 -0.0139719
internal_weight=6040 3766 1986 1780 2274 766 1508
internal_count=6040 3766 1986 1780 2274 766 1508
is_linear=0
shrinkage=0.01


Tree=255
num_leaves=8
num_cat=0
split_feature=12 67 77 80 79 48 4
split_gain=2582.4 3001.17 1793.37 1400.47 1117.67 1450.4 1049.59
threshold=-0.3794095225512602 6.7166666666666677 15.030954100668307 27.758620689655178 1.0813205693270787 22.317711700064645 13.500000000000002
decision_type=2 2 2 2 2 2 2
left_child=4 3 -3 -2 5 -1 -6
right_child=1 2 -4 -5 6 -7 -8
leaf_value=-0.015722672810630195 -0.023191482017280066 0.024385503781417805 0.0041406215893476763 0.00024551627509753317 -0.014491024187312563 0.079665179421351498 9.3774836797269701e-05
leaf_weight=31 299 910 843 1714 1468 32 743
leaf_count=31 299 910 843 1714 1468 32 743
internal_value=9.05736e-06 0.00508993 0.0146542 -0.00324033 -0.00840448 0.0329662 -0.00959071
internal_weight=6040 3766 1753 2013 2274 63 2211
internal_count=6040 3766 1753 2013 2274 63 2211
is_linear=0
shrinkage=0.01


Tree=256
num_leaves=8
num_cat=0
split_feature=85 76 46 80 79 76 5
split_gain=2559.79 4968.81 3546.5 3210.59 3390.16 1714.03 1306.6
threshold=26.483709764987939 43.981527093596064 25.712068965517243 50.385662431941931 5.007747689601227 44.18390804597702 3.5000000000000004
decision_type=2 2 2 2 2 2 2
left_child=1 2 -1 4 -2 -3 -5
right_child=3 5 -4 6 -6 -7 -8
leaf_value=0.0094137177071808003 0.020368012802763135 -0.086516806553319545 -0.0073633255667968044 0.018190957504612682 0.11360630075913625 -0.024316346026308548 -0.029537332808630804
leaf_weight=2643 95 48 2407 166 66 528 87
leaf_count=2643 95 48 2407 166 66 528 87
internal_value=9.01324e-06 -0.00175772 0.00141718 0.0239921 0.0588264 -0.0295711 0.0017506
internal_weight=6040 5626 5050 414 161 576 253
internal_count=6040 5626 5050 414 161 576 253
is_linear=0
shrinkage=0.01


Tree=257
num_leaves=8
num_cat=0
split_feature=22 32 88 36 71 71 41
split_gain=2545.15 2116.4 1862.6 1555.92 1487.61 1407.11 1299.21
threshold=19.203448275862073 25.567748917748922 -2.3637931034482755 63.916666666666671 9.1356321839080472 7.4248269305741905 26.996282320110286
decision_type=2 2 2 2 2 2 2
left_child=1 4 5 -3 -1 -2 -4
right_child=2 3 6 -5 -6 -7 -8
leaf_value=0.022433690829573347 0.015123526315521271 0.0059932524868589569 0.029335169715176385 -0.0092024257968533318 -0.029051015341928763 -0.012014490950156146 -0.0078152355204688193
leaf_weight=434 360 851 583 3230 64 406 112
leaf_count=434 360 851 583 3230 64 406 112
internal_value=8.93375e-06 -0.00365783 0.0114988 -0.00603324 0.0157937 0.000740562 0.0233463
internal_weight=6040 4579 1461 4081 498 766 695
internal_count=6040 4579 1461 4081 498 766 695
is_linear=0
shrinkage=0.01


Tree=258
num_leaves=8
num_cat=0
split_feature=12 67 28 68 79 47 4
split_gain=2502.66 2921.91 1774.44 1301.49 1092.35 1221.7 1020.32
threshold=-0.3794095225512602 6.7166666666666677 24.991666666666671 39.000000000000007 1.0813205693270787 22.081717770720331 13.500000000000002
decision_type=2 2 2 2 2 2 2
left_child=4 3 -3 -2 5 -1 -6
right_child=1 2 -4 -5 6 -7 -8
leaf_value=-0.0093950038739104777 -0.0043305421299337631 0.072880262209637336 0.012711048947185789 0.05437579421563582 -0.014277989035480516 0.078260492190474359 0.00010195110768966613
leaf_weight=33 1975 50 1703 38 1468 30 743
leaf_count=33 1975 50 1703 38 1468 30 743
internal_value=8.85578e-06 0.00501067 0.0144478 -0.00320885 -0.00827378 0.0326254 -0.0094465
internal_weight=6040 3766 1753 2013 2274 63 2211
internal_count=6040 3766 1753 2013 2274 63 2211
is_linear=0
shrinkage=0.01


Tree=259
num_leaves=8
num_cat=0
split_feature=45 6 31 79 73 79 76
split_gain=2469.17 2849.88 2691.15 1926.47 2708.28 1996.54 1227.65
threshold=22.004524886877832 23.500000000000004 25.966091954022989 2.5591954022988515 28.700537738005035 2.3896551724137933 43.981527093596064
decision_type=2 2 2 2 2 2 2
left_child=1 6 -3 5 -5 -2 -1
right_child=3 2 -4 4 -6 -7 -8
leaf_value=0.013188094608773489 -0.0038586088311353506 0.0057020147362441733 0.080263760240049054 -0.011064695761806614 0.022150796031912116 0.01390377605902971 -0.02678274266278078
leaf_weight=349 1415 82 118 2563 271 1144 98
leaf_count=349 1415 82 118 2563 271 1144 98
internal_value=8.92561e-06 0.0184607 0.0497864 -0.00220615 -0.00788496 0.00408303 0.00440366
internal_weight=6040 647 200 5393 2834 2559 447
internal_count=6040 647 200 5393 2834 2559 447
is_linear=0
shrinkage=0.01


Tree=260
num_leaves=8
num_cat=0
split_feature=12 72 6 63 4 46 92
split_gain=2454 2737.96 2427.69 1564.97 1038.87 1034.79 578.077
threshold=-0.3794095225512602 27.143333333333338 29.500000000000004 16.271264367816094 13.500000000000002 22.471428571428575 17.426950000000001
decision_type=2 2 2 2 2 2 2
left_child=4 3 -3 -2 6 -6 -1
right_child=1 2 -4 -5 5 -7 -8
leaf_value=0.0030956489554867339 -0.0056280016879573435 0.015621190730327819 -0.034130412630700831 0.051398537733338093 0.031031578230226568 -0.0032464385386183786 -0.0153870774654267
leaf_weight=194 1731 1883 103 49 101 665 1314
leaf_count=194 1731 1883 103 49 101 665 1314
internal_value=8.91457e-06 0.00496186 0.0130327 -0.0040439 -0.00819279 0.00128989 -0.0130088
internal_weight=6040 3766 1986 1780 2274 766 1508
internal_count=6040 3766 1986 1780 2274 766 1508
is_linear=0
shrinkage=0.01


Tree=261
num_leaves=7
num_cat=0
split_feature=85 71 79 71 8 16
split_gain=2432.69 3462.25 3103.76 4246.03 1888.32 1431.54
threshold=26.483709764987939 8.5833333333333339 2.5591954022988515 3.5833333333333339 1.0000000180025095e-35 -0.56174490092936669
decision_type=2 2 2 2 2 2
left_child=2 -2 3 -1 -3 -4
right_child=1 4 5 -5 -6 -7
leaf_value=-0.007651894953887536 0.1241846113394177 0.024557806386639621 0.0016218785565639683 0.016555351432170368 -0.036740890863562831 -0.01420431630798886
leaf_weight=1339 31 324 819 1578 59 1890
leaf_count=1339 31 324 819 1578 59 1890
internal_value=8.86001e-06 0.023389 -0.00171345 0.00544384 0.015078 -0.00942005
internal_weight=6040 414 5626 2917 383 2709
internal_count=6040 414 5626 2917 383 2709
is_linear=0
shrinkage=0.01


Tree=262
num_leaves=7
num_cat=0
split_feature=85 78 79 71 53 16
split_gain=2385.61 3487.15 2938.97 4107.07 1409.19 1355.88
threshold=26.871229101790103 7.3819490879496712 2.5591954022988515 3.5833333333333339 521.7959770114943 -0.56174490092936669
decision_type=2 2 2 2 2 2
left_child=2 -2 3 -1 -3 -4
right_child=1 4 5 -5 -6 -7
leaf_value=-0.0075754045182286293 0.12309024158257705 -0.0046606154665759167 0.001624819772158156 0.016208293367436292 0.034926361714387448 -0.013747208501847279
leaf_weight=1339 32 182 821 1585 177 1904
leaf_count=1339 32 182 821 1585 177 1904
internal_value=8.86108e-06 0.0238807 -0.00164533 0.00531732 0.0148772 -0.00911622
internal_weight=6040 391 5649 2924 359 2725
internal_count=6040 391 5649 2924 359 2725
is_linear=0
shrinkage=0.01


Tree=263
num_leaves=8
num_cat=0
split_feature=36 11 9 71 32 71 72
split_gain=2319.23 3109.76 2433.93 2378.75 1991.64 1428.98 541.232
threshold=63.350000000000009 0.91597561503675362 1.0000000180025095e-35 6.0678160919540236 23.001575694093908 7.2540229885057483 27.143333333333338
decision_type=2 2 2 2 2 2 2
left_child=3 4 -3 6 -2 -5 -1
right_child=1 2 -4 5 -6 -7 -8
leaf_value=-0.0089547659102616976 0.062957371233422071 0.028668018414884529 -0.010161657614913798 0.060128506045844694 -0.0075326425066136521 0.018939552245466167 0.0087859862002459439
leaf_weight=398 40 483 242 99 3919 557 302
leaf_count=398 40 483 242 99 3919 557 302
internal_value=8.89653e-06 -0.00332525 0.0157082 0.0115233 -0.00681246 0.0251974 -0.00129938
internal_weight=6040 4684 725 1356 3959 656 700
internal_count=6040 4684 725 1356 3959 656 700
is_linear=0
shrinkage=0.01


Tree=264
num_leaves=8
num_cat=0
split_feature=45 6 31 78 85 5 66
split_gain=2348.27 2770.84 2636.51 2454.85 2682.67 827.319 715.764
threshold=22.004524886877832 23.500000000000004 25.966091954022989 12.430537279797374 26.483709764987939 2.5000000000000004 10.744330188013697
decision_type=2 2 2 2 2 2 2
left_child=1 5 -3 4 -2 -1 -5
right_child=3 2 -4 6 -6 -7 -8
leaf_value=-0.0097882769587929238 -0.0025998088207185594 0.0052594742938424609 0.079057717553485299 -0.049017764053284278 0.029573332926207369 0.017399265205678336 0.001489463944040554
leaf_weight=218 4945 82 118 140 273 229 35
leaf_count=218 4945 82 118 140 273 229 35
internal_value=8.93488e-06 0.0180033 0.0488915 -0.00215123 -0.000913778 0.00414278 -0.038938
internal_weight=6040 647 200 5393 5218 447 175
internal_count=6040 647 200 5393 5218 447 175
is_linear=0
shrinkage=0.01


Tree=265
num_leaves=8
num_cat=0
split_feature=12 72 6 46 79 48 11
split_gain=2377.12 2601.53 2361.52 1513.65 1052.44 1398.69 969.829
threshold=-0.3794095225512602 27.143333333333338 29.500000000000004 24.902380952380955 1.0813205693270787 22.317711700064645 -0.25881904510252113
decision_type=2 2 2 2 2 2 2
left_child=4 3 -3 -2 5 -1 -6
right_child=1 2 -4 -5 6 -7 -8
leaf_value=-0.015727458060733855 0.011229647341880158 0.015303828139292217 -0.03376487667405087 -0.0095137471542482109 9.478407627987477e-05 0.07794150366642727 -0.013924863643702474
leaf_weight=31 482 1883 103 1298 743 32 1468
leaf_count=31 482 1883 103 1298 743 32 1468
internal_value=8.90545e-06 0.00488366 0.0127509 -0.00389486 -0.00806331 0.0320816 -0.00921442
internal_weight=6040 3766 1986 1780 2274 63 2211
internal_count=6040 3766 1986 1780 2274 63 2211
is_linear=0
shrinkage=0.01


Tree=266
num_leaves=8
num_cat=0
split_feature=12 67 77 80 36 90 86
split_gain=2329.77 2688.43 1774.33 1335.27 1200.2 1264.69 544.327
threshold=-0.3794095225512602 6.7166666666666677 15.030954100668307 27.758620689655178 75.758156498673756 1.0780771725032428 7.0896625481772526
decision_type=2 2 2 2 2 2 2
left_child=4 3 -3 -2 5 -1 -6
right_child=1 2 -4 -5 6 -7 -8
leaf_value=-0.0017477350239798182 -0.022530694608422674 0.023566461329216946 0.0034299264067130316 0.00035421690220348962 -0.0078931910277912683 0.043884888120611809 -0.020023199768394027
leaf_weight=700 299 910 843 1714 854 66 654
leaf_count=700 299 910 843 1714 854 66 654
internal_value=8.84174e-06 0.0048348 0.013887 -0.00304949 -0.00798257 0.00220947 -0.013159
internal_weight=6040 3766 1753 2013 2274 766 1508
internal_count=6040 3766 1753 2013 2274 766 1508
is_linear=0
shrinkage=0.01


Tree=267
num_leaves=7
num_cat=0
split_feature=85 76 78 71 5 76
split_gain=2289.65 4887.73 4087.52 3659.79 2203.84 1668.6
threshold=26.483709764987939 43.981527093596064 7.3819490879496712 6.6380952380952394 4.5000000000000009 44.18390804597702
decision_type=2 2 2 2 2 2
left_child=1 3 -2 -1 -4 -3
right_child=2 5 4 -5 -6 -7
leaf_value=-0.0037153926192572623 0.12227125268300375 -0.085434031931395385 0.02287598127126042 0.015415096874328816 -0.044855283986150685 -0.02406289583871753
leaf_weight=3677 37 48 321 1373 56 528
leaf_count=3677 37 48 321 1373 56 528
internal_value=8.76825e-06 -0.00166214 0.0226911 0.00148674 0.0127677 -0.0292477
internal_weight=6040 5626 414 5050 377 576
internal_count=6040 5626 414 5050 377 576
is_linear=0
shrinkage=0.01


Tree=268
num_leaves=8
num_cat=0
split_feature=12 72 6 63 36 90 84
split_gain=2280.21 2517.1 2311.38 1500.19 1178.24 1240.59 521.735
threshold=-0.3794095225512602 27.143333333333338 29.500000000000004 16.271264367816094 75.758156498673756 1.0780771725032428 6.7909196428812644
decision_type=2 2 2 2 2 2 2
left_child=4 3 -3 -2 5 -1 -6
right_child=1 2 -4 -5 6 -7 -8
leaf_value=-0.0017182443378603541 -0.0054028651921093082 0.015047266622544431 -0.033497661295720342 0.050430811501512622 -0.0080422352524447786 0.043477559073527051 -0.019978279783056475
leaf_weight=700 1731 1883 103 49 879 66 629
leaf_count=700 1731 1883 103 49 879 66 629
internal_value=8.68096e-06 0.00478303 0.0125215 -0.00385186 -0.00789727 0.00220108 -0.0130262
internal_weight=6040 3766 1986 1780 2274 766 1508
internal_count=6040 3766 1986 1780 2274 766 1508
is_linear=0
shrinkage=0.01


Tree=269
num_leaves=7
num_cat=0
split_feature=45 78 32 69 78 2
split_gain=2251.12 2388.27 2934.96 1523.13 2525.5 631.969
threshold=22.004524886877832 12.430537279797374 25.966091954022989 32.694009268861812 9.3072967489568601 22.168894830659543
decision_type=2 2 2 2 2 2
left_child=3 2 -2 4 -1 -3
right_child=1 5 -4 -5 -6 -7
leaf_value=0.031500282054860003 0.020562399188471057 -0.064292346667468067 -0.003507778956116355 0.069276579711550754 -0.0099226671040843883 -0.02430667572738562
leaf_weight=330 568 61 4650 52 265 114
leaf_count=330 568 61 4650 52 265 114
internal_value=8.62507e-06 -0.00210639 -0.00088583 0.0176269 0.0130577 -0.0383908
internal_weight=6040 5393 5218 647 595 175
internal_count=6040 5393 5218 647 595 175
is_linear=0
shrinkage=0.01


Tree=270
num_leaves=7
num_cat=0
split_feature=85 78 79 71 5 16
split_gain=2241.26 4004.29 2951.62 3935.53 2134.22 1347.67
threshold=26.483709764987939 7.3819490879496712 2.5591954022988515 3.5833333333333339 4.5000000000000009 -0.56174490092936669
decision_type=2 2 2 2 2 2
left_child=2 -2 3 -1 -3 -4
right_child=1 4 5 -5 -6 -7
leaf_value=-0.0072727735934099589 0.12101110088348389 0.022575359208066116 0.0015536413587836631 0.016032580927545354 -0.044077533939243414 -0.013801960459327672
leaf_weight=1339 37 321 819 1578 56 1890
leaf_count=1339 37 321 819 1578 56 1890
internal_value=8.55313e-06 0.02245 -0.0016446 0.00533506 0.0126281 -0.00915995
internal_weight=6040 414 5626 2917 377 2709
internal_count=6040 414 5626 2917 377 2709
is_linear=0
shrinkage=0.01


Tree=271
num_leaves=8
num_cat=0
split_feature=32 39 76 85 78 76 29
split_gain=2224.85 3009.72 2994.18 2146.03 4003.14 3946.94 1344.97
threshold=24.001830120549666 83.750000000000014 31.881609195402302 26.483709764987939 7.3819490879496712 43.981527093596064 24.135632183908047
decision_type=2 2 2 2 2 2 2
left_child=1 6 -3 5 -5 -2 -1
right_child=3 2 -4 4 -6 -7 -8
leaf_value=0.051304789729181087 -2.5011510133520247e-06 0.013133004174857844 0.14823876497190294 0.11981712421099344 0.01103026880411793 -0.028837786635538151 -0.012504535206245934
leaf_weight=47 4910 30 36 37 347 525 108
leaf_count=47 4910 30 36 37 347 525 108
internal_value=8.5471e-06 0.0311152 0.0873951 -0.00117534 0.0216558 -0.00279037 0.00694364
internal_weight=6040 221 66 5819 384 5435 155
internal_count=6040 221 66 5819 384 5435 155
is_linear=0
shrinkage=0.01


Tree=272
num_leaves=8
num_cat=0
split_feature=12 67 78 80 4 46 92
split_gain=2224.13 2529.7 1721.64 1305.53 959.262 962.682 534.61
threshold=-0.3794095225512602 6.7166666666666677 8.9768399259935361 53.750000000000007 13.500000000000002 22.471428571428575 17.426950000000001
decision_type=2 2 2 2 2 2 2
left_child=4 3 -3 -2 6 -6 -1
right_child=1 2 -4 -5 5 -7 -8
leaf_value=0.0030596613475435191 -0.001844523100699031 0.019947321483031723 -0.0017328587363858922 -0.063030647508695095 0.029999359387133655 -0.0030627952088384276 -0.014714363845536389
leaf_weight=194 1978 1232 521 35 101 665 1314
leaf_count=194 1978 1232 521 35 101 665 1314
internal_value=8.71262e-06 0.00472399 0.0135049 -0.002924 -0.00779942 0.00131265 -0.0124272
internal_weight=6040 3766 1753 2013 2274 766 1508
internal_count=6040 3766 1753 2013 2274 766 1508
is_linear=0
shrinkage=0.01


Tree=273
num_leaves=8
num_cat=0
split_feature=32 5 73 78 76 76 27
split_gain=2176.27 3589.82 2143.81 3704.29 2987.5 2084.2 1724.7
threshold=24.001830120549666 3.5000000000000004 28.700537738005035 7.3819490879496712 43.981527093596064 30.877777777777784 28.914285714285715
decision_type=2 2 2 2 2 2 2
left_child=1 6 4 -4 -2 -3 -1
right_child=2 5 3 -5 -6 -7 -8
leaf_value=-0.018751762960955154 -0.00012420828708409069 0.031514462084837366 0.11879765112432715 0.011765878802997218 -0.024315098296795318 0.1387383737223489 0.057144926855722103
leaf_weight=107 4929 35 36 285 569 38 41
leaf_count=107 4929 35 36 285 569 38 41
internal_value=8.597e-06 0.0307738 -0.00116229 0.0239371 -0.00262985 0.0879006 0.00239192
internal_weight=6040 221 5819 321 5498 73 148
internal_count=6040 221 5819 321 5498 73 148
is_linear=0
shrinkage=0.01


Tree=274
num_leaves=8
num_cat=0
split_feature=12 12 48 33 36 68 65
split_gain=2180.84 3162.89 2697.77 2193.17 1696.78 1204.83 725.099
threshold=-0.12940952255126037 0.37940952255126048 22.676230364304818 88.593103448275869 75.758156498673756 36.109674540716291 35.488293650793658
decision_type=2 2 2 2 2 2 2
left_child=4 3 -3 -2 5 -1 -6
right_child=1 2 -4 -5 6 -7 -8
leaf_value=-0.0011058049163971296 0.012193904557427285 0.026007818855544717 -0.0054336998985910091 0.047238238847255705 -0.013511952977740422 0.028080362796519709 0.027394740302910968
leaf_weight=854 773 317 1942 232 1709 169 44
leaf_count=854 773 317 1942 232 1709 169 44
internal_value=8.7724e-06 0.00554998 -0.00101659 0.0203037 -0.00650618 0.00372664 -0.0124774
internal_weight=6040 3264 2259 1005 2776 1023 1753
internal_count=6040 3264 2259 1005 2776 1023 1753
is_linear=0
shrinkage=0.01


Tree=275
num_leaves=8
num_cat=0
split_feature=45 6 31 78 73 74 66
split_gain=2156.9 2643.09 2566.99 2324.47 2559.39 847.575 714.188
threshold=22.004524886877832 23.500000000000004 25.966091954022989 12.430537279797374 28.700537738005035 8.6101409142995156 10.744330188013697
decision_type=2 2 2 2 2 2 2
left_child=1 5 -3 4 -2 -1 -5
right_child=3 2 -4 6 -6 -7 -8
leaf_value=0.012628361312356642 -0.0023420476260674911 0.0043743710767139097 0.077187579707128598 -0.047926931019355398 0.032172879485948581 -0.017510629133008559 0.0025111265052372299
leaf_weight=315 4994 82 118 140 224 132 35
leaf_count=315 4994 82 118 140 224 132 35
internal_value=8.78556e-06 0.0172544 0.047422 -0.00206149 -0.000857343 0.00371752 -0.0378581
internal_weight=6040 647 200 5393 5218 447 175
internal_count=6040 647 200 5393 5218 447 175
is_linear=0
shrinkage=0.01


Tree=276
num_leaves=8
num_cat=0
split_feature=32 74 85 71 79 83 69
split_gain=2121.08 3062.5 2680.73 3281.28 2318.49 2163.02 1926.21
threshold=25.966091954022989 8.6101409142995156 25.065642493324038 8.5833333333333339 2.5591954022988515 11.549925883063006 29.972393951833606
decision_type=2 2 2 2 2 2 2
left_child=1 5 4 -4 -2 -1 -3
right_child=2 6 3 -5 -6 -7 -8
leaf_value=0.0075500086870168882 0.002446340321519721 -0.021839057335279681 0.11982542513333835 0.014413132542085365 -0.011411559217838414 0.047522210861211597 0.044651361152671633
leaf_weight=254 2461 256 32 326 2369 290 52
leaf_count=254 2461 256 32 326 2369 290 52
internal_value=8.7491e-06 0.0146272 -0.00239304 0.0239908 -0.004351 0.0288837 -0.0105576
internal_weight=6040 852 5188 358 4830 544 308
internal_count=6040 852 5188 358 4830 544 308
is_linear=0
shrinkage=0.01


Tree=277
num_leaves=8
num_cat=0
split_feature=36 11 9 69 32 78 68
split_gain=2148.67 2874.56 2334.03 2031.02 1885.78 1834.81 839.813
threshold=63.350000000000009 0.91597561503675362 1.0000000180025095e-35 29.326067323481123 23.001575694093908 9.4164136195328343 45.677011494252881
decision_type=2 2 2 2 2 2 2
left_child=3 4 -3 5 -2 -1 -5
right_child=1 2 -4 6 -6 -7 -8
leaf_value=0.013457718611562204 0.061337107370940988 0.027790313847956872 -0.010233798294253263 0.032914823922243978 -0.0072539196463177269 -0.018318159906630636 0.099045793715807115
leaf_weight=1056 40 483 242 49 3919 219 32
leaf_count=1056 40 483 242 49 3919 219 32
internal_value=8.83224e-06 -0.00320038 0.0150991 0.0110918 -0.00655312 0.00799431 0.0594941
internal_weight=6040 4684 725 1356 3959 1275 81
internal_count=6040 4684 725 1356 3959 1275 81
is_linear=0
shrinkage=0.01


Tree=278
num_leaves=8
num_cat=0
split_feature=45 6 32 76 85 67 76
split_gain=2091.17 2558.76 1850.88 3465.15 2046.04 1526.61 1130.3
threshold=22.004524886877832 23.500000000000004 25.966091954022989 41.223809523809528 26.483709764987939 11.701851851851854 43.981527093596064
decision_type=2 2 2 2 2 2 2
left_child=1 6 3 -2 -4 -3 -1
right_child=2 5 4 -5 -6 -7 -8
leaf_value=0.012100050665342246 0.029994237081690196 0.073401037428402094 -0.0059112998018273216 -0.019785065865022364 0.020640534706851663 0.01805392945852035 -0.026252958309831955
leaf_weight=349 433 103 4444 206 310 97 98
leaf_count=349 433 103 4444 206 310 97 98
internal_value=8.90929e-06 0.0169897 -0.00202957 0.0139427 -0.00417781 0.0466721 0.00367051
internal_weight=6040 647 5393 639 4754 200 447
internal_count=6040 647 5393 639 4754 200 447
is_linear=0
shrinkage=0.01


Tree=279
num_leaves=8
num_cat=0
split_feature=36 11 4 71 32 75 78
split_gain=2101.89 2811.57 2286.12 2154.17 1842.16 1639.83 941.427
threshold=63.350000000000009 0.91597561503675362 6.5000000000000009 6.0678160919540236 23.001575694093908 4.8166666666666673 9.6075820481706895
decision_type=2 2 2 2 2 2 2
left_child=3 4 -3 6 -2 -5 -1
right_child=1 2 -4 5 -6 -7 -8
leaf_value=0.0034263354576414247 0.060619404655547784 0.027492984167538054 -0.010138883331341227 0.061619039020259975 -0.007173625825146919 0.017323113020219331 -0.030063291115332871
leaf_weight=603 40 483 242 98 3919 558 97
leaf_count=603 40 483 242 98 3919 558 97
internal_value=8.90566e-06 -0.00316517 0.0149327 0.0109706 -0.00648098 0.0239831 -0.0012318
internal_weight=6040 4684 725 1356 3959 656 700
internal_count=6040 4684 725 1356 3959 656 700
is_linear=0
shrinkage=0.01


Tree=280
num_leaves=8
num_cat=0
split_feature=12 67 28 12 4 28 53
split_gain=2075.38 2370.69 1693.84 1200.22 906.957 833.985 523.073
threshold=-0.3794095225512602 6.7166666666666677 24.991666666666671 0.60355339059327384 13.500000000000002 25.138095238095243 368.98333333333341
decision_type=2 2 2 2 2 2 2
left_child=4 3 -3 -2 6 -6 -1
right_child=1 2 -4 -5 5 -7 -8
leaf_value=-0.019916595630456283 0.0048764470774319861 0.070151937553198027 0.011367793450585235 -0.010563049160915631 0.044925170303109177 -0.0011676189130105381 -0.0076272693935187444
leaf_weight=540 1007 50 1703 1006 41 725 968
leaf_count=540 1007 50 1703 1006 41 725 968
internal_value=8.91932e-06 0.00456379 0.0130643 -0.00283992 -0.00753359 0.00132653 -0.0120334
internal_weight=6040 3766 1753 2013 2274 766 1508
internal_count=6040 3766 1753 2013 2274 766 1508
is_linear=0
shrinkage=0.01


Tree=281
num_leaves=8
num_cat=0
split_feature=36 11 4 71 71 56 62
split_gain=2042.53 2715.27 2243.82 2095.8 1414.83 1016.44 531.419
threshold=63.350000000000009 0.91597561503675362 6.5000000000000009 6.0678160919540236 7.2540229885057483 471.57586206896559 7.1633119726594332
decision_type=2 2 2 2 2 2 2
left_child=3 5 -3 6 -5 -2 -1
right_child=1 2 -4 4 -6 -7 -8
leaf_value=0.0018485799888843476 -0.0097637483271044677 0.027108813141408113 -0.010173112952171525 0.05840422541210101 0.017424820519629618 0.0012039604820331543 -0.025916978245396766
leaf_weight=623 2737 483 242 99 557 1222 77
leaf_count=623 2737 483 242 99 557 1222 77
internal_value=8.90549e-06 -0.00312003 0.0146652 0.0108147 0.0236497 -0.00637856 -0.00122124
internal_weight=6040 4684 725 1356 656 3959 700
internal_count=6040 4684 725 1356 656 3959 700
is_linear=0
shrinkage=0.01


Tree=282
num_leaves=8
num_cat=0
split_feature=17 78 32 39 45 75 2
split_gain=2020.8 2100.28 2424.64 1190.23 865.453 853.424 480.374
threshold=36.276854925394737 12.613473963960383 24.001830120549666 80.183333333333351 22.168894830659543 8.4500000000000011 22.168894830659543
decision_type=2 2 2 2 2 2 2
left_child=1 2 -1 4 -2 -5 -3
right_child=3 6 -4 5 -6 -7 -8
leaf_value=0.038527549543591333 0.075522402827332663 -0.051855696219884 -0.0011471920905547889 0.031779905313732974 0.025088483711716476 -0.030507259773404408 -0.019617452575532202
leaf_weight=158 61 83 5467 43 78 44 106
leaf_count=158 61 83 5467 43 78 44 106
internal_value=8.86699e-06 -0.00113258 -2.93585e-05 0.0293131 0.0474163 0.000278318 -0.0338771
internal_weight=6040 5814 5625 226 139 87 189
internal_count=6040 5814 5625 226 139 87 189
is_linear=0
shrinkage=0.01


Tree=283
num_leaves=8
num_cat=0
split_feature=36 32 87 69 86 68 80
split_gain=1997.35 2314.45 2105.26 1940.43 1417.47 816.108 736.899
threshold=63.350000000000009 28.535497835497839 13.14479869204129 29.326067323481123 8.7788953213254981 45.677011494252881 55.163247195839681
decision_type=2 2 2 2 2 2 2
left_child=3 2 -2 4 -1 -5 -3
right_child=1 6 -4 5 -6 -7 -8
leaf_value=0.013118494049418799 0.0019636325381367998 -0.010487906157879293 0.081736228238290812 0.031812962311084825 -0.012705822647861955 0.096989413246741665 -0.059266755906362378
leaf_weight=1006 2661 1959 33 49 269 32 31
leaf_count=1006 2661 1959 33 49 269 32 31
internal_value=8.8336e-06 -0.0030853 0.00295597 0.0106944 0.00766683 0.0580049 -0.0112627
internal_weight=6040 4684 2694 1356 1275 81 1990
internal_count=6040 4684 2694 1356 1275 81 1990
is_linear=0
shrinkage=0.01


Tree=284
num_leaves=8
num_cat=0
split_feature=23 38 65 29 11 67 48
split_gain=1970.98 1577.6 1997.57 1473.44 1568.73 1332.61 975.364
threshold=9.4574712643678183 92.067816091954043 15.292928846862067 24.135632183908047 0.91597561503675362 12.116666666666669 25.203448275862073
decision_type=2 2 2 2 2 2 2
left_child=1 6 -3 5 -5 -2 -1
right_child=3 2 -4 4 -6 -7 -8
leaf_value=-0.0011247842336636804 0.053963074259289874 0.0048527209450941137 0.096720570779237583 -1.3359764628044708e-06 0.017267963900509564 -0.0040194597191810606 -0.015202944101136675
leaf_weight=808 109 106 30 3030 636 62 1259
leaf_count=808 109 106 30 3030 636 62 1259
internal_value=8.86463e-06 -0.00752902 0.0254014 0.00433726 0.00299646 0.0329868 -0.00970157
internal_weight=6040 2203 136 3837 3666 171 2067
internal_count=6040 2203 136 3837 3666 171 2067
is_linear=0
shrinkage=0.01


Tree=285
num_leaves=8
num_cat=0
split_feature=12 12 48 34 4 66 0
split_gain=1975.01 2876.9 2574.14 2040.05 1375.5 866.293 722.71
threshold=-0.12940952255126037 0.37940952255126048 22.676230364304818 88.287931034482781 13.500000000000002 8.902782647556398 26.908333333333335
decision_type=2 2 2 2 2 2 2
left_child=4 3 -3 -2 6 -6 -1
right_child=1 2 -4 -5 5 -7 -8
leaf_value=0.0047164513330126921 0.01177231263526976 0.025417441771631168 -0.0052952266560673256 0.046156288450596432 -0.0016234691512260872 0.021226447965958708 -0.014082127467056307
leaf_weight=236 784 317 1942 221 812 208 1520
leaf_count=236 784 317 1942 221 812 208 1520
internal_value=8.90138e-06 0.00528214 -0.0009805 0.0193531 -0.00619099 0.00304375 -0.0115548
internal_weight=6040 3264 2259 1005 2776 1020 1756
internal_count=6040 3264 2259 1005 2776 1020 1756
is_linear=0
shrinkage=0.01


Tree=286
num_leaves=7
num_cat=0
split_feature=86 32 69 74 36 24
split_gain=1948.88 2258.62 2160.44 1693.02 1623.24 772.696
threshold=4.739411386088662 28.842592592592595 27.288454241794451 5.2984043905425802 63.916666666666671 19.850000000000005
decision_type=2 2 2 2 2 2
left_child=3 2 -2 5 -3 -1
right_child=1 4 -4 -5 -6 -7
leaf_value=-0.017689022165109935 0.0059910915128744881 0.0095754438985530873 0.039557216316678051 0.061666952942238479 -0.01078017544223602 0.0045665630142276105
leaf_weight=910 2692 532 206 30 1482 188
leaf_count=910 2692 532 206 30 1482 188
internal_value=8.88624e-06 0.00273128 0.00838367 -0.0118416 -0.00540193 -0.0138776
internal_weight=6040 4912 2898 1128 2014 1098
internal_count=6040 4912 2898 1128 2014 1098
is_linear=0
shrinkage=0.01


Tree=287
num_leaves=7
num_cat=0
split_feature=67 12 28 36 75 76
split_gain=1931.94 2227.09 2179.77 1072.75 598.261 794.948
threshold=3.7459770114942534 -0.3794095225512602 24.991666666666671 74.890000000000015 1.0813205693270787 40.670329670329672
decision_type=2 2 2 2 2 2
left_child=4 3 -3 -2 -1 -6
right_child=1 2 -4 -5 5 -7
leaf_value=0.032085673529004294 0.0057177946283259251 0.061581909024075378 0.0068024149439041481 -0.011160442672533209 -0.0093980818513059866 -0.036251344110041245
leaf_weight=31 543 74 2931 1226 1113 122
leaf_count=31 543 74 2931 1226 1113 122
internal_value=8.87592e-06 0.00292156 0.00816158 -0.00597918 -0.0109711 -0.0120648
internal_weight=6040 4774 3005 1769 1266 1235
internal_count=6040 4774 3005 1769 1266 1235
is_linear=0
shrinkage=0.01


Tree=288
num_leaves=8
num_cat=0
split_feature=17 78 32 48 35 25 20
split_gain=1916.52 2069.47 2324.68 1093.49 697.256 477.753 421.604
threshold=36.276854925394737 12.613473963960383 23.001575694093908 22.627011494252876 74.101724137931043 29.845238095238098 27.5764367816092
decision_type=2 2 2 2 2 2 2
left_child=1 2 -1 6 -5 -3 -2
right_child=3 5 -4 4 -6 -7 -8
leaf_value=0.073670650933770579 0.090329427722900632 -0.041689534187428282 -0.00056858138356958622 0.041767884833117323 -0.00069996940861478387 -0.0023700922833213324 0.036866741282040962
leaf_weight=42 31 150 5583 61 104 39 30
leaf_count=42 31 150 5583 61 104 39 30
internal_value=8.82802e-06 -0.00110277 -7.67425e-06 0.028547 0.015076 -0.0336063 0.0645579
internal_weight=6040 5814 5625 226 165 189 61
internal_count=6040 5814 5625 226 165 189 61
is_linear=0
shrinkage=0.01


Tree=289
num_leaves=8
num_cat=0
split_feature=72 12 28 79 24 62 14
split_gain=1897.22 1820.11 2318.82 1232.77 1047.93 824.778 541.507
threshold=19.916666666666668 -0.3794095225512602 24.991666666666671 1.8816091954022991 20.048064610209327 3.1641962148759712 1.0000000180025095e-35
decision_type=2 2 2 2 2 2 2
left_child=4 3 -3 -2 6 -6 -1
right_child=1 2 -4 -5 5 -7 -8
leaf_value=-0.018689283661968106 0.016778320557157819 0.064106912505689201 0.006447025094356339 -0.0083433108630705591 -0.0030175570003225668 0.035802380133758888 -0.0015383441554378508
leaf_weight=839 224 71 2862 1504 233 71 236
leaf_count=839 224 71 2862 1504 233 71 236
internal_value=8.90223e-06 0.00305759 0.00785367 -0.0050826 -0.0102926 0.0060912 -0.014927
internal_weight=6040 4661 2933 1728 1379 304 1075
internal_count=6040 4661 2933 1728 1379 304 1075
is_linear=0
shrinkage=0.01


Tree=290
num_leaves=8
num_cat=0
split_feature=36 4 4 71 75 73 78
split_gain=1876.07 2074.22 3058.34 1990.66 1612.74 1233.14 916.261
threshold=63.350000000000009 6.5000000000000009 3.5000000000000004 6.0678160919540236 4.8166666666666673 28.700537738005035 9.6075820481706895
decision_type=2 2 2 2 2 2 2
left_child=3 2 -2 6 -5 -3 -1
right_child=1 5 -4 4 -6 -7 -8
leaf_value=0.0032305585230648971 -0.0060529556819029226 -0.0093508379990777882 0.02146781036220104 0.060195923619955634 0.016270320605509977 0.019385277997454008 -0.029808428684564736
leaf_weight=603 915 2890 722 98 558 157 97
leaf_count=603 915 2890 722 98 558 157 97
internal_value=8.88816e-06 -0.00298984 0.00608764 0.010365 0.022874 -0.00786708 -0.001365
internal_weight=6040 4684 1637 1356 656 3047 700
internal_count=6040 4684 1637 1356 656 3047 700
is_linear=0
shrinkage=0.01


Tree=291
num_leaves=7
num_cat=0
split_feature=32 8 85 78 76 34
split_gain=1881.4 3020.06 1834.73 3784.62 3770.12 1272.61
threshold=24.001830120549666 1.0000000180025095e-35 26.483709764987939 7.3819490879496712 43.981527093596064 59.583333333333343
decision_type=2 2 2 2 2 2
left_child=1 5 4 -4 -2 -1
right_child=2 -3 3 -5 -6 -7
leaf_value=0.063026724179865601 0.00015136488831414324 0.10025353267083885 0.11547366279780864 0.0097007044562229059 -0.028030428606446136 -0.0039946500992011349
leaf_weight=35 4910 46 37 347 525 140
leaf_count=35 4910 46 37 347 525 140
internal_value=8.86249e-06 0.0286139 -0.00107981 0.0200306 -0.00257312 0.00954815
internal_weight=6040 221 5819 384 5435 175
internal_count=6040 221 5819 384 5435 175
is_linear=0
shrinkage=0.01


Tree=292
num_leaves=8
num_cat=0
split_feature=45 6 63 79 67 14 71
split_gain=1868.14 2399.82 2218.41 1809.33 2922.06 2144.75 882.097
threshold=22.004524886877832 23.500000000000004 12.073333333333336 2.5591954022988515 3.8500000000000005 0.6830127018922193 11.203448275862071
decision_type=2 2 2 2 2 2 2
left_child=1 6 -3 4 -2 -5 -1
right_child=3 2 -4 5 -6 -7 -8
leaf_value=0.010994031391623341 -0.010540628728762229 0.09204864288810502 0.021275566145833098 -0.003886451599650067 0.011932452019565616 -0.028834782242422384 -0.021969332370120033
leaf_weight=341 883 66 134 2433 1676 401 106
leaf_count=341 883 66 134 2433 1676 401 106
internal_value=8.98792e-06 0.0160587 0.0448045 -0.00191772 0.00417723 -0.00742118 0.00316029
internal_weight=6040 647 200 5393 2559 2834 447
internal_count=6040 647 200 5393 2559 2834 447
is_linear=0
shrinkage=0.01


Tree=293
num_leaves=7
num_cat=0
split_feature=86 78 85 74 66 77
split_gain=1863.7 2205.41 2623.76 1665.4 1132.61 715.068
threshold=4.739411386088662 12.613473963960383 26.483709764987939 5.2984043905425802 10.291181391618872 18.609636709344397
decision_type=2 2 2 2 2 2
left_child=3 2 -2 5 -3 -1
right_child=1 4 -4 -5 -6 -7
leaf_value=-0.012205774186410674 0.0019887376410294179 -0.041361858171060549 0.030771713419736939 0.061326178394380156 0.015640569043963146 -0.060584548488495836
leaf_weight=1067 4364 163 341 30 44 31
leaf_count=1067 4364 163 341 30 44 31
internal_value=8.95593e-06 0.00267119 0.00407797 -0.0115796 -0.0292345 -0.0135991
internal_weight=6040 4912 4705 1128 207 1098
internal_count=6040 4912 4705 1128 207 1098
is_linear=0
shrinkage=0.01


Tree=294
num_leaves=8
num_cat=0
split_feature=32 71 71 73 77 71 73
split_gain=1849.85 2486.57 2858.99 2245.13 2876.75 2389.75 2088.65
threshold=25.966091954022989 9.1356321839080472 6.3045977011494259 22.76115900383142 20.831475945151613 6.3833333333333337 30.791925898279064
decision_type=2 2 2 2 2 2 2
left_child=1 2 -1 4 -2 -5 -3
right_child=3 6 -4 5 -6 -7 -8
leaf_value=0.0097147127599214109 -0.0024228000085655542 -0.032128649696752207 0.055903714937566761 0.097572060062851698 -0.0367354121812812 0.012182408983934658 0.046387799518248611
leaf_weight=453 4464 167 190 35 258 431 42
leaf_count=453 4464 167 190 35 258 431 42
internal_value=8.86276e-06 0.0136607 0.0233967 -0.00223411 -0.00430136 0.0186946 -0.0162748
internal_weight=6040 852 643 5188 4722 466 209
internal_count=6040 852 643 5188 4722 466 209
is_linear=0
shrinkage=0.01


Tree=295
num_leaves=8
num_cat=0
split_feature=36 4 4 67 77 73 36
split_gain=1837.47 2024.84 2992.83 1887.57 1627.66 1150.96 573.246
threshold=63.350000000000009 6.5000000000000009 3.5000000000000004 6.610344827586208 14.753484156877024 28.700537738005035 54.169540229885065
decision_type=2 2 2 2 2 2 2
left_child=3 2 -2 6 -5 -3 -1
right_child=1 5 -4 4 -6 -7 -8
leaf_value=0.011424395204379859 -0.0059999056153575694 -0.0092110918354930699 0.021224523369278311 0.042879874567005698 0.010524611167431286 0.018551074919057272 -0.0080705146306459426
leaf_weight=226 915 2890 722 241 438 157 451
leaf_count=226 915 2890 722 241 438 157 451
internal_value=8.89955e-06 -0.00295881 0.00600996 0.0102579 0.0220324 -0.00777764 -0.00155825
internal_weight=6040 4684 1637 1356 679 3047 677
internal_count=6040 4684 1637 1356 679 3047 677
is_linear=0
shrinkage=0.01


Tree=296
num_leaves=8
num_cat=0
split_feature=45 6 31 78 32 76 21
split_gain=1821.84 2314.34 2498.22 2204.04 2525.1 1094.97 617.231
threshold=22.004524886877832 23.500000000000004 25.966091954022989 12.430537279797374 24.001830120549666 43.981527093596064 26.161558109833976
decision_type=2 2 2 2 2 2 2
left_child=1 5 -3 4 -2 -1 -5
right_child=3 2 -4 6 -6 -7 -8
leaf_value=0.011488931225434222 0.049691571301833173 0.0016376534588409192 0.07345116322402713 -0.049257729159951705 -0.0016810328428696977 -0.026259737067038033 -0.0085218244061010702
leaf_weight=349 97 82 118 121 5121 98 54
leaf_count=349 97 82 118 121 5121 98 54
internal_value=8.87867e-06 0.0158585 0.0440876 -0.0018938 -0.000721277 0.00319173 -0.0367507
internal_weight=6040 647 200 5393 5218 447 175
internal_count=6040 647 200 5393 5218 447 175
is_linear=0
shrinkage=0.01


Tree=297
num_leaves=8
num_cat=0
split_feature=36 11 4 71 75 74 78
split_gain=1797.18 2388.25 2084.53 1890.03 1565.33 1078.35 888.433
threshold=63.350000000000009 0.91597561503675362 6.5000000000000009 6.0678160919540236 4.8166666666666673 8.7744323445853816 9.6075820481706895
decision_type=2 2 2 2 2 2 2
left_child=3 5 -3 6 -5 -2 -1
right_child=1 2 -4 4 -6 -7 -8
leaf_value=0.0032403573069679794 -0.0035012610318951309 0.025747585241713167 -0.010186113643903554 0.059102460293146565 0.015827916490065808 -0.016963846754698905 -0.029293038593347257
leaf_weight=603 3230 483 242 98 558 729 97
leaf_count=603 3230 483 242 98 558 729 97
internal_value=8.83089e-06 -0.00292617 0.0137537 0.0101448 0.0223336 -0.00598218 -0.00128482
internal_weight=6040 4684 725 1356 656 3959 700
internal_count=6040 4684 725 1356 656 3959 700
is_linear=0
shrinkage=0.01


Tree=298
num_leaves=7
num_cat=0
split_feature=86 78 73 74 66 68
split_gain=1810.03 2112.76 2692.87 1633.96 1096.33 603.716
threshold=4.739411386088662 12.613473963960383 28.700537738005035 5.2984043905425802 10.291181391618872 23.124521072796938
decision_type=2 2 2 2 2 2
left_child=3 2 -2 5 -3 -1
right_child=1 4 -4 -5 -6 -7
leaf_value=-0.012110540133128987 0.0021079122818961262 -0.040527630573018981 0.034113253434090371 0.060802493099306451 0.015553075760937809 -0.055899476953653188
leaf_weight=1066 4426 163 279 30 44 32
leaf_count=1066 4426 163 279 30 44 32
internal_value=8.77813e-06 0.0026324 0.00400931 -0.0114117 -0.0285959 -0.013412
internal_weight=6040 4912 4705 1128 207 1098
internal_count=6040 4912 4705 1128 207 1098
is_linear=0
shrinkage=0.01


Tree=299
num_leaves=8
num_cat=0
split_feature=45 78 73 78 20 85 66
split_gain=1780.1 2129.17 2170.62 1336.88 2631.9 2152.57 657.536
threshold=22.004524886877832 12.430537279797374 28.700537738005035 9.0024103999913994 13.678160919540231 24.690861310412469 10.744330188013697
decision_type=2 2 2 2 2 2 2
left_child=3 2 -2 4 -1 -5 -3
right_child=1 6 -4 5 -6 -7 -8
leaf_value=0.076711548278344935 -0.0020869378735590008 -0.045793131540890694 0.02969868853044404 -0.0084691808620924996 0.010182768681628315 0.049697007616114175 0.0026001149974238702
leaf_weight=90 4994 140 224 303 174 80 35
leaf_count=90 4994 140 224 303 174 80 35
internal_value=8.69372e-06 -0.00187207 -0.000719624 0.0156757 0.0329671 0.00372806 -0.0361318
internal_weight=6040 5393 5218 647 264 383 175
internal_count=6040 5393 5218 647 264 383 175
is_linear=0
shrinkage=0.01


end of trees

feature_importances:
Column_17=194
Column_12=154
Column_22=102
Column_76=75
Column_45=73
Column_78=67
Column_32=66
Column_85=66
Column_71=64
Column_36=63
Column_67=63
Column_59=56
Column_41=50
Column_2=45
Column_46=44
Column_6=42
Column_79=41
Column_5=39
Column_11=39
Column_69=36
Column_90=33
Column_80=32
Column_3=28
Column_93=28
Column_77=27
Column_15=26
Column_73=25
Column_4=23
Column_14=23
Column_88=23
Column_28=22
Column_53=21
Column_72=18
Column_55=17
Column_65=17
Column_39=15
Column_56=15
Column_66=15
Column_74=15
Column_24=13
Column_83=12
Column_21=11
Column_23=11
Column_68=11
Column_25=10
Column_31=10
Column_44=10
Column_48=10
Column_54=10
Column_75=10
Column_63=9
Column_92=9
Column_8=8
Column_13=8
Column_42=8
Column_57=8
Column_7=7
Column_35=7
Column_40=6
Column_86=6
Column_30=5
Column_84=5
Column_0=4
Column_10=4
Column_16=4
Column_20=4
Column_47=4
Column_62=4
Column_27=3
Column_29=3
Column_61=3
Column_81=3
Column_1=2
Column_9=2
Column_33=2
Column_34=2
Column_37=2
Column_38=2
Column_43=2
Column_49=2
Column_82=2
Column_18=1
Column_51=1
Column_52=1
Column_70=1
Column_87=1

parameters:
[boosting: gbdt]
[objective: regression]
[metric: l2]
[tree_learner: serial]
[device_type: cpu]
[data_sample_strategy: bagging]
[data: ]
[valid: ]
[num_iterations: 300]
[learning_rate: 0.01]
[num_leaves: 64]
[num_threads: 10]
[seed: 0]
[deterministic: 0]
[force_col_wise: 0]
[force_row_wise: 0]
[histogram_pool_size: -1]
[max_depth: 3]
[min_data_in_leaf: 30]
[min_sum_hessian_in_leaf: 0.001]
[bagging_fraction: 0.8]
[pos_bagging_fraction: 1]
[neg_bagging_fraction: 1]
[bagging_freq: 0]
[bagging_seed: 3]
[bagging_by_query: 0]
[feature_fraction: 0.6]
[feature_fraction_bynode: 1]
[feature_fraction_seed: 2]
[extra_trees: 0]
[extra_seed: 6]
[early_stopping_round: 0]
[early_stopping_min_delta: 0]
[first_metric_only: 0]
[max_delta_step: 0]
[lambda_l1: 0.05]
[lambda_l2: 0.5]
[linear_lambda: 0]
[min_gain_to_split: 0]
[drop_rate: 0.1]
[max_drop: 50]
[skip_drop: 0.5]
[xgboost_dart_mode: 0]
[uniform_drop: 0]
[drop_seed: 4]
[top_rate: 0.2]
[other_rate: 0.1]
[min_data_per_group: 100]
[max_cat_threshold: 32]
[cat_l2: 10]
[cat_smooth: 10]
[max_cat_to_onehot: 4]
[top_k: 20]
[monotone_constraints: ]
[monotone_constraints_method: basic]
[monotone_penalty: 0]
[feature_contri: ]
[forcedsplits_filename: ]
[refit_decay_rate: 0.9]
[cegb_tradeoff: 1]
[cegb_penalty_split: 0]
[cegb_penalty_feature_lazy: ]
[cegb_penalty_feature_coupled: ]
[path_smooth: 0]
[interaction_constraints: ]
[verbosity: -1]
[saved_feature_importance_type: 0]
[use_quantized_grad: 0]
[num_grad_quant_bins: 4]
[quant_train_renew_leaf: 0]
[stochastic_rounding: 1]
[linear_tree: 0]
[max_bin: 255]
[max_bin_by_feature: ]
[min_data_in_bin: 3]
[bin_construct_sample_cnt: 200000]
[data_random_seed: 1]
[is_enable_sparse: 1]
[enable_bundle: 1]
[use_missing: 1]
[zero_as_missing: 0]
[feature_pre_filter: 1]
[pre_partition: 0]
[two_round: 0]
[header: 0]
[label_column: ]
[weight_column: ]
[group_column: ]
[ignore_column: ]
[categorical_feature: ]
[forcedbins_filename: ]
[precise_float_parser: 0]
[parser_config_file: ]
[objective_seed: 5]
[num_class: 1]
[is_unbalance: 0]
[scale_pos_weight: 1]
[sigmoid: 1]
[boost_from_average: 1]
[reg_sqrt: 0]
[alpha: 0.9]
[fair_c: 1]
[poisson_max_delta_step: 0.7]
[tweedie_variance_power: 1.5]
[lambdarank_truncation_level: 30]
[lambdarank_norm: 1]
[label_gain: ]
[lambdarank_position_bias_regularization: 0]
[eval_at: ]
[multi_error_top_k: 1]
[auc_mu_weights: ]
[num_machines: 1]
[local_listen_port: 12400]
[time_out: 120]
[machine_list_filename: ]
[machines: ]
[gpu_platform_id: -1]
[gpu_device_id: -1]
[gpu_use_dp: 0]
[num_gpu: 1]

end of parameters

pandas_categorical:null
